solid Default
  facet normal 0.000000e+00 0.000000e+00 1.000000e+00
    outer loop
      vertex -1.245000e+01 1.245000e+01 3.178500e+01
      vertex -7.809954e+00 1.364529e+01 3.178500e+01
      vertex -1.245000e+01 1.302000e+01 3.178500e+01
    endloop
  endfacet
  facet normal 0.000000e+00 0.000000e+00 9.999999e-01
    outer loop
      vertex -7.809954e+00 1.364529e+01 3.178500e+01
      vertex -1.245000e+01 1.476000e+01 3.178500e+01
      vertex -1.245000e+01 1.302000e+01 3.178500e+01
    endloop
  endfacet
  facet normal 0.000000e+00 0.000000e+00 1.000000e+00
    outer loop
      vertex 1.245000e+01 1.500000e+01 3.178500e+01
      vertex 7.809952e+00 1.364529e+01 3.178500e+01
      vertex 1.245000e+01 1.476000e+01 3.178500e+01
    endloop
  endfacet
  facet normal 0.000000e+00 0.000000e+00 9.999999e-01
    outer loop
      vertex 7.809952e+00 1.364529e+01 3.178500e+01
      vertex 1.245000e+01 1.302000e+01 3.178500e+01
      vertex 1.245000e+01 1.476000e+01 3.178500e+01
    endloop
  endfacet
  facet normal 0.000000e+00 0.000000e+00 1.000000e+00
    outer loop
      vertex 7.809952e+00 -1.364529e+01 3.178500e+01
      vertex 1.245000e+01 -1.302000e+01 3.178500e+01
      vertex 1.245000e+01 -1.245000e+01 3.178500e+01
    endloop
  endfacet
  facet normal 0.000000e+00 0.000000e+00 1.000000e+00
    outer loop
      vertex -7.809954e+00 -1.364529e+01 3.178500e+01
      vertex -1.245000e+01 -1.302000e+01 3.178500e+01
      vertex -1.245000e+01 -1.476000e+01 3.178500e+01
    endloop
  endfacet
  facet normal 0.000000e+00 0.000000e+00 1.000000e+00
    outer loop
      vertex -1.245000e+01 -1.302000e+01 3.178500e+01
      vertex -7.809954e+00 -1.364529e+01 3.178500e+01
      vertex -1.245000e+01 -1.245000e+01 3.178500e+01
    endloop
  endfacet
  facet normal 0.000000e+00 0.000000e+00 1.000000e+00
    outer loop
      vertex 1.245000e+01 -1.518000e+01 3.178500e+01
      vertex 1.245000e+01 -1.500000e+01 3.178500e+01
      vertex -1.245000e+01 -1.518000e+01 3.178500e+01
    endloop
  endfacet
  facet normal 0.000000e+00 0.000000e+00 1.000000e+00
    outer loop
      vertex 1.245000e+01 -1.476000e+01 3.178500e+01
      vertex 1.245000e+01 -1.302000e+01 3.178500e+01
      vertex 7.809952e+00 -1.364529e+01 3.178500e+01
    endloop
  endfacet
  facet normal 0.000000e+00 0.000000e+00 1.000000e+00
    outer loop
      vertex 1.245000e+01 1.245000e+01 3.178500e+01
      vertex 1.245000e+01 1.302000e+01 3.178500e+01
      vertex 7.809952e+00 1.364529e+01 3.178500e+01
    endloop
  endfacet
  facet normal 0.000000e+00 0.000000e+00 1.000000e+00
    outer loop
      vertex 1.518000e+01 -1.245000e+01 3.178500e+01
      vertex 1.518000e+01 1.245000e+01 3.178500e+01
      vertex 1.303250e+01 8.422749e+00 3.178500e+01
    endloop
  endfacet
  facet normal 0.000000e+00 0.000000e+00 1.000000e+00
    outer loop
      vertex 1.518000e+01 -1.245000e+01 3.178500e+01
      vertex 1.303250e+01 8.422749e+00 3.178500e+01
      vertex 1.303250e+01 4.864080e-01 3.178500e+01
    endloop
  endfacet
  facet normal 0.000000e+00 0.000000e+00 1.000000e+00
    outer loop
      vertex 1.518000e+01 -1.245000e+01 3.178500e+01
      vertex 1.303250e+01 4.864080e-01 3.178500e+01
      vertex 1.303250e+01 -4.864085e-01 3.178500e+01
    endloop
  endfacet
  facet normal 0.000000e+00 0.000000e+00 1.000000e+00
    outer loop
      vertex 1.518000e+01 -1.245000e+01 3.178500e+01
      vertex 1.303250e+01 -4.864085e-01 3.178500e+01
      vertex 1.303250e+01 -8.422749e+00 3.178500e+01
    endloop
  endfacet
  facet normal 0.000000e+00 0.000000e+00 1.000000e+00
    outer loop
      vertex -1.518000e+01 -1.245000e+01 3.178500e+01
      vertex -1.303249e+01 -8.422749e+00 3.178500e+01
      vertex -1.303249e+01 -4.864085e-01 3.178500e+01
    endloop
  endfacet
  facet normal 0.000000e+00 0.000000e+00 1.000000e+00
    outer loop
      vertex -1.518000e+01 -1.245000e+01 3.178500e+01
      vertex -1.303249e+01 -4.864085e-01 3.178500e+01
      vertex -1.303249e+01 4.864080e-01 3.178500e+01
    endloop
  endfacet
  facet normal 0.000000e+00 0.000000e+00 1.000000e+00
    outer loop
      vertex -1.518000e+01 -1.245000e+01 3.178500e+01
      vertex -1.303249e+01 4.864080e-01 3.178500e+01
      vertex -1.303249e+01 8.422749e+00 3.178500e+01
    endloop
  endfacet
  facet normal 0.000000e+00 0.000000e+00 1.000000e+00
    outer loop
      vertex -1.518000e+01 -1.245000e+01 3.178500e+01
      vertex -1.303249e+01 8.422749e+00 3.178500e+01
      vertex -1.518000e+01 1.245000e+01 3.178500e+01
    endloop
  endfacet
  facet normal 0.000000e+00 0.000000e+00 1.000000e+00
    outer loop
      vertex -1.303249e+01 -8.422749e+00 3.178500e+01
      vertex -1.518000e+01 -1.245000e+01 3.178500e+01
      vertex -1.500000e+01 -1.245000e+01 3.178500e+01
    endloop
  endfacet
  facet normal 0.000000e+00 0.000000e+00 1.000000e+00
    outer loop
      vertex -1.303249e+01 -8.422749e+00 3.178500e+01
      vertex -1.500000e+01 -1.245000e+01 3.178500e+01
      vertex -1.476000e+01 -1.245000e+01 3.178500e+01
    endloop
  endfacet
  facet normal 0.000000e+00 0.000000e+00 1.000000e+00
    outer loop
      vertex -1.303249e+01 -8.422749e+00 3.178500e+01
      vertex -1.476000e+01 -1.245000e+01 3.178500e+01
      vertex -1.245000e+01 -1.245000e+01 3.178500e+01
    endloop
  endfacet
  facet normal 0.000000e+00 0.000000e+00 1.000000e+00
    outer loop
      vertex -1.303249e+01 -8.422749e+00 3.178500e+01
      vertex -1.245000e+01 -1.245000e+01 3.178500e+01
      vertex -7.809954e+00 -1.364529e+01 3.178500e+01
    endloop
  endfacet
  facet normal 0.000000e+00 0.000000e+00 1.000000e+00
    outer loop
      vertex -1.303249e+01 8.422749e+00 3.178500e+01
      vertex -7.809954e+00 1.364529e+01 3.178500e+01
      vertex -1.245000e+01 1.245000e+01 3.178500e+01
    endloop
  endfacet
  facet normal 0.000000e+00 0.000000e+00 1.000000e+00
    outer loop
      vertex -1.303249e+01 8.422749e+00 3.178500e+01
      vertex -1.245000e+01 1.245000e+01 3.178500e+01
      vertex -1.476000e+01 1.245000e+01 3.178500e+01
    endloop
  endfacet
  facet normal 0.000000e+00 0.000000e+00 9.999999e-01
    outer loop
      vertex -1.303249e+01 8.422749e+00 3.178500e+01
      vertex -1.476000e+01 1.245000e+01 3.178500e+01
      vertex -1.500000e+01 1.245000e+01 3.178500e+01
    endloop
  endfacet
  facet normal 0.000000e+00 0.000000e+00 1.000000e+00
    outer loop
      vertex -1.303249e+01 8.422749e+00 3.178500e+01
      vertex -1.500000e+01 1.245000e+01 3.178500e+01
      vertex -1.518000e+01 1.245000e+01 3.178500e+01
    endloop
  endfacet
  facet normal 0.000000e+00 0.000000e+00 1.000000e+00
    outer loop
      vertex 1.303250e+01 -8.422749e+00 3.178500e+01
      vertex 7.809952e+00 -1.364529e+01 3.178500e+01
      vertex 1.245000e+01 -1.245000e+01 3.178500e+01
    endloop
  endfacet
  facet normal 0.000000e+00 0.000000e+00 1.000000e+00
    outer loop
      vertex 1.303250e+01 -8.422749e+00 3.178500e+01
      vertex 1.245000e+01 -1.245000e+01 3.178500e+01
      vertex 1.476000e+01 -1.245000e+01 3.178500e+01
    endloop
  endfacet
  facet normal 0.000000e+00 0.000000e+00 1.000000e+00
    outer loop
      vertex 1.303250e+01 -8.422749e+00 3.178500e+01
      vertex 1.476000e+01 -1.245000e+01 3.178500e+01
      vertex 1.500000e+01 -1.245000e+01 3.178500e+01
    endloop
  endfacet
  facet normal 0.000000e+00 0.000000e+00 1.000000e+00
    outer loop
      vertex 1.303250e+01 -8.422749e+00 3.178500e+01
      vertex 1.500000e+01 -1.245000e+01 3.178500e+01
      vertex 1.518000e+01 -1.245000e+01 3.178500e+01
    endloop
  endfacet
  facet normal 0.000000e+00 0.000000e+00 1.000000e+00
    outer loop
      vertex 1.303250e+01 8.422749e+00 3.178500e+01
      vertex 1.518000e+01 1.245000e+01 3.178500e+01
      vertex 1.500000e+01 1.245000e+01 3.178500e+01
    endloop
  endfacet
  facet normal 0.000000e+00 0.000000e+00 1.000000e+00
    outer loop
      vertex 1.303250e+01 8.422749e+00 3.178500e+01
      vertex 1.500000e+01 1.245000e+01 3.178500e+01
      vertex 1.476000e+01 1.245000e+01 3.178500e+01
    endloop
  endfacet
  facet normal 0.000000e+00 0.000000e+00 9.999999e-01
    outer loop
      vertex 1.303250e+01 8.422749e+00 3.178500e+01
      vertex 1.476000e+01 1.245000e+01 3.178500e+01
      vertex 1.245000e+01 1.245000e+01 3.178500e+01
    endloop
  endfacet
  facet normal 0.000000e+00 0.000000e+00 9.999999e-01
    outer loop
      vertex 1.303250e+01 8.422749e+00 3.178500e+01
      vertex 1.245000e+01 1.245000e+01 3.178500e+01
      vertex 7.809952e+00 1.364529e+01 3.178500e+01
    endloop
  endfacet
  facet normal 0.000000e+00 0.000000e+00 1.000000e+00
    outer loop
      vertex -1.303249e+01 4.864080e-01 3.178500e+01
      vertex -1.303249e+01 -4.864085e-01 3.178500e+01
      vertex 1.303250e+01 4.864080e-01 3.178500e+01
    endloop
  endfacet
  facet normal 0.000000e+00 0.000000e+00 9.999999e-01
    outer loop
      vertex 1.303250e+01 4.864080e-01 3.178500e+01
      vertex -1.303249e+01 -4.864085e-01 3.178500e+01
      vertex 1.303250e+01 -4.864085e-01 3.178500e+01
    endloop
  endfacet
  facet normal 0.000000e+00 0.000000e+00 1.000000e+00
    outer loop
      vertex -1.245000e+01 1.476000e+01 3.178500e+01
      vertex -7.809954e+00 1.364529e+01 3.178500e+01
      vertex -1.245000e+01 1.500000e+01 3.178500e+01
    endloop
  endfacet
  facet normal 0.000000e+00 0.000000e+00 9.999999e-01
    outer loop
      vertex -1.245000e+01 1.500000e+01 3.178500e+01
      vertex -7.809954e+00 1.364529e+01 3.178500e+01
      vertex 7.809952e+00 1.364529e+01 3.178500e+01
    endloop
  endfacet
  facet normal 0.000000e+00 0.000000e+00 9.999999e-01
    outer loop
      vertex -1.245000e+01 1.500000e+01 3.178500e+01
      vertex 7.809952e+00 1.364529e+01 3.178500e+01
      vertex -1.245000e+01 1.518000e+01 3.178500e+01
    endloop
  endfacet
  facet normal 0.000000e+00 0.000000e+00 1.000000e+00
    outer loop
      vertex -1.245000e+01 1.518000e+01 3.178500e+01
      vertex 7.809952e+00 1.364529e+01 3.178500e+01
      vertex 1.245000e+01 1.500000e+01 3.178500e+01
    endloop
  endfacet
  facet normal 0.000000e+00 0.000000e+00 1.000000e+00
    outer loop
      vertex -1.245000e+01 1.518000e+01 3.178500e+01
      vertex 1.245000e+01 1.500000e+01 3.178500e+01
      vertex 1.245000e+01 1.518000e+01 3.178500e+01
    endloop
  endfacet
  facet normal 0.000000e+00 0.000000e+00 1.000000e+00
    outer loop
      vertex -1.245000e+01 -1.476000e+01 3.178500e+01
      vertex -1.245000e+01 -1.500000e+01 3.178500e+01
      vertex -7.809954e+00 -1.364529e+01 3.178500e+01
    endloop
  endfacet
  facet normal 0.000000e+00 0.000000e+00 1.000000e+00
    outer loop
      vertex -7.809954e+00 -1.364529e+01 3.178500e+01
      vertex -1.245000e+01 -1.500000e+01 3.178500e+01
      vertex -1.245000e+01 -1.518000e+01 3.178500e+01
    endloop
  endfacet
  facet normal 0.000000e+00 0.000000e+00 1.000000e+00
    outer loop
      vertex -7.809954e+00 -1.364529e+01 3.178500e+01
      vertex -1.245000e+01 -1.518000e+01 3.178500e+01
      vertex 7.809952e+00 -1.364529e+01 3.178500e+01
    endloop
  endfacet
  facet normal 0.000000e+00 0.000000e+00 9.999999e-01
    outer loop
      vertex 7.809952e+00 -1.364529e+01 3.178500e+01
      vertex -1.245000e+01 -1.518000e+01 3.178500e+01
      vertex 1.245000e+01 -1.500000e+01 3.178500e+01
    endloop
  endfacet
  facet normal 0.000000e+00 0.000000e+00 1.000000e+00
    outer loop
      vertex 7.809952e+00 -1.364529e+01 3.178500e+01
      vertex 1.245000e+01 -1.500000e+01 3.178500e+01
      vertex 1.245000e+01 -1.476000e+01 3.178500e+01
    endloop
  endfacet
  facet normal 0.000000e+00 1.000000e+00 0.000000e+00
    outer loop
      vertex 7.809952e+00 -1.364529e+01 3.163500e+01
      vertex -7.809954e+00 -1.364529e+01 3.163500e+01
      vertex 7.809952e+00 -1.364529e+01 3.178500e+01
    endloop
  endfacet
  facet normal 0.000000e+00 1.000000e+00 0.000000e+00
    outer loop
      vertex 7.809952e+00 -1.364529e+01 3.178500e+01
      vertex -7.809954e+00 -1.364529e+01 3.163500e+01
      vertex -7.809954e+00 -1.364529e+01 3.178500e+01
    endloop
  endfacet
  facet normal 7.071067e-01 7.071069e-01 0.000000e+00
    outer loop
      vertex -7.809954e+00 -1.364529e+01 3.163500e+01
      vertex -1.303249e+01 -8.422749e+00 3.163500e+01
      vertex -7.809954e+00 -1.364529e+01 3.178500e+01
    endloop
  endfacet
  facet normal 7.071067e-01 7.071069e-01 0.000000e+00
    outer loop
      vertex -7.809954e+00 -1.364529e+01 3.178500e+01
      vertex -1.303249e+01 -8.422749e+00 3.163500e+01
      vertex -1.303249e+01 -8.422749e+00 3.178500e+01
    endloop
  endfacet
  facet normal 1.000000e+00 0.000000e+00 0.000000e+00
    outer loop
      vertex -1.303249e+01 -4.864085e-01 3.163500e+01
      vertex -1.303249e+01 -4.864085e-01 3.178500e+01
      vertex -1.303249e+01 -8.422749e+00 3.163500e+01
    endloop
  endfacet
  facet normal 1.000000e+00 0.000000e+00 0.000000e+00
    outer loop
      vertex -1.303249e+01 -8.422749e+00 3.163500e+01
      vertex -1.303249e+01 -4.864085e-01 3.178500e+01
      vertex -1.303249e+01 -8.422749e+00 3.178500e+01
    endloop
  endfacet
  facet normal -4.390599e-08 -1.000000e+00 -7.629395e-06
    outer loop
      vertex -1.303249e+01 -4.864085e-01 3.163500e+01
      vertex 1.303250e+01 -4.864085e-01 3.163500e+01
      vertex -1.303249e+01 -4.864085e-01 3.178500e+01
    endloop
  endfacet
  facet normal 4.390599e-08 -1.000000e+00 7.629395e-06
    outer loop
      vertex -1.303249e+01 -4.864085e-01 3.178500e+01
      vertex 1.303250e+01 -4.864085e-01 3.163500e+01
      vertex 1.303250e+01 -4.864085e-01 3.178500e+01
    endloop
  endfacet
  facet normal -1.000000e+00 0.000000e+00 0.000000e+00
    outer loop
      vertex 1.303250e+01 -4.864085e-01 3.163500e+01
      vertex 1.303250e+01 -8.422749e+00 3.163500e+01
      vertex 1.303250e+01 -4.864085e-01 3.178500e+01
    endloop
  endfacet
  facet normal -1.000000e+00 0.000000e+00 0.000000e+00
    outer loop
      vertex 1.303250e+01 -4.864085e-01 3.178500e+01
      vertex 1.303250e+01 -8.422749e+00 3.163500e+01
      vertex 1.303250e+01 -8.422749e+00 3.178500e+01
    endloop
  endfacet
  facet normal -7.071066e-01 7.071069e-01 0.000000e+00
    outer loop
      vertex 7.809952e+00 -1.364529e+01 3.163500e+01
      vertex 7.809952e+00 -1.364529e+01 3.178500e+01
      vertex 1.303250e+01 -8.422749e+00 3.163500e+01
    endloop
  endfacet
  facet normal -7.071066e-01 7.071069e-01 0.000000e+00
    outer loop
      vertex 1.303250e+01 -8.422749e+00 3.163500e+01
      vertex 7.809952e+00 -1.364529e+01 3.178500e+01
      vertex 1.303250e+01 -8.422749e+00 3.178500e+01
    endloop
  endfacet
  facet normal -7.071066e-01 -7.071069e-01 0.000000e+00
    outer loop
      vertex 7.809952e+00 1.364529e+01 3.163500e+01
      vertex 1.303250e+01 8.422749e+00 3.163500e+01
      vertex 7.809952e+00 1.364529e+01 3.178500e+01
    endloop
  endfacet
  facet normal -7.071066e-01 -7.071069e-01 0.000000e+00
    outer loop
      vertex 7.809952e+00 1.364529e+01 3.178500e+01
      vertex 1.303250e+01 8.422749e+00 3.163500e+01
      vertex 1.303250e+01 8.422749e+00 3.178500e+01
    endloop
  endfacet
  facet normal -1.000000e+00 0.000000e+00 0.000000e+00
    outer loop
      vertex 1.303250e+01 8.422749e+00 3.163500e+01
      vertex 1.303250e+01 4.864080e-01 3.163500e+01
      vertex 1.303250e+01 8.422749e+00 3.178500e+01
    endloop
  endfacet
  facet normal -1.000000e+00 0.000000e+00 0.000000e+00
    outer loop
      vertex 1.303250e+01 8.422749e+00 3.178500e+01
      vertex 1.303250e+01 4.864080e-01 3.163500e+01
      vertex 1.303250e+01 4.864080e-01 3.178500e+01
    endloop
  endfacet
  facet normal 0.000000e+00 1.000000e+00 0.000000e+00
    outer loop
      vertex -1.303249e+01 4.864080e-01 3.163500e+01
      vertex -1.303249e+01 4.864080e-01 3.178500e+01
      vertex 1.303250e+01 4.864080e-01 3.163500e+01
    endloop
  endfacet
  facet normal 0.000000e+00 1.000000e+00 0.000000e+00
    outer loop
      vertex 1.303250e+01 4.864080e-01 3.163500e+01
      vertex -1.303249e+01 4.864080e-01 3.178500e+01
      vertex 1.303250e+01 4.864080e-01 3.178500e+01
    endloop
  endfacet
  facet normal 1.000000e+00 0.000000e+00 0.000000e+00
    outer loop
      vertex -1.303249e+01 8.422749e+00 3.163500e+01
      vertex -1.303249e+01 8.422749e+00 3.178500e+01
      vertex -1.303249e+01 4.864080e-01 3.163500e+01
    endloop
  endfacet
  facet normal 1.000000e+00 0.000000e+00 0.000000e+00
    outer loop
      vertex -1.303249e+01 4.864080e-01 3.163500e+01
      vertex -1.303249e+01 8.422749e+00 3.178500e+01
      vertex -1.303249e+01 4.864080e-01 3.178500e+01
    endloop
  endfacet
  facet normal 7.071068e-01 -7.071068e-01 0.000000e+00
    outer loop
      vertex -7.809954e+00 1.364529e+01 3.163500e+01
      vertex -7.809954e+00 1.364529e+01 3.178500e+01
      vertex -1.303249e+01 8.422749e+00 3.163500e+01
    endloop
  endfacet
  facet normal 7.071068e-01 -7.071068e-01 0.000000e+00
    outer loop
      vertex -1.303249e+01 8.422749e+00 3.163500e+01
      vertex -7.809954e+00 1.364529e+01 3.178500e+01
      vertex -1.303249e+01 8.422749e+00 3.178500e+01
    endloop
  endfacet
  facet normal 0.000000e+00 -1.000000e+00 0.000000e+00
    outer loop
      vertex 7.809952e+00 1.364529e+01 3.163500e+01
      vertex 7.809952e+00 1.364529e+01 3.178500e+01
      vertex -7.809954e+00 1.364529e+01 3.163500e+01
    endloop
  endfacet
  facet normal 0.000000e+00 -1.000000e+00 0.000000e+00
    outer loop
      vertex -7.809954e+00 1.364529e+01 3.163500e+01
      vertex 7.809952e+00 1.364529e+01 3.178500e+01
      vertex -7.809954e+00 1.364529e+01 3.178500e+01
    endloop
  endfacet
  facet normal 0.000000e+00 0.000000e+00 1.000000e+00
    outer loop
      vertex 1.303250e+01 -4.864085e-01 3.163500e+01
      vertex -1.303249e+01 -4.864085e-01 3.163500e+01
      vertex 1.303250e+01 -8.422749e+00 3.163500e+01
    endloop
  endfacet
  facet normal 0.000000e+00 0.000000e+00 1.000000e+00
    outer loop
      vertex 1.303250e+01 -8.422749e+00 3.163500e+01
      vertex -1.303249e+01 -4.864085e-01 3.163500e+01
      vertex -1.303249e+01 -8.422749e+00 3.163500e+01
    endloop
  endfacet
  facet normal 0.000000e+00 0.000000e+00 1.000000e+00
    outer loop
      vertex 1.303250e+01 -8.422749e+00 3.163500e+01
      vertex -1.303249e+01 -8.422749e+00 3.163500e+01
      vertex 7.809952e+00 -1.364529e+01 3.163500e+01
    endloop
  endfacet
  facet normal 0.000000e+00 0.000000e+00 1.000000e+00
    outer loop
      vertex 7.809952e+00 -1.364529e+01 3.163500e+01
      vertex -1.303249e+01 -8.422749e+00 3.163500e+01
      vertex -7.809954e+00 -1.364529e+01 3.163500e+01
    endloop
  endfacet
  facet normal 0.000000e+00 0.000000e+00 1.000000e+00
    outer loop
      vertex 7.809952e+00 1.364529e+01 3.163500e+01
      vertex -7.809954e+00 1.364529e+01 3.163500e+01
      vertex 1.303250e+01 8.422749e+00 3.163500e+01
    endloop
  endfacet
  facet normal 0.000000e+00 0.000000e+00 1.000000e+00
    outer loop
      vertex 1.303250e+01 8.422749e+00 3.163500e+01
      vertex -7.809954e+00 1.364529e+01 3.163500e+01
      vertex -1.303249e+01 8.422749e+00 3.163500e+01
    endloop
  endfacet
  facet normal 0.000000e+00 0.000000e+00 1.000000e+00
    outer loop
      vertex 1.303250e+01 8.422749e+00 3.163500e+01
      vertex -1.303249e+01 8.422749e+00 3.163500e+01
      vertex 1.303250e+01 4.864080e-01 3.163500e+01
    endloop
  endfacet
  facet normal 0.000000e+00 0.000000e+00 1.000000e+00
    outer loop
      vertex 1.303250e+01 4.864080e-01 3.163500e+01
      vertex -1.303249e+01 8.422749e+00 3.163500e+01
      vertex -1.303249e+01 4.864080e-01 3.163500e+01
    endloop
  endfacet
  facet normal 0.000000e+00 0.000000e+00 -9.999999e-01
    outer loop
      vertex -6.231027e+00 4.239258e+00 2.265000e+00
      vertex -6.089523e+00 4.240551e+00 2.265000e+00
      vertex 1.245000e+01 -1.518000e+01 2.265000e+00
    endloop
  endfacet
  facet normal 0.000000e+00 0.000000e+00 -1.000000e+00
    outer loop
      vertex -6.231027e+00 4.239258e+00 2.265000e+00
      vertex 1.245000e+01 -1.518000e+01 2.265000e+00
      vertex -1.245000e+01 -1.518000e+01 2.265000e+00
    endloop
  endfacet
  facet normal 0.000000e+00 0.000000e+00 -1.000000e+00
    outer loop
      vertex -6.231027e+00 4.239258e+00 2.265000e+00
      vertex -1.245000e+01 -1.518000e+01 2.265000e+00
      vertex -1.245000e+01 -1.500000e+01 2.265000e+00
    endloop
  endfacet
  facet normal 0.000000e+00 0.000000e+00 -9.999999e-01
    outer loop
      vertex -6.231027e+00 4.239258e+00 2.265000e+00
      vertex -1.245000e+01 -1.500000e+01 2.265000e+00
      vertex -1.245000e+01 -1.476000e+01 2.265000e+00
    endloop
  endfacet
  facet normal 0.000000e+00 0.000000e+00 -1.000000e+00
    outer loop
      vertex -6.231027e+00 4.239258e+00 2.265000e+00
      vertex -1.245000e+01 -1.476000e+01 2.265000e+00
      vertex -1.245000e+01 -1.302000e+01 2.265000e+00
    endloop
  endfacet
  facet normal 0.000000e+00 0.000000e+00 -1.000000e+00
    outer loop
      vertex -6.231027e+00 4.239258e+00 2.265000e+00
      vertex -1.245000e+01 -1.302000e+01 2.265000e+00
      vertex -1.245000e+01 -1.245000e+01 2.265000e+00
    endloop
  endfacet
  facet normal 0.000000e+00 0.000000e+00 -1.000000e+00
    outer loop
      vertex -6.231027e+00 4.239258e+00 2.265000e+00
      vertex -1.245000e+01 -1.245000e+01 2.265000e+00
      vertex -1.476000e+01 -1.245000e+01 2.265000e+00
    endloop
  endfacet
  facet normal 0.000000e+00 0.000000e+00 -1.000000e+00
    outer loop
      vertex -6.231027e+00 4.239258e+00 2.265000e+00
      vertex -1.476000e+01 -1.245000e+01 2.265000e+00
      vertex -1.500000e+01 -1.245000e+01 2.265000e+00
    endloop
  endfacet
  facet normal 0.000000e+00 0.000000e+00 -1.000000e+00
    outer loop
      vertex -6.231027e+00 4.239258e+00 2.265000e+00
      vertex -1.500000e+01 -1.245000e+01 2.265000e+00
      vertex -1.518000e+01 -1.245000e+01 2.265000e+00
    endloop
  endfacet
  facet normal 0.000000e+00 0.000000e+00 -1.000000e+00
    outer loop
      vertex -6.089523e+00 4.240551e+00 2.265000e+00
      vertex 1.518000e+01 -1.245000e+01 2.265000e+00
      vertex 1.500000e+01 -1.245000e+01 2.265000e+00
    endloop
  endfacet
  facet normal 0.000000e+00 0.000000e+00 -1.000000e+00
    outer loop
      vertex -6.089523e+00 4.240551e+00 2.265000e+00
      vertex 1.500000e+01 -1.245000e+01 2.265000e+00
      vertex 1.476000e+01 -1.245000e+01 2.265000e+00
    endloop
  endfacet
  facet normal 0.000000e+00 0.000000e+00 -1.000000e+00
    outer loop
      vertex -6.089523e+00 4.240551e+00 2.265000e+00
      vertex 1.476000e+01 -1.245000e+01 2.265000e+00
      vertex 1.245000e+01 -1.245000e+01 2.265000e+00
    endloop
  endfacet
  facet normal -0.000000e+00 -0.000000e+00 -1.000000e+00
    outer loop
      vertex -6.089523e+00 4.240551e+00 2.265000e+00
      vertex 1.245000e+01 -1.245000e+01 2.265000e+00
      vertex 1.245000e+01 -1.302000e+01 2.265000e+00
    endloop
  endfacet
  facet normal -0.000000e+00 -0.000000e+00 -1.000000e+00
    outer loop
      vertex -6.089523e+00 4.240551e+00 2.265000e+00
      vertex 1.245000e+01 -1.302000e+01 2.265000e+00
      vertex 1.245000e+01 -1.476000e+01 2.265000e+00
    endloop
  endfacet
  facet normal -0.000000e+00 -0.000000e+00 -1.000000e+00
    outer loop
      vertex -6.089523e+00 4.240551e+00 2.265000e+00
      vertex 1.245000e+01 -1.476000e+01 2.265000e+00
      vertex 1.245000e+01 -1.500000e+01 2.265000e+00
    endloop
  endfacet
  facet normal -0.000000e+00 -0.000000e+00 -1.000000e+00
    outer loop
      vertex -6.089523e+00 4.240551e+00 2.265000e+00
      vertex 1.245000e+01 -1.500000e+01 2.265000e+00
      vertex 1.245000e+01 -1.518000e+01 2.265000e+00
    endloop
  endfacet
  facet normal 0.000000e+00 0.000000e+00 -9.999999e-01
    outer loop
      vertex -6.270477e+00 8.561787e+00 2.265000e+00
      vertex -1.518000e+01 1.245000e+01 2.265000e+00
      vertex -1.500000e+01 1.245000e+01 2.265000e+00
    endloop
  endfacet
  facet normal 0.000000e+00 0.000000e+00 -1.000000e+00
    outer loop
      vertex -6.270477e+00 8.561787e+00 2.265000e+00
      vertex -1.500000e+01 1.245000e+01 2.265000e+00
      vertex -1.476000e+01 1.245000e+01 2.265000e+00
    endloop
  endfacet
  facet normal 0.000000e+00 0.000000e+00 -1.000000e+00
    outer loop
      vertex -6.270477e+00 8.561787e+00 2.265000e+00
      vertex -1.476000e+01 1.245000e+01 2.265000e+00
      vertex -1.245000e+01 1.245000e+01 2.265000e+00
    endloop
  endfacet
  facet normal 0.000000e+00 0.000000e+00 -1.000000e+00
    outer loop
      vertex -6.270477e+00 8.561787e+00 2.265000e+00
      vertex -1.245000e+01 1.245000e+01 2.265000e+00
      vertex -1.245000e+01 1.302000e+01 2.265000e+00
    endloop
  endfacet
  facet normal 0.000000e+00 0.000000e+00 -9.999999e-01
    outer loop
      vertex -6.270477e+00 8.561787e+00 2.265000e+00
      vertex -1.245000e+01 1.302000e+01 2.265000e+00
      vertex -1.245000e+01 1.476000e+01 2.265000e+00
    endloop
  endfacet
  facet normal 0.000000e+00 0.000000e+00 -1.000000e+00
    outer loop
      vertex -6.270477e+00 8.561787e+00 2.265000e+00
      vertex -1.245000e+01 1.476000e+01 2.265000e+00
      vertex -1.245000e+01 1.500000e+01 2.265000e+00
    endloop
  endfacet
  facet normal 0.000000e+00 0.000000e+00 -1.000000e+00
    outer loop
      vertex -6.270477e+00 8.561787e+00 2.265000e+00
      vertex -1.245000e+01 1.500000e+01 2.265000e+00
      vertex -1.245000e+01 1.518000e+01 2.265000e+00
    endloop
  endfacet
  facet normal 0.000000e+00 0.000000e+00 -9.999999e-01
    outer loop
      vertex -6.270477e+00 8.561787e+00 2.265000e+00
      vertex -1.245000e+01 1.518000e+01 2.265000e+00
      vertex 1.245000e+01 1.518000e+01 2.265000e+00
    endloop
  endfacet
  facet normal 0.000000e+00 0.000000e+00 -1.000000e+00
    outer loop
      vertex -6.270477e+00 8.561787e+00 2.265000e+00
      vertex 1.245000e+01 1.518000e+01 2.265000e+00
      vertex -6.128973e+00 8.563077e+00 2.265000e+00
    endloop
  endfacet
  facet normal 0.000000e+00 0.000000e+00 -1.000000e+00
    outer loop
      vertex 1.518000e+01 -1.245000e+01 2.265000e+00
      vertex -6.089523e+00 4.240551e+00 2.265000e+00
      vertex -5.948406e+00 4.251093e+00 2.265000e+00
    endloop
  endfacet
  facet normal 0.000000e+00 0.000000e+00 -1.000000e+00
    outer loop
      vertex 1.518000e+01 -1.245000e+01 2.265000e+00
      vertex -5.948406e+00 4.251093e+00 2.265000e+00
      vertex -5.808279e+00 4.270844e+00 2.265000e+00
    endloop
  endfacet
  facet normal 0.000000e+00 0.000000e+00 -1.000000e+00
    outer loop
      vertex 1.518000e+01 -1.245000e+01 2.265000e+00
      vertex -5.808279e+00 4.270844e+00 2.265000e+00
      vertex -5.669745e+00 4.299717e+00 2.265000e+00
    endloop
  endfacet
  facet normal 0.000000e+00 0.000000e+00 -1.000000e+00
    outer loop
      vertex 1.518000e+01 -1.245000e+01 2.265000e+00
      vertex -5.669745e+00 4.299717e+00 2.265000e+00
      vertex -5.533398e+00 4.337589e+00 2.265000e+00
    endloop
  endfacet
  facet normal 0.000000e+00 0.000000e+00 -1.000000e+00
    outer loop
      vertex 1.518000e+01 -1.245000e+01 2.265000e+00
      vertex -5.533398e+00 4.337589e+00 2.265000e+00
      vertex -5.399817e+00 4.384295e+00 2.265000e+00
    endloop
  endfacet
  facet normal 0.000000e+00 0.000000e+00 -1.000000e+00
    outer loop
      vertex 1.518000e+01 -1.245000e+01 2.265000e+00
      vertex -5.399817e+00 4.384295e+00 2.265000e+00
      vertex -5.269578e+00 4.439640e+00 2.265000e+00
    endloop
  endfacet
  facet normal 0.000000e+00 0.000000e+00 -1.000000e+00
    outer loop
      vertex 1.518000e+01 -1.245000e+01 2.265000e+00
      vertex -5.269578e+00 4.439640e+00 2.265000e+00
      vertex -5.143236e+00 4.503384e+00 2.265000e+00
    endloop
  endfacet
  facet normal 0.000000e+00 0.000000e+00 -1.000000e+00
    outer loop
      vertex 1.518000e+01 -1.245000e+01 2.265000e+00
      vertex -5.143236e+00 4.503384e+00 2.265000e+00
      vertex -5.021337e+00 4.575255e+00 2.265000e+00
    endloop
  endfacet
  facet normal 0.000000e+00 0.000000e+00 -1.000000e+00
    outer loop
      vertex 1.518000e+01 -1.245000e+01 2.265000e+00
      vertex -5.021337e+00 4.575255e+00 2.265000e+00
      vertex -4.904394e+00 4.654947e+00 2.265000e+00
    endloop
  endfacet
  facet normal 0.000000e+00 0.000000e+00 -1.000000e+00
    outer loop
      vertex 1.518000e+01 -1.245000e+01 2.265000e+00
      vertex -4.904394e+00 4.654947e+00 2.265000e+00
      vertex -4.792917e+00 4.742112e+00 2.265000e+00
    endloop
  endfacet
  facet normal 0.000000e+00 0.000000e+00 -1.000000e+00
    outer loop
      vertex 1.518000e+01 -1.245000e+01 2.265000e+00
      vertex -4.792917e+00 4.742112e+00 2.265000e+00
      vertex -4.687380e+00 4.836384e+00 2.265000e+00
    endloop
  endfacet
  facet normal 0.000000e+00 0.000000e+00 -1.000000e+00
    outer loop
      vertex 1.518000e+01 -1.245000e+01 2.265000e+00
      vertex -4.687380e+00 4.836384e+00 2.265000e+00
      vertex -4.588236e+00 4.937357e+00 2.265000e+00
    endloop
  endfacet
  facet normal 0.000000e+00 0.000000e+00 -1.000000e+00
    outer loop
      vertex 1.518000e+01 -1.245000e+01 2.265000e+00
      vertex -4.588236e+00 4.937357e+00 2.265000e+00
      vertex -4.495905e+00 5.044595e+00 2.265000e+00
    endloop
  endfacet
  facet normal 0.000000e+00 0.000000e+00 -1.000000e+00
    outer loop
      vertex 1.518000e+01 -1.245000e+01 2.265000e+00
      vertex -4.495905e+00 5.044595e+00 2.265000e+00
      vertex -4.410788e+00 5.157648e+00 2.265000e+00
    endloop
  endfacet
  facet normal 0.000000e+00 0.000000e+00 -1.000000e+00
    outer loop
      vertex 1.518000e+01 -1.245000e+01 2.265000e+00
      vertex -4.410788e+00 5.157648e+00 2.265000e+00
      vertex -4.333244e+00 5.276021e+00 2.265000e+00
    endloop
  endfacet
  facet normal 0.000000e+00 0.000000e+00 -1.000000e+00
    outer loop
      vertex 1.518000e+01 -1.245000e+01 2.265000e+00
      vertex -4.333244e+00 5.276021e+00 2.265000e+00
      vertex -4.263612e+00 5.399214e+00 2.265000e+00
    endloop
  endfacet
  facet normal 0.000000e+00 0.000000e+00 -1.000000e+00
    outer loop
      vertex 1.518000e+01 -1.245000e+01 2.265000e+00
      vertex -4.263612e+00 5.399214e+00 2.265000e+00
      vertex -4.202183e+00 5.526696e+00 2.265000e+00
    endloop
  endfacet
  facet normal 0.000000e+00 0.000000e+00 -1.000000e+00
    outer loop
      vertex 1.518000e+01 -1.245000e+01 2.265000e+00
      vertex -4.202183e+00 5.526696e+00 2.265000e+00
      vertex -4.149225e+00 5.657925e+00 2.265000e+00
    endloop
  endfacet
  facet normal 0.000000e+00 0.000000e+00 -1.000000e+00
    outer loop
      vertex 1.518000e+01 -1.245000e+01 2.265000e+00
      vertex -4.149225e+00 5.657925e+00 2.265000e+00
      vertex -4.104962e+00 5.792337e+00 2.265000e+00
    endloop
  endfacet
  facet normal 0.000000e+00 0.000000e+00 -1.000000e+00
    outer loop
      vertex 1.518000e+01 -1.245000e+01 2.265000e+00
      vertex -4.104962e+00 5.792337e+00 2.265000e+00
      vertex -4.069584e+00 5.929353e+00 2.265000e+00
    endloop
  endfacet
  facet normal 0.000000e+00 0.000000e+00 -1.000000e+00
    outer loop
      vertex 1.518000e+01 -1.245000e+01 2.265000e+00
      vertex -4.069584e+00 5.929353e+00 2.265000e+00
      vertex -4.043247e+00 6.068391e+00 2.265000e+00
    endloop
  endfacet
  facet normal 0.000000e+00 0.000000e+00 -1.000000e+00
    outer loop
      vertex 1.518000e+01 -1.245000e+01 2.265000e+00
      vertex -4.043247e+00 6.068391e+00 2.265000e+00
      vertex -4.026056e+00 6.208854e+00 2.265000e+00
    endloop
  endfacet
  facet normal 0.000000e+00 0.000000e+00 -1.000000e+00
    outer loop
      vertex 1.518000e+01 -1.245000e+01 2.265000e+00
      vertex -4.026056e+00 6.208854e+00 2.265000e+00
      vertex -4.018089e+00 6.350139e+00 2.265000e+00
    endloop
  endfacet
  facet normal 0.000000e+00 0.000000e+00 -9.999999e-01
    outer loop
      vertex 1.518000e+01 -1.245000e+01 2.265000e+00
      vertex -4.018089e+00 6.350139e+00 2.265000e+00
      vertex -4.019382e+00 6.491646e+00 2.265000e+00
    endloop
  endfacet
  facet normal 0.000000e+00 0.000000e+00 -1.000000e+00
    outer loop
      vertex 1.518000e+01 -1.245000e+01 2.265000e+00
      vertex -4.019382e+00 6.491646e+00 2.265000e+00
      vertex -4.029923e+00 6.632762e+00 2.265000e+00
    endloop
  endfacet
  facet normal 0.000000e+00 0.000000e+00 -1.000000e+00
    outer loop
      vertex 1.518000e+01 -1.245000e+01 2.265000e+00
      vertex -4.029923e+00 6.632762e+00 2.265000e+00
      vertex -4.049676e+00 6.772887e+00 2.265000e+00
    endloop
  endfacet
  facet normal 0.000000e+00 0.000000e+00 -1.000000e+00
    outer loop
      vertex 1.518000e+01 -1.245000e+01 2.265000e+00
      vertex -4.049676e+00 6.772887e+00 2.265000e+00
      vertex -4.078548e+00 6.911421e+00 2.265000e+00
    endloop
  endfacet
  facet normal 0.000000e+00 0.000000e+00 -1.000000e+00
    outer loop
      vertex 1.518000e+01 -1.245000e+01 2.265000e+00
      vertex -4.078548e+00 6.911421e+00 2.265000e+00
      vertex -4.116420e+00 7.047771e+00 2.265000e+00
    endloop
  endfacet
  facet normal 0.000000e+00 0.000000e+00 -1.000000e+00
    outer loop
      vertex 1.518000e+01 -1.245000e+01 2.265000e+00
      vertex -4.116420e+00 7.047771e+00 2.265000e+00
      vertex -4.163127e+00 7.181352e+00 2.265000e+00
    endloop
  endfacet
  facet normal 0.000000e+00 0.000000e+00 -1.000000e+00
    outer loop
      vertex 1.518000e+01 -1.245000e+01 2.265000e+00
      vertex -4.163127e+00 7.181352e+00 2.265000e+00
      vertex -4.218474e+00 7.311591e+00 2.265000e+00
    endloop
  endfacet
  facet normal 0.000000e+00 0.000000e+00 -1.000000e+00
    outer loop
      vertex 1.518000e+01 -1.245000e+01 2.265000e+00
      vertex -4.218474e+00 7.311591e+00 2.265000e+00
      vertex -4.282218e+00 7.437933e+00 2.265000e+00
    endloop
  endfacet
  facet normal 0.000000e+00 0.000000e+00 -1.000000e+00
    outer loop
      vertex 1.518000e+01 -1.245000e+01 2.265000e+00
      vertex -4.282218e+00 7.437933e+00 2.265000e+00
      vertex -4.354089e+00 7.559832e+00 2.265000e+00
    endloop
  endfacet
  facet normal 0.000000e+00 0.000000e+00 -1.000000e+00
    outer loop
      vertex 1.518000e+01 -1.245000e+01 2.265000e+00
      vertex -4.354089e+00 7.559832e+00 2.265000e+00
      vertex -4.433777e+00 7.676772e+00 2.265000e+00
    endloop
  endfacet
  facet normal 0.000000e+00 0.000000e+00 -1.000000e+00
    outer loop
      vertex 1.518000e+01 -1.245000e+01 2.265000e+00
      vertex -4.433777e+00 7.676772e+00 2.265000e+00
      vertex -4.520946e+00 7.788249e+00 2.265000e+00
    endloop
  endfacet
  facet normal 0.000000e+00 0.000000e+00 -9.999999e-01
    outer loop
      vertex 1.518000e+01 -1.245000e+01 2.265000e+00
      vertex -4.520946e+00 7.788249e+00 2.265000e+00
      vertex -4.615218e+00 7.893786e+00 2.265000e+00
    endloop
  endfacet
  facet normal 0.000000e+00 0.000000e+00 -1.000000e+00
    outer loop
      vertex 1.518000e+01 1.245000e+01 2.265000e+00
      vertex 1.518000e+01 -1.245000e+01 2.265000e+00
      vertex -4.615218e+00 7.893786e+00 2.265000e+00
    endloop
  endfacet
  facet normal 0.000000e+00 0.000000e+00 -1.000000e+00
    outer loop
      vertex 1.518000e+01 1.245000e+01 2.265000e+00
      vertex -4.615218e+00 7.893786e+00 2.265000e+00
      vertex -4.716189e+00 7.992933e+00 2.265000e+00
    endloop
  endfacet
  facet normal 0.000000e+00 0.000000e+00 -1.000000e+00
    outer loop
      vertex 1.518000e+01 1.245000e+01 2.265000e+00
      vertex -4.716189e+00 7.992933e+00 2.265000e+00
      vertex -4.823429e+00 8.085264e+00 2.265000e+00
    endloop
  endfacet
  facet normal 0.000000e+00 0.000000e+00 -9.999999e-01
    outer loop
      vertex 1.518000e+01 1.245000e+01 2.265000e+00
      vertex -4.823429e+00 8.085264e+00 2.265000e+00
      vertex -4.936479e+00 8.170380e+00 2.265000e+00
    endloop
  endfacet
  facet normal 0.000000e+00 0.000000e+00 -1.000000e+00
    outer loop
      vertex 1.518000e+01 1.245000e+01 2.265000e+00
      vertex -4.936479e+00 8.170380e+00 2.265000e+00
      vertex -5.054853e+00 8.247924e+00 2.265000e+00
    endloop
  endfacet
  facet normal 0.000000e+00 0.000000e+00 -1.000000e+00
    outer loop
      vertex 1.518000e+01 1.245000e+01 2.265000e+00
      vertex -5.054853e+00 8.247924e+00 2.265000e+00
      vertex -5.178045e+00 8.317557e+00 2.265000e+00
    endloop
  endfacet
  facet normal 0.000000e+00 0.000000e+00 -1.000000e+00
    outer loop
      vertex 1.518000e+01 1.245000e+01 2.265000e+00
      vertex -5.178045e+00 8.317557e+00 2.265000e+00
      vertex -5.305530e+00 8.378985e+00 2.265000e+00
    endloop
  endfacet
  facet normal 0.000000e+00 0.000000e+00 -1.000000e+00
    outer loop
      vertex 1.518000e+01 1.245000e+01 2.265000e+00
      vertex -5.305530e+00 8.378985e+00 2.265000e+00
      vertex -5.436756e+00 8.431944e+00 2.265000e+00
    endloop
  endfacet
  facet normal 0.000000e+00 0.000000e+00 -1.000000e+00
    outer loop
      vertex 1.518000e+01 1.245000e+01 2.265000e+00
      vertex -5.436756e+00 8.431944e+00 2.265000e+00
      vertex -5.571168e+00 8.476206e+00 2.265000e+00
    endloop
  endfacet
  facet normal 0.000000e+00 0.000000e+00 -1.000000e+00
    outer loop
      vertex 1.518000e+01 1.245000e+01 2.265000e+00
      vertex -5.571168e+00 8.476206e+00 2.265000e+00
      vertex -5.708184e+00 8.511582e+00 2.265000e+00
    endloop
  endfacet
  facet normal 0.000000e+00 0.000000e+00 -1.000000e+00
    outer loop
      vertex 1.518000e+01 1.245000e+01 2.265000e+00
      vertex -5.708184e+00 8.511582e+00 2.265000e+00
      vertex -5.847222e+00 8.537922e+00 2.265000e+00
    endloop
  endfacet
  facet normal 0.000000e+00 0.000000e+00 -1.000000e+00
    outer loop
      vertex 1.518000e+01 1.245000e+01 2.265000e+00
      vertex -5.847222e+00 8.537922e+00 2.265000e+00
      vertex -5.987685e+00 8.555112e+00 2.265000e+00
    endloop
  endfacet
  facet normal 0.000000e+00 0.000000e+00 -9.999999e-01
    outer loop
      vertex 1.518000e+01 1.245000e+01 2.265000e+00
      vertex -5.987685e+00 8.555112e+00 2.265000e+00
      vertex -6.128973e+00 8.563077e+00 2.265000e+00
    endloop
  endfacet
  facet normal 0.000000e+00 0.000000e+00 -1.000000e+00
    outer loop
      vertex -6.128973e+00 8.563077e+00 2.265000e+00
      vertex 1.245000e+01 1.518000e+01 2.265000e+00
      vertex 1.245000e+01 1.500000e+01 2.265000e+00
    endloop
  endfacet
  facet normal 0.000000e+00 0.000000e+00 -1.000000e+00
    outer loop
      vertex -6.128973e+00 8.563077e+00 2.265000e+00
      vertex 1.245000e+01 1.500000e+01 2.265000e+00
      vertex 1.245000e+01 1.476000e+01 2.265000e+00
    endloop
  endfacet
  facet normal 0.000000e+00 0.000000e+00 -1.000000e+00
    outer loop
      vertex -6.128973e+00 8.563077e+00 2.265000e+00
      vertex 1.245000e+01 1.476000e+01 2.265000e+00
      vertex 1.245000e+01 1.302000e+01 2.265000e+00
    endloop
  endfacet
  facet normal 0.000000e+00 0.000000e+00 -1.000000e+00
    outer loop
      vertex -6.128973e+00 8.563077e+00 2.265000e+00
      vertex 1.245000e+01 1.302000e+01 2.265000e+00
      vertex 1.245000e+01 1.245000e+01 2.265000e+00
    endloop
  endfacet
  facet normal 0.000000e+00 0.000000e+00 -1.000000e+00
    outer loop
      vertex -6.128973e+00 8.563077e+00 2.265000e+00
      vertex 1.245000e+01 1.245000e+01 2.265000e+00
      vertex 1.476000e+01 1.245000e+01 2.265000e+00
    endloop
  endfacet
  facet normal 0.000000e+00 0.000000e+00 -1.000000e+00
    outer loop
      vertex -6.128973e+00 8.563077e+00 2.265000e+00
      vertex 1.476000e+01 1.245000e+01 2.265000e+00
      vertex 1.500000e+01 1.245000e+01 2.265000e+00
    endloop
  endfacet
  facet normal 0.000000e+00 0.000000e+00 -1.000000e+00
    outer loop
      vertex -6.128973e+00 8.563077e+00 2.265000e+00
      vertex 1.500000e+01 1.245000e+01 2.265000e+00
      vertex 1.518000e+01 1.245000e+01 2.265000e+00
    endloop
  endfacet
  facet normal 0.000000e+00 0.000000e+00 -1.000000e+00
    outer loop
      vertex -1.518000e+01 -1.245000e+01 2.265000e+00
      vertex -8.210775e+00 7.144410e+00 2.265000e+00
      vertex -8.255037e+00 7.010001e+00 2.265000e+00
    endloop
  endfacet
  facet normal 0.000000e+00 0.000000e+00 -1.000000e+00
    outer loop
      vertex -1.518000e+01 -1.245000e+01 2.265000e+00
      vertex -8.255037e+00 7.010001e+00 2.265000e+00
      vertex -8.290416e+00 6.872982e+00 2.265000e+00
    endloop
  endfacet
  facet normal 0.000000e+00 0.000000e+00 -1.000000e+00
    outer loop
      vertex -1.518000e+01 -1.245000e+01 2.265000e+00
      vertex -8.290416e+00 6.872982e+00 2.265000e+00
      vertex -8.316753e+00 6.733944e+00 2.265000e+00
    endloop
  endfacet
  facet normal 0.000000e+00 0.000000e+00 -1.000000e+00
    outer loop
      vertex -1.518000e+01 -1.245000e+01 2.265000e+00
      vertex -8.316753e+00 6.733944e+00 2.265000e+00
      vertex -8.333943e+00 6.593484e+00 2.265000e+00
    endloop
  endfacet
  facet normal 0.000000e+00 0.000000e+00 -1.000000e+00
    outer loop
      vertex -1.518000e+01 -1.245000e+01 2.265000e+00
      vertex -8.333943e+00 6.593484e+00 2.265000e+00
      vertex -8.341911e+00 6.452196e+00 2.265000e+00
    endloop
  endfacet
  facet normal 0.000000e+00 0.000000e+00 -1.000000e+00
    outer loop
      vertex -1.518000e+01 -1.245000e+01 2.265000e+00
      vertex -8.341911e+00 6.452196e+00 2.265000e+00
      vertex -8.340618e+00 6.310692e+00 2.265000e+00
    endloop
  endfacet
  facet normal 0.000000e+00 0.000000e+00 -1.000000e+00
    outer loop
      vertex -1.518000e+01 -1.245000e+01 2.265000e+00
      vertex -8.340618e+00 6.310692e+00 2.265000e+00
      vertex -8.330076e+00 6.169572e+00 2.265000e+00
    endloop
  endfacet
  facet normal 0.000000e+00 0.000000e+00 -9.999999e-01
    outer loop
      vertex -1.518000e+01 -1.245000e+01 2.265000e+00
      vertex -8.330076e+00 6.169572e+00 2.265000e+00
      vertex -8.310324e+00 6.029448e+00 2.265000e+00
    endloop
  endfacet
  facet normal 0.000000e+00 0.000000e+00 -1.000000e+00
    outer loop
      vertex -1.518000e+01 -1.245000e+01 2.265000e+00
      vertex -8.310324e+00 6.029448e+00 2.265000e+00
      vertex -8.281452e+00 5.890914e+00 2.265000e+00
    endloop
  endfacet
  facet normal 0.000000e+00 0.000000e+00 -1.000000e+00
    outer loop
      vertex -1.518000e+01 -1.245000e+01 2.265000e+00
      vertex -8.281452e+00 5.890914e+00 2.265000e+00
      vertex -8.243580e+00 5.754564e+00 2.265000e+00
    endloop
  endfacet
  facet normal 0.000000e+00 0.000000e+00 -1.000000e+00
    outer loop
      vertex -1.518000e+01 -1.245000e+01 2.265000e+00
      vertex -8.243580e+00 5.754564e+00 2.265000e+00
      vertex -8.196873e+00 5.620983e+00 2.265000e+00
    endloop
  endfacet
  facet normal 0.000000e+00 0.000000e+00 -1.000000e+00
    outer loop
      vertex -1.518000e+01 -1.245000e+01 2.265000e+00
      vertex -8.196873e+00 5.620983e+00 2.265000e+00
      vertex -8.141526e+00 5.490744e+00 2.265000e+00
    endloop
  endfacet
  facet normal 0.000000e+00 0.000000e+00 -1.000000e+00
    outer loop
      vertex -1.518000e+01 -1.245000e+01 2.265000e+00
      vertex -8.141526e+00 5.490744e+00 2.265000e+00
      vertex -8.077782e+00 5.364405e+00 2.265000e+00
    endloop
  endfacet
  facet normal 0.000000e+00 0.000000e+00 -1.000000e+00
    outer loop
      vertex -1.518000e+01 -1.245000e+01 2.265000e+00
      vertex -8.077782e+00 5.364405e+00 2.265000e+00
      vertex -8.005911e+00 5.242503e+00 2.265000e+00
    endloop
  endfacet
  facet normal 0.000000e+00 0.000000e+00 -1.000000e+00
    outer loop
      vertex -1.518000e+01 -1.245000e+01 2.265000e+00
      vertex -8.005911e+00 5.242503e+00 2.265000e+00
      vertex -7.926222e+00 5.125562e+00 2.265000e+00
    endloop
  endfacet
  facet normal 0.000000e+00 0.000000e+00 -1.000000e+00
    outer loop
      vertex -1.518000e+01 -1.245000e+01 2.265000e+00
      vertex -7.926222e+00 5.125562e+00 2.265000e+00
      vertex -7.839054e+00 5.014086e+00 2.265000e+00
    endloop
  endfacet
  facet normal 0.000000e+00 0.000000e+00 -9.999999e-01
    outer loop
      vertex -1.518000e+01 -1.245000e+01 2.265000e+00
      vertex -7.839054e+00 5.014086e+00 2.265000e+00
      vertex -7.744782e+00 4.908549e+00 2.265000e+00
    endloop
  endfacet
  facet normal 0.000000e+00 0.000000e+00 -1.000000e+00
    outer loop
      vertex -1.518000e+01 -1.245000e+01 2.265000e+00
      vertex -7.744782e+00 4.908549e+00 2.265000e+00
      vertex -7.643811e+00 4.809402e+00 2.265000e+00
    endloop
  endfacet
  facet normal 0.000000e+00 0.000000e+00 -1.000000e+00
    outer loop
      vertex -1.518000e+01 -1.245000e+01 2.265000e+00
      vertex -7.643811e+00 4.809402e+00 2.265000e+00
      vertex -7.536570e+00 4.717074e+00 2.265000e+00
    endloop
  endfacet
  facet normal 0.000000e+00 0.000000e+00 -1.000000e+00
    outer loop
      vertex -1.518000e+01 -1.245000e+01 2.265000e+00
      vertex -7.536570e+00 4.717074e+00 2.265000e+00
      vertex -7.423521e+00 4.631955e+00 2.265000e+00
    endloop
  endfacet
  facet normal 0.000000e+00 0.000000e+00 -9.999999e-01
    outer loop
      vertex -1.518000e+01 -1.245000e+01 2.265000e+00
      vertex -7.423521e+00 4.631955e+00 2.265000e+00
      vertex -7.305147e+00 4.554414e+00 2.265000e+00
    endloop
  endfacet
  facet normal 0.000000e+00 0.000000e+00 -1.000000e+00
    outer loop
      vertex -1.518000e+01 -1.245000e+01 2.265000e+00
      vertex -7.305147e+00 4.554414e+00 2.265000e+00
      vertex -7.181955e+00 4.484778e+00 2.265000e+00
    endloop
  endfacet
  facet normal 0.000000e+00 0.000000e+00 -1.000000e+00
    outer loop
      vertex -1.518000e+01 -1.245000e+01 2.265000e+00
      vertex -7.181955e+00 4.484778e+00 2.265000e+00
      vertex -7.054470e+00 4.423350e+00 2.265000e+00
    endloop
  endfacet
  facet normal 0.000000e+00 0.000000e+00 -1.000000e+00
    outer loop
      vertex -1.518000e+01 -1.245000e+01 2.265000e+00
      vertex -7.054470e+00 4.423350e+00 2.265000e+00
      vertex -6.923244e+00 4.370391e+00 2.265000e+00
    endloop
  endfacet
  facet normal 0.000000e+00 0.000000e+00 -1.000000e+00
    outer loop
      vertex -1.518000e+01 -1.245000e+01 2.265000e+00
      vertex -6.923244e+00 4.370391e+00 2.265000e+00
      vertex -6.788832e+00 4.326129e+00 2.265000e+00
    endloop
  endfacet
  facet normal 0.000000e+00 0.000000e+00 -1.000000e+00
    outer loop
      vertex -1.518000e+01 -1.245000e+01 2.265000e+00
      vertex -6.788832e+00 4.326129e+00 2.265000e+00
      vertex -6.651816e+00 4.290753e+00 2.265000e+00
    endloop
  endfacet
  facet normal 0.000000e+00 0.000000e+00 -1.000000e+00
    outer loop
      vertex -1.518000e+01 -1.245000e+01 2.265000e+00
      vertex -6.651816e+00 4.290753e+00 2.265000e+00
      vertex -6.512778e+00 4.264413e+00 2.265000e+00
    endloop
  endfacet
  facet normal 0.000000e+00 0.000000e+00 -9.999999e-01
    outer loop
      vertex -1.518000e+01 -1.245000e+01 2.265000e+00
      vertex -6.512778e+00 4.264413e+00 2.265000e+00
      vertex -6.372315e+00 4.247223e+00 2.265000e+00
    endloop
  endfacet
  facet normal 0.000000e+00 0.000000e+00 -1.000000e+00
    outer loop
      vertex -1.518000e+01 -1.245000e+01 2.265000e+00
      vertex -6.372315e+00 4.247223e+00 2.265000e+00
      vertex -6.231027e+00 4.239258e+00 2.265000e+00
    endloop
  endfacet
  facet normal 0.000000e+00 0.000000e+00 -1.000000e+00
    outer loop
      vertex -1.518000e+01 1.245000e+01 2.265000e+00
      vertex -6.270477e+00 8.561787e+00 2.265000e+00
      vertex -6.411594e+00 8.551242e+00 2.265000e+00
    endloop
  endfacet
  facet normal 0.000000e+00 0.000000e+00 -1.000000e+00
    outer loop
      vertex -1.518000e+01 1.245000e+01 2.265000e+00
      vertex -6.411594e+00 8.551242e+00 2.265000e+00
      vertex -6.551721e+00 8.531493e+00 2.265000e+00
    endloop
  endfacet
  facet normal 0.000000e+00 0.000000e+00 -1.000000e+00
    outer loop
      vertex -1.518000e+01 1.245000e+01 2.265000e+00
      vertex -6.551721e+00 8.531493e+00 2.265000e+00
      vertex -6.690255e+00 8.502621e+00 2.265000e+00
    endloop
  endfacet
  facet normal 0.000000e+00 0.000000e+00 -1.000000e+00
    outer loop
      vertex -1.518000e+01 1.245000e+01 2.265000e+00
      vertex -6.690255e+00 8.502621e+00 2.265000e+00
      vertex -6.826602e+00 8.464749e+00 2.265000e+00
    endloop
  endfacet
  facet normal 0.000000e+00 0.000000e+00 -1.000000e+00
    outer loop
      vertex -1.518000e+01 1.245000e+01 2.265000e+00
      vertex -6.826602e+00 8.464749e+00 2.265000e+00
      vertex -6.960183e+00 8.418039e+00 2.265000e+00
    endloop
  endfacet
  facet normal 0.000000e+00 0.000000e+00 -9.999999e-01
    outer loop
      vertex -1.518000e+01 1.245000e+01 2.265000e+00
      vertex -6.960183e+00 8.418039e+00 2.265000e+00
      vertex -7.090422e+00 8.362695e+00 2.265000e+00
    endloop
  endfacet
  facet normal 0.000000e+00 0.000000e+00 -1.000000e+00
    outer loop
      vertex -1.518000e+01 1.245000e+01 2.265000e+00
      vertex -7.090422e+00 8.362695e+00 2.265000e+00
      vertex -7.216764e+00 8.298951e+00 2.265000e+00
    endloop
  endfacet
  facet normal 0.000000e+00 0.000000e+00 -1.000000e+00
    outer loop
      vertex -1.518000e+01 1.245000e+01 2.265000e+00
      vertex -7.216764e+00 8.298951e+00 2.265000e+00
      vertex -7.338666e+00 8.227080e+00 2.265000e+00
    endloop
  endfacet
  facet normal 0.000000e+00 0.000000e+00 -1.000000e+00
    outer loop
      vertex -1.518000e+01 1.245000e+01 2.265000e+00
      vertex -7.338666e+00 8.227080e+00 2.265000e+00
      vertex -7.455603e+00 8.147391e+00 2.265000e+00
    endloop
  endfacet
  facet normal 0.000000e+00 0.000000e+00 -1.000000e+00
    outer loop
      vertex -1.518000e+01 1.245000e+01 2.265000e+00
      vertex -7.455603e+00 8.147391e+00 2.265000e+00
      vertex -7.567083e+00 8.060223e+00 2.265000e+00
    endloop
  endfacet
  facet normal 0.000000e+00 0.000000e+00 -1.000000e+00
    outer loop
      vertex -1.518000e+01 1.245000e+01 2.265000e+00
      vertex -7.567083e+00 8.060223e+00 2.265000e+00
      vertex -7.672620e+00 7.965951e+00 2.265000e+00
    endloop
  endfacet
  facet normal 0.000000e+00 0.000000e+00 -1.000000e+00
    outer loop
      vertex -1.518000e+01 1.245000e+01 2.265000e+00
      vertex -7.672620e+00 7.965951e+00 2.265000e+00
      vertex -7.771764e+00 7.864980e+00 2.265000e+00
    endloop
  endfacet
  facet normal 0.000000e+00 0.000000e+00 -1.000000e+00
    outer loop
      vertex -1.518000e+01 1.245000e+01 2.265000e+00
      vertex -7.771764e+00 7.864980e+00 2.265000e+00
      vertex -7.864095e+00 7.757739e+00 2.265000e+00
    endloop
  endfacet
  facet normal 0.000000e+00 0.000000e+00 -1.000000e+00
    outer loop
      vertex -1.518000e+01 1.245000e+01 2.265000e+00
      vertex -7.864095e+00 7.757739e+00 2.265000e+00
      vertex -7.949214e+00 7.644690e+00 2.265000e+00
    endloop
  endfacet
  facet normal 0.000000e+00 0.000000e+00 -9.999999e-01
    outer loop
      vertex -1.518000e+01 1.245000e+01 2.265000e+00
      vertex -7.949214e+00 7.644690e+00 2.265000e+00
      vertex -8.026755e+00 7.526316e+00 2.265000e+00
    endloop
  endfacet
  facet normal 0.000000e+00 0.000000e+00 -1.000000e+00
    outer loop
      vertex -1.518000e+01 1.245000e+01 2.265000e+00
      vertex -8.026755e+00 7.526316e+00 2.265000e+00
      vertex -8.096388e+00 7.403121e+00 2.265000e+00
    endloop
  endfacet
  facet normal 0.000000e+00 0.000000e+00 -1.000000e+00
    outer loop
      vertex -1.518000e+01 1.245000e+01 2.265000e+00
      vertex -8.096388e+00 7.403121e+00 2.265000e+00
      vertex -8.157816e+00 7.275639e+00 2.265000e+00
    endloop
  endfacet
  facet normal 0.000000e+00 0.000000e+00 -1.000000e+00
    outer loop
      vertex -1.518000e+01 1.245000e+01 2.265000e+00
      vertex -8.157816e+00 7.275639e+00 2.265000e+00
      vertex -8.210775e+00 7.144410e+00 2.265000e+00
    endloop
  endfacet
  facet normal 0.000000e+00 0.000000e+00 -1.000000e+00
    outer loop
      vertex -1.518000e+01 1.245000e+01 2.265000e+00
      vertex -8.210775e+00 7.144410e+00 2.265000e+00
      vertex -1.518000e+01 -1.245000e+01 2.265000e+00
    endloop
  endfacet
  facet normal 8.614274e-01 5.078807e-01 0.000000e+00
    outer loop
      vertex -8.077782e+00 5.364405e+00 2.265000e+00
      vertex -8.005911e+00 5.242503e+00 2.535661e+00
      vertex -8.005911e+00 5.242503e+00 2.265000e+00
    endloop
  endfacet
  facet normal 8.263636e-01 5.631368e-01 0.000000e+00
    outer loop
      vertex -8.005911e+00 5.242503e+00 2.265000e+00
      vertex -8.005911e+00 5.242503e+00 2.535661e+00
      vertex -7.926222e+00 5.125562e+00 2.535661e+00
    endloop
  endfacet
  facet normal 8.263636e-01 5.631368e-01 0.000000e+00
    outer loop
      vertex -8.005911e+00 5.242503e+00 2.265000e+00
      vertex -7.926222e+00 5.125562e+00 2.535661e+00
      vertex -7.926222e+00 5.125562e+00 2.265000e+00
    endloop
  endfacet
  facet normal 7.877637e-01 6.159776e-01 0.000000e+00
    outer loop
      vertex -7.926222e+00 5.125562e+00 2.265000e+00
      vertex -7.926222e+00 5.125562e+00 2.535661e+00
      vertex -7.839054e+00 5.014086e+00 2.535661e+00
    endloop
  endfacet
  facet normal 7.877637e-01 6.159776e-01 0.000000e+00
    outer loop
      vertex -7.926222e+00 5.125562e+00 2.265000e+00
      vertex -7.839054e+00 5.014086e+00 2.535661e+00
      vertex -7.839054e+00 5.014086e+00 2.265000e+00
    endloop
  endfacet
  facet normal 7.457901e-01 6.661809e-01 0.000000e+00
    outer loop
      vertex -7.839054e+00 5.014086e+00 2.265000e+00
      vertex -7.839054e+00 5.014086e+00 2.535661e+00
      vertex -7.744782e+00 4.908549e+00 2.535661e+00
    endloop
  endfacet
  facet normal 7.457901e-01 6.661809e-01 0.000000e+00
    outer loop
      vertex -7.839054e+00 5.014086e+00 2.265000e+00
      vertex -7.744782e+00 4.908549e+00 2.535661e+00
      vertex -7.744782e+00 4.908549e+00 2.265000e+00
    endloop
  endfacet
  facet normal 7.006279e-01 7.135268e-01 0.000000e+00
    outer loop
      vertex -7.744782e+00 4.908549e+00 2.265000e+00
      vertex -7.744782e+00 4.908549e+00 2.535661e+00
      vertex -7.643811e+00 4.809402e+00 2.535661e+00
    endloop
  endfacet
  facet normal 7.006279e-01 7.135268e-01 0.000000e+00
    outer loop
      vertex -7.744782e+00 4.908549e+00 2.265000e+00
      vertex -7.643811e+00 4.809402e+00 2.535661e+00
      vertex -7.643811e+00 4.809402e+00 2.265000e+00
    endloop
  endfacet
  facet normal 6.524535e-01 7.578287e-01 0.000000e+00
    outer loop
      vertex -7.643811e+00 4.809402e+00 2.265000e+00
      vertex -7.643811e+00 4.809402e+00 2.535661e+00
      vertex -7.536570e+00 4.717074e+00 2.535661e+00
    endloop
  endfacet
  facet normal 6.524535e-01 7.578287e-01 0.000000e+00
    outer loop
      vertex -7.643811e+00 4.809402e+00 2.265000e+00
      vertex -7.536570e+00 4.717074e+00 2.535661e+00
      vertex -7.536570e+00 4.717074e+00 2.265000e+00
    endloop
  endfacet
  facet normal 6.014979e-01 7.988744e-01 0.000000e+00
    outer loop
      vertex -7.536570e+00 4.717074e+00 2.265000e+00
      vertex -7.536570e+00 4.717074e+00 2.535661e+00
      vertex -7.423521e+00 4.631955e+00 2.535661e+00
    endloop
  endfacet
  facet normal 6.014979e-01 7.988744e-01 0.000000e+00
    outer loop
      vertex -7.536570e+00 4.717074e+00 2.265000e+00
      vertex -7.423521e+00 4.631955e+00 2.535661e+00
      vertex -7.423521e+00 4.631955e+00 2.265000e+00
    endloop
  endfacet
  facet normal 5.479580e-01 8.365058e-01 0.000000e+00
    outer loop
      vertex -7.423521e+00 4.631955e+00 2.265000e+00
      vertex -7.423521e+00 4.631955e+00 2.535661e+00
      vertex -7.305147e+00 4.554414e+00 2.535661e+00
    endloop
  endfacet
  facet normal 5.479580e-01 8.365058e-01 0.000000e+00
    outer loop
      vertex -7.423521e+00 4.631955e+00 2.265000e+00
      vertex -7.305147e+00 4.554414e+00 2.535661e+00
      vertex -7.305147e+00 4.554414e+00 2.265000e+00
    endloop
  endfacet
  facet normal 4.920741e-01 8.705533e-01 0.000000e+00
    outer loop
      vertex -7.305147e+00 4.554414e+00 2.265000e+00
      vertex -7.305147e+00 4.554414e+00 2.535661e+00
      vertex -7.181955e+00 4.484778e+00 2.535661e+00
    endloop
  endfacet
  facet normal 4.920741e-01 8.705533e-01 0.000000e+00
    outer loop
      vertex -7.305147e+00 4.554414e+00 2.265000e+00
      vertex -7.181955e+00 4.484778e+00 2.535661e+00
      vertex -7.181955e+00 4.484778e+00 2.265000e+00
    endloop
  endfacet
  facet normal 4.340890e-01 9.008700e-01 0.000000e+00
    outer loop
      vertex -7.181955e+00 4.484778e+00 2.265000e+00
      vertex -7.181955e+00 4.484778e+00 2.535661e+00
      vertex -7.054470e+00 4.423350e+00 2.535661e+00
    endloop
  endfacet
  facet normal 4.340890e-01 9.008700e-01 0.000000e+00
    outer loop
      vertex -7.181955e+00 4.484778e+00 2.265000e+00
      vertex -7.054470e+00 4.423350e+00 2.535661e+00
      vertex -7.054470e+00 4.423350e+00 2.265000e+00
    endloop
  endfacet
  facet normal 3.742375e-01 9.273329e-01 0.000000e+00
    outer loop
      vertex -7.054470e+00 4.423350e+00 2.265000e+00
      vertex -7.054470e+00 4.423350e+00 2.535661e+00
      vertex -6.923244e+00 4.370391e+00 2.535661e+00
    endloop
  endfacet
  facet normal 3.742375e-01 9.273329e-01 0.000000e+00
    outer loop
      vertex -7.054470e+00 4.423350e+00 2.265000e+00
      vertex -6.923244e+00 4.370391e+00 2.535661e+00
      vertex -6.923244e+00 4.370391e+00 2.265000e+00
    endloop
  endfacet
  facet normal 3.127842e-01 9.498242e-01 0.000000e+00
    outer loop
      vertex -6.923244e+00 4.370391e+00 2.265000e+00
      vertex -6.923244e+00 4.370391e+00 2.535661e+00
      vertex -6.788832e+00 4.326129e+00 2.535661e+00
    endloop
  endfacet
  facet normal 3.127842e-01 9.498242e-01 0.000000e+00
    outer loop
      vertex -6.923244e+00 4.370391e+00 2.265000e+00
      vertex -6.788832e+00 4.326129e+00 2.535661e+00
      vertex -6.788832e+00 4.326129e+00 2.265000e+00
    endloop
  endfacet
  facet normal 2.499886e-01 9.682488e-01 0.000000e+00
    outer loop
      vertex -6.788832e+00 4.326129e+00 2.265000e+00
      vertex -6.788832e+00 4.326129e+00 2.535661e+00
      vertex -6.651816e+00 4.290753e+00 2.535661e+00
    endloop
  endfacet
  facet normal 2.499886e-01 9.682488e-01 0.000000e+00
    outer loop
      vertex -6.788832e+00 4.326129e+00 2.265000e+00
      vertex -6.651816e+00 4.290753e+00 2.535661e+00
      vertex -6.651816e+00 4.290753e+00 2.265000e+00
    endloop
  endfacet
  facet normal 1.861317e-01 9.825248e-01 0.000000e+00
    outer loop
      vertex -6.651816e+00 4.290753e+00 2.265000e+00
      vertex -6.651816e+00 4.290753e+00 2.535661e+00
      vertex -6.512778e+00 4.264413e+00 2.535661e+00
    endloop
  endfacet
  facet normal 1.861317e-01 9.825248e-01 0.000000e+00
    outer loop
      vertex -6.651816e+00 4.290753e+00 2.265000e+00
      vertex -6.512778e+00 4.264413e+00 2.535661e+00
      vertex -6.512778e+00 4.264413e+00 2.265000e+00
    endloop
  endfacet
  facet normal 1.214758e-01 9.925944e-01 0.000000e+00
    outer loop
      vertex -6.512778e+00 4.264413e+00 2.265000e+00
      vertex -6.512778e+00 4.264413e+00 2.535661e+00
      vertex -6.372315e+00 4.247223e+00 2.535661e+00
    endloop
  endfacet
  facet normal 1.214758e-01 9.925944e-01 0.000000e+00
    outer loop
      vertex -6.512778e+00 4.264413e+00 2.265000e+00
      vertex -6.372315e+00 4.247223e+00 2.535661e+00
      vertex -6.372315e+00 4.247223e+00 2.265000e+00
    endloop
  endfacet
  facet normal 5.629435e-02 9.984142e-01 0.000000e+00
    outer loop
      vertex -6.372315e+00 4.247223e+00 2.265000e+00
      vertex -6.372315e+00 4.247223e+00 2.535661e+00
      vertex -6.231027e+00 4.239258e+00 2.535661e+00
    endloop
  endfacet
  facet normal 5.629435e-02 9.984142e-01 0.000000e+00
    outer loop
      vertex -6.372315e+00 4.247223e+00 2.265000e+00
      vertex -6.231027e+00 4.239258e+00 2.535661e+00
      vertex -6.231027e+00 4.239258e+00 2.265000e+00
    endloop
  endfacet
  facet normal -9.130304e-03 9.999583e-01 0.000000e+00
    outer loop
      vertex -6.231027e+00 4.239258e+00 2.265000e+00
      vertex -6.231027e+00 4.239258e+00 2.535661e+00
      vertex -6.089523e+00 4.240551e+00 2.535661e+00
    endloop
  endfacet
  facet normal -9.130304e-03 9.999583e-01 0.000000e+00
    outer loop
      vertex -6.231027e+00 4.239258e+00 2.265000e+00
      vertex -6.089523e+00 4.240551e+00 2.535661e+00
      vertex -6.089523e+00 4.240551e+00 2.265000e+00
    endloop
  endfacet
  facet normal -7.450617e-02 9.972206e-01 0.000000e+00
    outer loop
      vertex -6.089523e+00 4.240551e+00 2.265000e+00
      vertex -6.089523e+00 4.240551e+00 2.535661e+00
      vertex -5.948406e+00 4.251093e+00 2.535661e+00
    endloop
  endfacet
  facet normal -7.450617e-02 9.972206e-01 0.000000e+00
    outer loop
      vertex -6.089523e+00 4.240551e+00 2.265000e+00
      vertex -5.948406e+00 4.251093e+00 2.535661e+00
      vertex -5.948406e+00 4.251093e+00 2.265000e+00
    endloop
  endfacet
  facet normal -1.395666e-01 9.902127e-01 0.000000e+00
    outer loop
      vertex -5.948406e+00 4.251093e+00 2.265000e+00
      vertex -5.948406e+00 4.251093e+00 2.535661e+00
      vertex -5.808279e+00 4.270844e+00 2.535661e+00
    endloop
  endfacet
  facet normal -1.395666e-01 9.902127e-01 0.000000e+00
    outer loop
      vertex -5.948406e+00 4.251093e+00 2.265000e+00
      vertex -5.808279e+00 4.270844e+00 2.535661e+00
      vertex -5.808279e+00 4.270844e+00 2.265000e+00
    endloop
  endfacet
  facet normal -2.040297e-01 9.789647e-01 0.000000e+00
    outer loop
      vertex -5.808279e+00 4.270844e+00 2.265000e+00
      vertex -5.808279e+00 4.270844e+00 2.535661e+00
      vertex -5.669745e+00 4.299717e+00 2.535661e+00
    endloop
  endfacet
  facet normal -2.040297e-01 9.789647e-01 0.000000e+00
    outer loop
      vertex -5.808279e+00 4.270844e+00 2.265000e+00
      vertex -5.669745e+00 4.299717e+00 2.535661e+00
      vertex -5.669745e+00 4.299717e+00 2.265000e+00
    endloop
  endfacet
  facet normal -2.676257e-01 9.635229e-01 0.000000e+00
    outer loop
      vertex -5.669745e+00 4.299717e+00 2.265000e+00
      vertex -5.669745e+00 4.299717e+00 2.535661e+00
      vertex -5.533398e+00 4.337589e+00 2.535661e+00
    endloop
  endfacet
  facet normal -2.676257e-01 9.635229e-01 0.000000e+00
    outer loop
      vertex -5.669745e+00 4.299717e+00 2.265000e+00
      vertex -5.533398e+00 4.337589e+00 2.535661e+00
      vertex -5.533398e+00 4.337589e+00 2.265000e+00
    endloop
  endfacet
  facet normal -3.300666e-01 9.439576e-01 0.000000e+00
    outer loop
      vertex -5.533398e+00 4.337589e+00 2.265000e+00
      vertex -5.533398e+00 4.337589e+00 2.535661e+00
      vertex -5.399817e+00 4.384295e+00 2.535661e+00
    endloop
  endfacet
  facet normal -3.300666e-01 9.439576e-01 0.000000e+00
    outer loop
      vertex -5.533398e+00 4.337589e+00 2.265000e+00
      vertex -5.399817e+00 4.384295e+00 2.535661e+00
      vertex -5.399817e+00 4.384295e+00 2.265000e+00
    endloop
  endfacet
  facet normal -3.910986e-01 9.203488e-01 0.000000e+00
    outer loop
      vertex -5.399817e+00 4.384295e+00 2.265000e+00
      vertex -5.399817e+00 4.384295e+00 2.535661e+00
      vertex -5.269578e+00 4.439640e+00 2.535661e+00
    endloop
  endfacet
  facet normal -3.910986e-01 9.203488e-01 0.000000e+00
    outer loop
      vertex -5.399817e+00 4.384295e+00 2.265000e+00
      vertex -5.269578e+00 4.439640e+00 2.535661e+00
      vertex -5.269578e+00 4.439640e+00 2.265000e+00
    endloop
  endfacet
  facet normal -4.504584e-01 8.927974e-01 0.000000e+00
    outer loop
      vertex -5.269578e+00 4.439640e+00 2.265000e+00
      vertex -5.269578e+00 4.439640e+00 2.535661e+00
      vertex -5.143236e+00 4.503384e+00 2.535661e+00
    endloop
  endfacet
  facet normal -4.504584e-01 8.927974e-01 0.000000e+00
    outer loop
      vertex -5.269578e+00 4.439640e+00 2.265000e+00
      vertex -5.143236e+00 4.503384e+00 2.535661e+00
      vertex -5.143236e+00 4.503384e+00 2.265000e+00
    endloop
  endfacet
  facet normal 8.614274e-01 5.078807e-01 0.000000e+00
    outer loop
      vertex -8.005911e+00 5.242503e+00 2.535661e+00
      vertex -8.077782e+00 5.364405e+00 2.265000e+00
      vertex -8.077782e+00 5.364405e+00 2.535661e+00
    endloop
  endfacet
  facet normal 8.927998e-01 4.504536e-01 0.000000e+00
    outer loop
      vertex -8.077782e+00 5.364405e+00 2.535661e+00
      vertex -8.077782e+00 5.364405e+00 2.265000e+00
      vertex -8.141526e+00 5.490744e+00 2.265000e+00
    endloop
  endfacet
  facet normal 8.927998e-01 4.504536e-01 0.000000e+00
    outer loop
      vertex -8.077782e+00 5.364405e+00 2.535661e+00
      vertex -8.141526e+00 5.490744e+00 2.265000e+00
      vertex -8.141526e+00 5.490744e+00 2.535661e+00
    endloop
  endfacet
  facet normal 9.203482e-01 3.911001e-01 0.000000e+00
    outer loop
      vertex -8.141526e+00 5.490744e+00 2.535661e+00
      vertex -8.141526e+00 5.490744e+00 2.265000e+00
      vertex -8.196873e+00 5.620983e+00 2.265000e+00
    endloop
  endfacet
  facet normal 9.203482e-01 3.911001e-01 0.000000e+00
    outer loop
      vertex -8.141526e+00 5.490744e+00 2.535661e+00
      vertex -8.196873e+00 5.620983e+00 2.265000e+00
      vertex -8.196873e+00 5.620983e+00 2.535661e+00
    endloop
  endfacet
  facet normal 9.439569e-01 3.300689e-01 0.000000e+00
    outer loop
      vertex -8.196873e+00 5.620983e+00 2.535661e+00
      vertex -8.196873e+00 5.620983e+00 2.265000e+00
      vertex -8.243580e+00 5.754564e+00 2.265000e+00
    endloop
  endfacet
  facet normal 9.439569e-01 3.300689e-01 0.000000e+00
    outer loop
      vertex -8.196873e+00 5.620983e+00 2.535661e+00
      vertex -8.243580e+00 5.754564e+00 2.265000e+00
      vertex -8.243580e+00 5.754564e+00 2.535661e+00
    endloop
  endfacet
  facet normal 9.635240e-01 2.676220e-01 0.000000e+00
    outer loop
      vertex -8.243580e+00 5.754564e+00 2.535661e+00
      vertex -8.243580e+00 5.754564e+00 2.265000e+00
      vertex -8.281452e+00 5.890914e+00 2.265000e+00
    endloop
  endfacet
  facet normal 9.635240e-01 2.676220e-01 0.000000e+00
    outer loop
      vertex -8.243580e+00 5.754564e+00 2.535661e+00
      vertex -8.281452e+00 5.890914e+00 2.265000e+00
      vertex -8.281452e+00 5.890914e+00 2.535661e+00
    endloop
  endfacet
  facet normal 9.789641e-01 2.040327e-01 0.000000e+00
    outer loop
      vertex -8.281452e+00 5.890914e+00 2.535661e+00
      vertex -8.281452e+00 5.890914e+00 2.265000e+00
      vertex -8.310324e+00 6.029448e+00 2.265000e+00
    endloop
  endfacet
  facet normal 9.789641e-01 2.040327e-01 0.000000e+00
    outer loop
      vertex -8.281452e+00 5.890914e+00 2.535661e+00
      vertex -8.310324e+00 6.029448e+00 2.265000e+00
      vertex -8.310324e+00 6.029448e+00 2.535661e+00
    endloop
  endfacet
  facet normal 9.902126e-01 1.395671e-01 0.000000e+00
    outer loop
      vertex -8.310324e+00 6.029448e+00 2.535661e+00
      vertex -8.310324e+00 6.029448e+00 2.265000e+00
      vertex -8.330076e+00 6.169572e+00 2.265000e+00
    endloop
  endfacet
  facet normal 9.902126e-01 1.395671e-01 0.000000e+00
    outer loop
      vertex -8.310324e+00 6.029448e+00 2.535661e+00
      vertex -8.330076e+00 6.169572e+00 2.265000e+00
      vertex -8.330076e+00 6.169572e+00 2.535661e+00
    endloop
  endfacet
  facet normal 9.972203e-01 7.451019e-02 0.000000e+00
    outer loop
      vertex -8.330076e+00 6.169572e+00 2.535661e+00
      vertex -8.330076e+00 6.169572e+00 2.265000e+00
      vertex -8.340618e+00 6.310692e+00 2.265000e+00
    endloop
  endfacet
  facet normal 9.972203e-01 7.451019e-02 0.000000e+00
    outer loop
      vertex -8.330076e+00 6.169572e+00 2.535661e+00
      vertex -8.340618e+00 6.310692e+00 2.265000e+00
      vertex -8.340618e+00 6.310692e+00 2.535661e+00
    endloop
  endfacet
  facet normal 9.999583e-01 9.126260e-03 0.000000e+00
    outer loop
      vertex -8.340618e+00 6.310692e+00 2.535661e+00
      vertex -8.340618e+00 6.310692e+00 2.265000e+00
      vertex -8.341911e+00 6.452196e+00 2.265000e+00
    endloop
  endfacet
  facet normal 9.999583e-01 9.126260e-03 0.000000e+00
    outer loop
      vertex -8.340618e+00 6.310692e+00 2.535661e+00
      vertex -8.341911e+00 6.452196e+00 2.265000e+00
      vertex -8.341911e+00 6.452196e+00 2.535661e+00
    endloop
  endfacet
  facet normal 9.984142e-01 -5.629414e-02 0.000000e+00
    outer loop
      vertex -8.341911e+00 6.452196e+00 2.535661e+00
      vertex -8.341911e+00 6.452196e+00 2.265000e+00
      vertex -8.333943e+00 6.593484e+00 2.265000e+00
    endloop
  endfacet
  facet normal 9.984142e-01 -5.629414e-02 0.000000e+00
    outer loop
      vertex -8.341911e+00 6.452196e+00 2.535661e+00
      vertex -8.333943e+00 6.593484e+00 2.265000e+00
      vertex -8.333943e+00 6.593484e+00 2.535661e+00
    endloop
  endfacet
  facet normal 9.925944e-01 -1.214763e-01 0.000000e+00
    outer loop
      vertex -8.333943e+00 6.593484e+00 2.535661e+00
      vertex -8.333943e+00 6.593484e+00 2.265000e+00
      vertex -8.316753e+00 6.733944e+00 2.265000e+00
    endloop
  endfacet
  facet normal 9.925944e-01 -1.214763e-01 0.000000e+00
    outer loop
      vertex -8.333943e+00 6.593484e+00 2.535661e+00
      vertex -8.316753e+00 6.733944e+00 2.265000e+00
      vertex -8.316753e+00 6.733944e+00 2.535661e+00
    endloop
  endfacet
  facet normal 9.825256e-01 -1.861278e-01 0.000000e+00
    outer loop
      vertex -8.316753e+00 6.733944e+00 2.535661e+00
      vertex -8.316753e+00 6.733944e+00 2.265000e+00
      vertex -8.290416e+00 6.872982e+00 2.265000e+00
    endloop
  endfacet
  facet normal 9.825256e-01 -1.861278e-01 0.000000e+00
    outer loop
      vertex -8.316753e+00 6.733944e+00 2.535661e+00
      vertex -8.290416e+00 6.872982e+00 2.265000e+00
      vertex -8.290416e+00 6.872982e+00 2.535661e+00
    endloop
  endfacet
  facet normal 9.682468e-01 -2.499961e-01 0.000000e+00
    outer loop
      vertex -8.290416e+00 6.872982e+00 2.535661e+00
      vertex -8.290416e+00 6.872982e+00 2.265000e+00
      vertex -8.255037e+00 7.010001e+00 2.265000e+00
    endloop
  endfacet
  facet normal 9.682468e-01 -2.499961e-01 0.000000e+00
    outer loop
      vertex -8.290416e+00 6.872982e+00 2.535661e+00
      vertex -8.255037e+00 7.010001e+00 2.265000e+00
      vertex -8.255037e+00 7.010001e+00 2.535661e+00
    endloop
  endfacet
  facet normal 9.498242e-01 -3.127842e-01 0.000000e+00
    outer loop
      vertex -8.255037e+00 7.010001e+00 2.535661e+00
      vertex -8.255037e+00 7.010001e+00 2.265000e+00
      vertex -8.210775e+00 7.144410e+00 2.265000e+00
    endloop
  endfacet
  facet normal 9.498242e-01 -3.127842e-01 0.000000e+00
    outer loop
      vertex -8.255037e+00 7.010001e+00 2.535661e+00
      vertex -8.210775e+00 7.144410e+00 2.265000e+00
      vertex -8.210775e+00 7.144410e+00 2.535661e+00
    endloop
  endfacet
  facet normal 9.273334e-01 -3.742361e-01 0.000000e+00
    outer loop
      vertex -8.210775e+00 7.144410e+00 2.535661e+00
      vertex -8.210775e+00 7.144410e+00 2.265000e+00
      vertex -8.157816e+00 7.275639e+00 2.265000e+00
    endloop
  endfacet
  facet normal 9.273334e-01 -3.742361e-01 0.000000e+00
    outer loop
      vertex -8.210775e+00 7.144410e+00 2.535661e+00
      vertex -8.157816e+00 7.275639e+00 2.265000e+00
      vertex -8.157816e+00 7.275639e+00 2.535661e+00
    endloop
  endfacet
  facet normal 9.008723e-01 -4.340840e-01 0.000000e+00
    outer loop
      vertex -8.157816e+00 7.275639e+00 2.535661e+00
      vertex -8.157816e+00 7.275639e+00 2.265000e+00
      vertex -8.096388e+00 7.403121e+00 2.265000e+00
    endloop
  endfacet
  facet normal 9.008723e-01 -4.340840e-01 0.000000e+00
    outer loop
      vertex -8.157816e+00 7.275639e+00 2.535661e+00
      vertex -8.096388e+00 7.403121e+00 2.265000e+00
      vertex -8.096388e+00 7.403121e+00 2.535661e+00
    endloop
  endfacet
  facet normal 8.705515e-01 -4.920772e-01 0.000000e+00
    outer loop
      vertex -8.096388e+00 7.403121e+00 2.535661e+00
      vertex -8.096388e+00 7.403121e+00 2.265000e+00
      vertex -8.026755e+00 7.526316e+00 2.265000e+00
    endloop
  endfacet
  facet normal 8.705515e-01 -4.920772e-01 0.000000e+00
    outer loop
      vertex -8.096388e+00 7.403121e+00 2.535661e+00
      vertex -8.026755e+00 7.526316e+00 2.265000e+00
      vertex -8.026755e+00 7.526316e+00 2.535661e+00
    endloop
  endfacet
  facet normal 8.365071e-01 -5.479561e-01 0.000000e+00
    outer loop
      vertex -8.026755e+00 7.526316e+00 2.535661e+00
      vertex -8.026755e+00 7.526316e+00 2.265000e+00
      vertex -7.949214e+00 7.644690e+00 2.265000e+00
    endloop
  endfacet
  facet normal 8.365071e-01 -5.479561e-01 0.000000e+00
    outer loop
      vertex -8.026755e+00 7.526316e+00 2.535661e+00
      vertex -7.949214e+00 7.644690e+00 2.265000e+00
      vertex -7.949214e+00 7.644690e+00 2.535661e+00
    endloop
  endfacet
  facet normal 7.988748e-01 -6.014974e-01 0.000000e+00
    outer loop
      vertex -7.949214e+00 7.644690e+00 2.535661e+00
      vertex -7.949214e+00 7.644690e+00 2.265000e+00
      vertex -7.864095e+00 7.757739e+00 2.265000e+00
    endloop
  endfacet
  facet normal 7.988748e-01 -6.014974e-01 0.000000e+00
    outer loop
      vertex -7.949214e+00 7.644690e+00 2.535661e+00
      vertex -7.864095e+00 7.757739e+00 2.265000e+00
      vertex -7.864095e+00 7.757739e+00 2.535661e+00
    endloop
  endfacet
  facet normal 7.578248e-01 -6.524581e-01 0.000000e+00
    outer loop
      vertex -7.864095e+00 7.757739e+00 2.535661e+00
      vertex -7.864095e+00 7.757739e+00 2.265000e+00
      vertex -7.771764e+00 7.864980e+00 2.265000e+00
    endloop
  endfacet
  facet normal 7.578248e-01 -6.524581e-01 0.000000e+00
    outer loop
      vertex -7.864095e+00 7.757739e+00 2.535661e+00
      vertex -7.771764e+00 7.864980e+00 2.265000e+00
      vertex -7.771764e+00 7.864980e+00 2.535661e+00
    endloop
  endfacet
  facet normal 7.135308e-01 -7.006239e-01 0.000000e+00
    outer loop
      vertex -7.771764e+00 7.864980e+00 2.535661e+00
      vertex -7.771764e+00 7.864980e+00 2.265000e+00
      vertex -7.672620e+00 7.965951e+00 2.265000e+00
    endloop
  endfacet
  facet normal 7.135308e-01 -7.006239e-01 0.000000e+00
    outer loop
      vertex -7.771764e+00 7.864980e+00 2.535661e+00
      vertex -7.672620e+00 7.965951e+00 2.265000e+00
      vertex -7.672620e+00 7.965951e+00 2.535661e+00
    endloop
  endfacet
  facet normal 6.661809e-01 -7.457901e-01 0.000000e+00
    outer loop
      vertex -7.672620e+00 7.965951e+00 2.535661e+00
      vertex -7.672620e+00 7.965951e+00 2.265000e+00
      vertex -7.567083e+00 8.060223e+00 2.265000e+00
    endloop
  endfacet
  facet normal 6.661809e-01 -7.457901e-01 0.000000e+00
    outer loop
      vertex -7.672620e+00 7.965951e+00 2.535661e+00
      vertex -7.567083e+00 8.060223e+00 2.265000e+00
      vertex -7.567083e+00 8.060223e+00 2.535661e+00
    endloop
  endfacet
  facet normal 6.159757e-01 -7.877651e-01 0.000000e+00
    outer loop
      vertex -7.567083e+00 8.060223e+00 2.535661e+00
      vertex -7.567083e+00 8.060223e+00 2.265000e+00
      vertex -7.455603e+00 8.147391e+00 2.265000e+00
    endloop
  endfacet
  facet normal 6.159757e-01 -7.877651e-01 0.000000e+00
    outer loop
      vertex -7.567083e+00 8.060223e+00 2.535661e+00
      vertex -7.455603e+00 8.147391e+00 2.265000e+00
      vertex -7.455603e+00 8.147391e+00 2.535661e+00
    endloop
  endfacet
  facet normal 5.631350e-01 -8.263649e-01 0.000000e+00
    outer loop
      vertex -7.455603e+00 8.147391e+00 2.535661e+00
      vertex -7.455603e+00 8.147391e+00 2.265000e+00
      vertex -7.338666e+00 8.227080e+00 2.265000e+00
    endloop
  endfacet
  facet normal 5.631350e-01 -8.263649e-01 0.000000e+00
    outer loop
      vertex -7.455603e+00 8.147391e+00 2.535661e+00
      vertex -7.338666e+00 8.227080e+00 2.265000e+00
      vertex -7.338666e+00 8.227080e+00 2.535661e+00
    endloop
  endfacet
  facet normal 5.078807e-01 -8.614274e-01 0.000000e+00
    outer loop
      vertex -7.338666e+00 8.227080e+00 2.535661e+00
      vertex -7.338666e+00 8.227080e+00 2.265000e+00
      vertex -7.216764e+00 8.298951e+00 2.265000e+00
    endloop
  endfacet
  facet normal 5.078807e-01 -8.614274e-01 0.000000e+00
    outer loop
      vertex -7.338666e+00 8.227080e+00 2.535661e+00
      vertex -7.216764e+00 8.298951e+00 2.265000e+00
      vertex -7.216764e+00 8.298951e+00 2.535661e+00
    endloop
  endfacet
  facet normal -8.614246e-01 -5.078854e-01 -0.000000e+00
    outer loop
      vertex -4.282218e+00 7.437933e+00 2.265000e+00
      vertex -4.354089e+00 7.559832e+00 2.535661e+00
      vertex -4.354089e+00 7.559832e+00 2.265000e+00
    endloop
  endfacet
  facet normal -8.263649e-01 -5.631350e-01 0.000000e+00
    outer loop
      vertex -4.354089e+00 7.559832e+00 2.265000e+00
      vertex -4.354089e+00 7.559832e+00 2.535661e+00
      vertex -4.433777e+00 7.676772e+00 2.535661e+00
    endloop
  endfacet
  facet normal -8.263649e-01 -5.631350e-01 -0.000000e+00
    outer loop
      vertex -4.354089e+00 7.559832e+00 2.265000e+00
      vertex -4.433777e+00 7.676772e+00 2.535661e+00
      vertex -4.433777e+00 7.676772e+00 2.265000e+00
    endloop
  endfacet
  facet normal -7.877651e-01 -6.159757e-01 0.000000e+00
    outer loop
      vertex -4.433777e+00 7.676772e+00 2.265000e+00
      vertex -4.433777e+00 7.676772e+00 2.535661e+00
      vertex -4.520946e+00 7.788249e+00 2.535661e+00
    endloop
  endfacet
  facet normal -7.877651e-01 -6.159757e-01 -0.000000e+00
    outer loop
      vertex -4.433777e+00 7.676772e+00 2.265000e+00
      vertex -4.520946e+00 7.788249e+00 2.535661e+00
      vertex -4.520946e+00 7.788249e+00 2.265000e+00
    endloop
  endfacet
  facet normal -7.457901e-01 -6.661809e-01 0.000000e+00
    outer loop
      vertex -4.520946e+00 7.788249e+00 2.265000e+00
      vertex -4.520946e+00 7.788249e+00 2.535661e+00
      vertex -4.615218e+00 7.893786e+00 2.535661e+00
    endloop
  endfacet
  facet normal -7.457901e-01 -6.661809e-01 -0.000000e+00
    outer loop
      vertex -4.520946e+00 7.788249e+00 2.265000e+00
      vertex -4.615218e+00 7.893786e+00 2.535661e+00
      vertex -4.615218e+00 7.893786e+00 2.265000e+00
    endloop
  endfacet
  facet normal -7.006239e-01 -7.135308e-01 0.000000e+00
    outer loop
      vertex -4.615218e+00 7.893786e+00 2.265000e+00
      vertex -4.615218e+00 7.893786e+00 2.535661e+00
      vertex -4.716189e+00 7.992933e+00 2.535661e+00
    endloop
  endfacet
  facet normal -7.006239e-01 -7.135308e-01 -0.000000e+00
    outer loop
      vertex -4.615218e+00 7.893786e+00 2.265000e+00
      vertex -4.716189e+00 7.992933e+00 2.535661e+00
      vertex -4.716189e+00 7.992933e+00 2.265000e+00
    endloop
  endfacet
  facet normal -6.524581e-01 -7.578248e-01 0.000000e+00
    outer loop
      vertex -4.716189e+00 7.992933e+00 2.265000e+00
      vertex -4.716189e+00 7.992933e+00 2.535661e+00
      vertex -4.823429e+00 8.085264e+00 2.535661e+00
    endloop
  endfacet
  facet normal -6.524581e-01 -7.578248e-01 -0.000000e+00
    outer loop
      vertex -4.716189e+00 7.992933e+00 2.265000e+00
      vertex -4.823429e+00 8.085264e+00 2.535661e+00
      vertex -4.823429e+00 8.085264e+00 2.265000e+00
    endloop
  endfacet
  facet normal -6.014974e-01 -7.988748e-01 0.000000e+00
    outer loop
      vertex -4.823429e+00 8.085264e+00 2.265000e+00
      vertex -4.823429e+00 8.085264e+00 2.535661e+00
      vertex -4.936479e+00 8.170380e+00 2.535661e+00
    endloop
  endfacet
  facet normal -6.014974e-01 -7.988748e-01 -0.000000e+00
    outer loop
      vertex -4.823429e+00 8.085264e+00 2.265000e+00
      vertex -4.936479e+00 8.170380e+00 2.535661e+00
      vertex -4.936479e+00 8.170380e+00 2.265000e+00
    endloop
  endfacet
  facet normal -5.479580e-01 -8.365058e-01 0.000000e+00
    outer loop
      vertex -4.936479e+00 8.170380e+00 2.265000e+00
      vertex -4.936479e+00 8.170380e+00 2.535661e+00
      vertex -5.054853e+00 8.247924e+00 2.535661e+00
    endloop
  endfacet
  facet normal -5.479580e-01 -8.365058e-01 -0.000000e+00
    outer loop
      vertex -4.936479e+00 8.170380e+00 2.265000e+00
      vertex -5.054853e+00 8.247924e+00 2.535661e+00
      vertex -5.054853e+00 8.247924e+00 2.265000e+00
    endloop
  endfacet
  facet normal -4.920755e-01 -8.705525e-01 0.000000e+00
    outer loop
      vertex -5.054853e+00 8.247924e+00 2.265000e+00
      vertex -5.054853e+00 8.247924e+00 2.535661e+00
      vertex -5.178045e+00 8.317557e+00 2.535661e+00
    endloop
  endfacet
  facet normal -4.920755e-01 -8.705525e-01 -0.000000e+00
    outer loop
      vertex -5.054853e+00 8.247924e+00 2.265000e+00
      vertex -5.178045e+00 8.317557e+00 2.535661e+00
      vertex -5.178045e+00 8.317557e+00 2.265000e+00
    endloop
  endfacet
  facet normal -4.340873e-01 -9.008708e-01 0.000000e+00
    outer loop
      vertex -5.178045e+00 8.317557e+00 2.265000e+00
      vertex -5.178045e+00 8.317557e+00 2.535661e+00
      vertex -5.305530e+00 8.378985e+00 2.535661e+00
    endloop
  endfacet
  facet normal -4.340873e-01 -9.008708e-01 -0.000000e+00
    outer loop
      vertex -5.178045e+00 8.317557e+00 2.265000e+00
      vertex -5.305530e+00 8.378985e+00 2.535661e+00
      vertex -5.305530e+00 8.378985e+00 2.265000e+00
    endloop
  endfacet
  facet normal -3.742341e-01 -9.273342e-01 0.000000e+00
    outer loop
      vertex -5.305530e+00 8.378985e+00 2.265000e+00
      vertex -5.305530e+00 8.378985e+00 2.535661e+00
      vertex -5.436756e+00 8.431944e+00 2.535661e+00
    endloop
  endfacet
  facet normal -3.742341e-01 -9.273342e-01 -0.000000e+00
    outer loop
      vertex -5.305530e+00 8.378985e+00 2.265000e+00
      vertex -5.436756e+00 8.431944e+00 2.535661e+00
      vertex -5.436756e+00 8.431944e+00 2.265000e+00
    endloop
  endfacet
  facet normal -3.127830e-01 -9.498246e-01 0.000000e+00
    outer loop
      vertex -5.436756e+00 8.431944e+00 2.265000e+00
      vertex -5.436756e+00 8.431944e+00 2.535661e+00
      vertex -5.571168e+00 8.476206e+00 2.535661e+00
    endloop
  endfacet
  facet normal -3.127830e-01 -9.498246e-01 -0.000000e+00
    outer loop
      vertex -5.436756e+00 8.431944e+00 2.265000e+00
      vertex -5.571168e+00 8.476206e+00 2.535661e+00
      vertex -5.571168e+00 8.476206e+00 2.265000e+00
    endloop
  endfacet
  facet normal -2.499961e-01 -9.682468e-01 0.000000e+00
    outer loop
      vertex -5.571168e+00 8.476206e+00 2.265000e+00
      vertex -5.571168e+00 8.476206e+00 2.535661e+00
      vertex -5.708184e+00 8.511582e+00 2.535661e+00
    endloop
  endfacet
  facet normal -2.499961e-01 -9.682468e-01 -0.000000e+00
    outer loop
      vertex -5.571168e+00 8.476206e+00 2.265000e+00
      vertex -5.708184e+00 8.511582e+00 2.535661e+00
      vertex -5.708184e+00 8.511582e+00 2.265000e+00
    endloop
  endfacet
  facet normal -1.861324e-01 -9.825247e-01 0.000000e+00
    outer loop
      vertex -5.708184e+00 8.511582e+00 2.265000e+00
      vertex -5.708184e+00 8.511582e+00 2.535661e+00
      vertex -5.847222e+00 8.537922e+00 2.535661e+00
    endloop
  endfacet
  facet normal -1.861324e-01 -9.825247e-01 -0.000000e+00
    outer loop
      vertex -5.708184e+00 8.511582e+00 2.265000e+00
      vertex -5.847222e+00 8.537922e+00 2.535661e+00
      vertex -5.847222e+00 8.537922e+00 2.265000e+00
    endloop
  endfacet
  facet normal -1.214719e-01 -9.925949e-01 0.000000e+00
    outer loop
      vertex -5.847222e+00 8.537922e+00 2.265000e+00
      vertex -5.847222e+00 8.537922e+00 2.535661e+00
      vertex -5.987685e+00 8.555112e+00 2.535661e+00
    endloop
  endfacet
  facet normal -1.214719e-01 -9.925949e-01 -0.000000e+00
    outer loop
      vertex -5.847222e+00 8.537922e+00 2.265000e+00
      vertex -5.987685e+00 8.555112e+00 2.535661e+00
      vertex -5.987685e+00 8.555112e+00 2.265000e+00
    endloop
  endfacet
  facet normal -5.629414e-02 -9.984142e-01 0.000000e+00
    outer loop
      vertex -5.987685e+00 8.555112e+00 2.265000e+00
      vertex -5.987685e+00 8.555112e+00 2.535661e+00
      vertex -6.128973e+00 8.563077e+00 2.535661e+00
    endloop
  endfacet
  facet normal -5.629414e-02 -9.984142e-01 -0.000000e+00
    outer loop
      vertex -5.987685e+00 8.555112e+00 2.265000e+00
      vertex -6.128973e+00 8.563077e+00 2.535661e+00
      vertex -6.128973e+00 8.563077e+00 2.265000e+00
    endloop
  endfacet
  facet normal 9.126260e-03 -9.999583e-01 0.000000e+00
    outer loop
      vertex -6.128973e+00 8.563077e+00 2.265000e+00
      vertex -6.128973e+00 8.563077e+00 2.535661e+00
      vertex -6.270477e+00 8.561787e+00 2.535661e+00
    endloop
  endfacet
  facet normal 9.126260e-03 -9.999583e-01 0.000000e+00
    outer loop
      vertex -6.128973e+00 8.563077e+00 2.265000e+00
      vertex -6.270477e+00 8.561787e+00 2.535661e+00
      vertex -6.270477e+00 8.561787e+00 2.265000e+00
    endloop
  endfacet
  facet normal 7.450617e-02 -9.972206e-01 0.000000e+00
    outer loop
      vertex -6.270477e+00 8.561787e+00 2.265000e+00
      vertex -6.270477e+00 8.561787e+00 2.535661e+00
      vertex -6.411594e+00 8.551242e+00 2.535661e+00
    endloop
  endfacet
  facet normal 7.450617e-02 -9.972206e-01 0.000000e+00
    outer loop
      vertex -6.270477e+00 8.561787e+00 2.265000e+00
      vertex -6.411594e+00 8.551242e+00 2.535661e+00
      vertex -6.411594e+00 8.551242e+00 2.265000e+00
    endloop
  endfacet
  facet normal 1.395711e-01 -9.902120e-01 0.000000e+00
    outer loop
      vertex -6.411594e+00 8.551242e+00 2.265000e+00
      vertex -6.411594e+00 8.551242e+00 2.535661e+00
      vertex -6.551721e+00 8.531493e+00 2.535661e+00
    endloop
  endfacet
  facet normal 1.395711e-01 -9.902120e-01 0.000000e+00
    outer loop
      vertex -6.411594e+00 8.551242e+00 2.265000e+00
      vertex -6.551721e+00 8.531493e+00 2.535661e+00
      vertex -6.551721e+00 8.531493e+00 2.265000e+00
    endloop
  endfacet
  facet normal 2.040327e-01 -9.789641e-01 0.000000e+00
    outer loop
      vertex -6.551721e+00 8.531493e+00 2.265000e+00
      vertex -6.551721e+00 8.531493e+00 2.535661e+00
      vertex -6.690255e+00 8.502621e+00 2.535661e+00
    endloop
  endfacet
  facet normal 2.040327e-01 -9.789641e-01 0.000000e+00
    outer loop
      vertex -6.551721e+00 8.531493e+00 2.265000e+00
      vertex -6.690255e+00 8.502621e+00 2.535661e+00
      vertex -6.690255e+00 8.502621e+00 2.265000e+00
    endloop
  endfacet
  facet normal 2.676220e-01 -9.635240e-01 0.000000e+00
    outer loop
      vertex -6.690255e+00 8.502621e+00 2.265000e+00
      vertex -6.690255e+00 8.502621e+00 2.535661e+00
      vertex -6.826602e+00 8.464749e+00 2.535661e+00
    endloop
  endfacet
  facet normal 2.676220e-01 -9.635240e-01 0.000000e+00
    outer loop
      vertex -6.690255e+00 8.502621e+00 2.265000e+00
      vertex -6.826602e+00 8.464749e+00 2.535661e+00
      vertex -6.826602e+00 8.464749e+00 2.265000e+00
    endloop
  endfacet
  facet normal 3.300701e-01 -9.439564e-01 0.000000e+00
    outer loop
      vertex -6.826602e+00 8.464749e+00 2.265000e+00
      vertex -6.826602e+00 8.464749e+00 2.535661e+00
      vertex -6.960183e+00 8.418039e+00 2.535661e+00
    endloop
  endfacet
  facet normal 3.300701e-01 -9.439564e-01 0.000000e+00
    outer loop
      vertex -6.826602e+00 8.464749e+00 2.265000e+00
      vertex -6.960183e+00 8.418039e+00 2.535661e+00
      vertex -6.960183e+00 8.418039e+00 2.265000e+00
    endloop
  endfacet
  facet normal 3.910986e-01 -9.203488e-01 0.000000e+00
    outer loop
      vertex -6.960183e+00 8.418039e+00 2.265000e+00
      vertex -6.960183e+00 8.418039e+00 2.535661e+00
      vertex -7.090422e+00 8.362695e+00 2.535661e+00
    endloop
  endfacet
  facet normal 3.910986e-01 -9.203488e-01 0.000000e+00
    outer loop
      vertex -6.960183e+00 8.418039e+00 2.265000e+00
      vertex -7.090422e+00 8.362695e+00 2.535661e+00
      vertex -7.090422e+00 8.362695e+00 2.265000e+00
    endloop
  endfacet
  facet normal 4.504552e-01 -8.927990e-01 0.000000e+00
    outer loop
      vertex -7.090422e+00 8.362695e+00 2.265000e+00
      vertex -7.090422e+00 8.362695e+00 2.535661e+00
      vertex -7.216764e+00 8.298951e+00 2.535661e+00
    endloop
  endfacet
  facet normal 4.504552e-01 -8.927990e-01 0.000000e+00
    outer loop
      vertex -7.090422e+00 8.362695e+00 2.265000e+00
      vertex -7.216764e+00 8.298951e+00 2.535661e+00
      vertex -7.216764e+00 8.298951e+00 2.265000e+00
    endloop
  endfacet
  facet normal -8.614246e-01 -5.078854e-01 0.000000e+00
    outer loop
      vertex -4.354089e+00 7.559832e+00 2.535661e+00
      vertex -4.282218e+00 7.437933e+00 2.265000e+00
      vertex -4.282218e+00 7.437933e+00 2.535661e+00
    endloop
  endfacet
  facet normal -8.928015e-01 -4.504503e-01 -0.000000e+00
    outer loop
      vertex -4.282218e+00 7.437933e+00 2.535661e+00
      vertex -4.282218e+00 7.437933e+00 2.265000e+00
      vertex -4.218474e+00 7.311591e+00 2.265000e+00
    endloop
  endfacet
  facet normal -8.928015e-01 -4.504503e-01 0.000000e+00
    outer loop
      vertex -4.282218e+00 7.437933e+00 2.535661e+00
      vertex -4.218474e+00 7.311591e+00 2.265000e+00
      vertex -4.218474e+00 7.311591e+00 2.535661e+00
    endloop
  endfacet
  facet normal -9.203482e-01 -3.911001e-01 -0.000000e+00
    outer loop
      vertex -4.218474e+00 7.311591e+00 2.535661e+00
      vertex -4.218474e+00 7.311591e+00 2.265000e+00
      vertex -4.163127e+00 7.181352e+00 2.265000e+00
    endloop
  endfacet
  facet normal -9.203482e-01 -3.911001e-01 0.000000e+00
    outer loop
      vertex -4.218474e+00 7.311591e+00 2.535661e+00
      vertex -4.163127e+00 7.181352e+00 2.265000e+00
      vertex -4.163127e+00 7.181352e+00 2.535661e+00
    endloop
  endfacet
  facet normal -9.439581e-01 -3.300653e-01 -0.000000e+00
    outer loop
      vertex -4.163127e+00 7.181352e+00 2.535661e+00
      vertex -4.163127e+00 7.181352e+00 2.265000e+00
      vertex -4.116420e+00 7.047771e+00 2.265000e+00
    endloop
  endfacet
  facet normal -9.439581e-01 -3.300653e-01 0.000000e+00
    outer loop
      vertex -4.163127e+00 7.181352e+00 2.535661e+00
      vertex -4.116420e+00 7.047771e+00 2.265000e+00
      vertex -4.116420e+00 7.047771e+00 2.535661e+00
    endloop
  endfacet
  facet normal -9.635229e-01 -2.676257e-01 -0.000000e+00
    outer loop
      vertex -4.116420e+00 7.047771e+00 2.535661e+00
      vertex -4.116420e+00 7.047771e+00 2.265000e+00
      vertex -4.078548e+00 6.911421e+00 2.265000e+00
    endloop
  endfacet
  facet normal -9.635229e-01 -2.676257e-01 0.000000e+00
    outer loop
      vertex -4.116420e+00 7.047771e+00 2.535661e+00
      vertex -4.078548e+00 6.911421e+00 2.265000e+00
      vertex -4.078548e+00 6.911421e+00 2.535661e+00
    endloop
  endfacet
  facet normal -9.789633e-01 -2.040366e-01 -0.000000e+00
    outer loop
      vertex -4.078548e+00 6.911421e+00 2.535661e+00
      vertex -4.078548e+00 6.911421e+00 2.265000e+00
      vertex -4.049676e+00 6.772887e+00 2.265000e+00
    endloop
  endfacet
  facet normal -9.789633e-01 -2.040366e-01 0.000000e+00
    outer loop
      vertex -4.078548e+00 6.911421e+00 2.535661e+00
      vertex -4.049676e+00 6.772887e+00 2.265000e+00
      vertex -4.049676e+00 6.772887e+00 2.535661e+00
    endloop
  endfacet
  facet normal -9.902126e-01 -1.395671e-01 -0.000000e+00
    outer loop
      vertex -4.049676e+00 6.772887e+00 2.535661e+00
      vertex -4.049676e+00 6.772887e+00 2.265000e+00
      vertex -4.029923e+00 6.632762e+00 2.265000e+00
    endloop
  endfacet
  facet normal -9.902126e-01 -1.395671e-01 0.000000e+00
    outer loop
      vertex -4.049676e+00 6.772887e+00 2.535661e+00
      vertex -4.029923e+00 6.632762e+00 2.265000e+00
      vertex -4.029923e+00 6.632762e+00 2.535661e+00
    endloop
  endfacet
  facet normal -9.972206e-01 -7.450617e-02 -0.000000e+00
    outer loop
      vertex -4.029923e+00 6.632762e+00 2.535661e+00
      vertex -4.029923e+00 6.632762e+00 2.265000e+00
      vertex -4.019382e+00 6.491646e+00 2.265000e+00
    endloop
  endfacet
  facet normal -9.972206e-01 -7.450617e-02 0.000000e+00
    outer loop
      vertex -4.029923e+00 6.632762e+00 2.535661e+00
      vertex -4.019382e+00 6.491646e+00 2.265000e+00
      vertex -4.019382e+00 6.491646e+00 2.535661e+00
    endloop
  endfacet
  facet normal -9.999584e-01 -9.122217e-03 -0.000000e+00
    outer loop
      vertex -4.019382e+00 6.491646e+00 2.535661e+00
      vertex -4.019382e+00 6.491646e+00 2.265000e+00
      vertex -4.018089e+00 6.350139e+00 2.265000e+00
    endloop
  endfacet
  facet normal -9.999584e-01 -9.122217e-03 0.000000e+00
    outer loop
      vertex -4.019382e+00 6.491646e+00 2.535661e+00
      vertex -4.018089e+00 6.350139e+00 2.265000e+00
      vertex -4.018089e+00 6.350139e+00 2.535661e+00
    endloop
  endfacet
  facet normal -9.984142e-01 5.629414e-02 0.000000e+00
    outer loop
      vertex -4.018089e+00 6.350139e+00 2.535661e+00
      vertex -4.018089e+00 6.350139e+00 2.265000e+00
      vertex -4.026056e+00 6.208854e+00 2.265000e+00
    endloop
  endfacet
  facet normal -9.984142e-01 5.629414e-02 0.000000e+00
    outer loop
      vertex -4.018089e+00 6.350139e+00 2.535661e+00
      vertex -4.026056e+00 6.208854e+00 2.265000e+00
      vertex -4.026056e+00 6.208854e+00 2.535661e+00
    endloop
  endfacet
  facet normal -9.925953e-01 1.214683e-01 0.000000e+00
    outer loop
      vertex -4.026056e+00 6.208854e+00 2.535661e+00
      vertex -4.026056e+00 6.208854e+00 2.265000e+00
      vertex -4.043247e+00 6.068391e+00 2.265000e+00
    endloop
  endfacet
  facet normal -9.925953e-01 1.214683e-01 0.000000e+00
    outer loop
      vertex -4.026056e+00 6.208854e+00 2.535661e+00
      vertex -4.043247e+00 6.068391e+00 2.265000e+00
      vertex -4.043247e+00 6.068391e+00 2.535661e+00
    endloop
  endfacet
  facet normal -9.825248e-01 1.861317e-01 0.000000e+00
    outer loop
      vertex -4.043247e+00 6.068391e+00 2.535661e+00
      vertex -4.043247e+00 6.068391e+00 2.265000e+00
      vertex -4.069584e+00 5.929353e+00 2.265000e+00
    endloop
  endfacet
  facet normal -9.825248e-01 1.861317e-01 0.000000e+00
    outer loop
      vertex -4.043247e+00 6.068391e+00 2.535661e+00
      vertex -4.069584e+00 5.929353e+00 2.265000e+00
      vertex -4.069584e+00 5.929353e+00 2.535661e+00
    endloop
  endfacet
  facet normal -9.682468e-01 2.499961e-01 0.000000e+00
    outer loop
      vertex -4.069584e+00 5.929353e+00 2.535661e+00
      vertex -4.069584e+00 5.929353e+00 2.265000e+00
      vertex -4.104962e+00 5.792337e+00 2.265000e+00
    endloop
  endfacet
  facet normal -9.682468e-01 2.499961e-01 0.000000e+00
    outer loop
      vertex -4.069584e+00 5.929353e+00 2.535661e+00
      vertex -4.104962e+00 5.792337e+00 2.265000e+00
      vertex -4.104962e+00 5.792337e+00 2.535661e+00
    endloop
  endfacet
  facet normal -9.498242e-01 3.127842e-01 0.000000e+00
    outer loop
      vertex -4.104962e+00 5.792337e+00 2.535661e+00
      vertex -4.104962e+00 5.792337e+00 2.265000e+00
      vertex -4.149225e+00 5.657925e+00 2.265000e+00
    endloop
  endfacet
  facet normal -9.498242e-01 3.127842e-01 0.000000e+00
    outer loop
      vertex -4.104962e+00 5.792337e+00 2.535661e+00
      vertex -4.149225e+00 5.657925e+00 2.265000e+00
      vertex -4.149225e+00 5.657925e+00 2.535661e+00
    endloop
  endfacet
  facet normal -9.273334e-01 3.742361e-01 0.000000e+00
    outer loop
      vertex -4.149225e+00 5.657925e+00 2.535661e+00
      vertex -4.149225e+00 5.657925e+00 2.265000e+00
      vertex -4.202183e+00 5.526696e+00 2.265000e+00
    endloop
  endfacet
  facet normal -9.273334e-01 3.742361e-01 0.000000e+00
    outer loop
      vertex -4.149225e+00 5.657925e+00 2.535661e+00
      vertex -4.202183e+00 5.526696e+00 2.265000e+00
      vertex -4.202183e+00 5.526696e+00 2.535661e+00
    endloop
  endfacet
  facet normal -9.008732e-01 4.340824e-01 0.000000e+00
    outer loop
      vertex -4.202183e+00 5.526696e+00 2.535661e+00
      vertex -4.202183e+00 5.526696e+00 2.265000e+00
      vertex -4.263612e+00 5.399214e+00 2.265000e+00
    endloop
  endfacet
  facet normal -9.008732e-01 4.340824e-01 0.000000e+00
    outer loop
      vertex -4.202183e+00 5.526696e+00 2.535661e+00
      vertex -4.263612e+00 5.399214e+00 2.265000e+00
      vertex -4.263612e+00 5.399214e+00 2.535661e+00
    endloop
  endfacet
  facet normal -8.705524e-01 4.920758e-01 0.000000e+00
    outer loop
      vertex -4.263612e+00 5.399214e+00 2.535661e+00
      vertex -4.263612e+00 5.399214e+00 2.265000e+00
      vertex -4.333244e+00 5.276021e+00 2.265000e+00
    endloop
  endfacet
  facet normal -8.705524e-01 4.920758e-01 0.000000e+00
    outer loop
      vertex -4.263612e+00 5.399214e+00 2.535661e+00
      vertex -4.333244e+00 5.276021e+00 2.265000e+00
      vertex -4.333244e+00 5.276021e+00 2.535661e+00
    endloop
  endfacet
  facet normal -8.365021e-01 5.479636e-01 0.000000e+00
    outer loop
      vertex -4.333244e+00 5.276021e+00 2.535661e+00
      vertex -4.333244e+00 5.276021e+00 2.265000e+00
      vertex -4.410788e+00 5.157648e+00 2.265000e+00
    endloop
  endfacet
  facet normal -8.365021e-01 5.479636e-01 0.000000e+00
    outer loop
      vertex -4.333244e+00 5.276021e+00 2.535661e+00
      vertex -4.410788e+00 5.157648e+00 2.265000e+00
      vertex -4.410788e+00 5.157648e+00 2.535661e+00
    endloop
  endfacet
  facet normal -7.988796e-01 6.014909e-01 0.000000e+00
    outer loop
      vertex -4.410788e+00 5.157648e+00 2.535661e+00
      vertex -4.410788e+00 5.157648e+00 2.265000e+00
      vertex -4.495905e+00 5.044595e+00 2.265000e+00
    endloop
  endfacet
  facet normal -7.988796e-01 6.014909e-01 0.000000e+00
    outer loop
      vertex -4.410788e+00 5.157648e+00 2.535661e+00
      vertex -4.495905e+00 5.044595e+00 2.265000e+00
      vertex -4.495905e+00 5.044595e+00 2.535661e+00
    endloop
  endfacet
  facet normal -7.578248e-01 6.524581e-01 0.000000e+00
    outer loop
      vertex -4.495905e+00 5.044595e+00 2.535661e+00
      vertex -4.495905e+00 5.044595e+00 2.265000e+00
      vertex -4.588236e+00 4.937357e+00 2.265000e+00
    endloop
  endfacet
  facet normal -7.578248e-01 6.524581e-01 0.000000e+00
    outer loop
      vertex -4.495905e+00 5.044595e+00 2.535661e+00
      vertex -4.588236e+00 4.937357e+00 2.265000e+00
      vertex -4.588236e+00 4.937357e+00 2.535661e+00
    endloop
  endfacet
  facet normal -7.135308e-01 7.006239e-01 0.000000e+00
    outer loop
      vertex -4.588236e+00 4.937357e+00 2.535661e+00
      vertex -4.588236e+00 4.937357e+00 2.265000e+00
      vertex -4.687380e+00 4.836384e+00 2.265000e+00
    endloop
  endfacet
  facet normal -7.135308e-01 7.006239e-01 0.000000e+00
    outer loop
      vertex -4.588236e+00 4.937357e+00 2.535661e+00
      vertex -4.687380e+00 4.836384e+00 2.265000e+00
      vertex -4.687380e+00 4.836384e+00 2.535661e+00
    endloop
  endfacet
  facet normal -6.661764e-01 7.457942e-01 0.000000e+00
    outer loop
      vertex -4.687380e+00 4.836384e+00 2.535661e+00
      vertex -4.687380e+00 4.836384e+00 2.265000e+00
      vertex -4.792917e+00 4.742112e+00 2.265000e+00
    endloop
  endfacet
  facet normal -6.661764e-01 7.457942e-01 0.000000e+00
    outer loop
      vertex -4.687380e+00 4.836384e+00 2.535661e+00
      vertex -4.792917e+00 4.742112e+00 2.265000e+00
      vertex -4.792917e+00 4.742112e+00 2.535661e+00
    endloop
  endfacet
  facet normal -6.159776e-01 7.877637e-01 0.000000e+00
    outer loop
      vertex -4.792917e+00 4.742112e+00 2.535661e+00
      vertex -4.792917e+00 4.742112e+00 2.265000e+00
      vertex -4.904394e+00 4.654947e+00 2.265000e+00
    endloop
  endfacet
  facet normal -6.159776e-01 7.877637e-01 0.000000e+00
    outer loop
      vertex -4.792917e+00 4.742112e+00 2.535661e+00
      vertex -4.904394e+00 4.654947e+00 2.265000e+00
      vertex -4.904394e+00 4.654947e+00 2.535661e+00
    endloop
  endfacet
  facet normal -5.631331e-01 8.263662e-01 0.000000e+00
    outer loop
      vertex -4.904394e+00 4.654947e+00 2.535661e+00
      vertex -4.904394e+00 4.654947e+00 2.265000e+00
      vertex -5.021337e+00 4.575255e+00 2.265000e+00
    endloop
  endfacet
  facet normal -5.631331e-01 8.263662e-01 0.000000e+00
    outer loop
      vertex -4.904394e+00 4.654947e+00 2.535661e+00
      vertex -5.021337e+00 4.575255e+00 2.265000e+00
      vertex -5.021337e+00 4.575255e+00 2.535661e+00
    endloop
  endfacet
  facet normal -5.078836e-01 8.614257e-01 0.000000e+00
    outer loop
      vertex -5.021337e+00 4.575255e+00 2.535661e+00
      vertex -5.021337e+00 4.575255e+00 2.265000e+00
      vertex -5.143236e+00 4.503384e+00 2.265000e+00
    endloop
  endfacet
  facet normal -5.078836e-01 8.614257e-01 0.000000e+00
    outer loop
      vertex -5.021337e+00 4.575255e+00 2.535661e+00
      vertex -5.143236e+00 4.503384e+00 2.265000e+00
      vertex -5.143236e+00 4.503384e+00 2.535661e+00
    endloop
  endfacet
  facet normal -2.166761e-01 -2.035981e-01 -9.547771e-01
    outer loop
      vertex -5.143236e+00 4.503384e+00 2.535661e+00
      vertex -5.703051e+00 5.429652e+00 2.465186e+00
      vertex -5.350215e+00 4.882254e+00 2.501841e+00
    endloop
  endfacet
  facet normal 2.935521e-02 -5.818130e-02 -9.978743e-01
    outer loop
      vertex -5.143236e+00 4.503384e+00 2.535661e+00
      vertex -5.269578e+00 4.439640e+00 2.535661e+00
      vertex -5.703051e+00 5.429652e+00 2.465186e+00
    endloop
  endfacet
  facet normal -3.309727e-02 5.613701e-02 -9.978743e-01
    outer loop
      vertex -7.216764e+00 8.298951e+00 2.535661e+00
      vertex -6.739806e+00 7.327419e+00 2.465186e+00
      vertex -7.338666e+00 8.227080e+00 2.535661e+00
    endloop
  endfacet
  facet normal -2.884007e-01 -7.232626e-02 -9.547743e-01
    outer loop
      vertex -7.216764e+00 8.298951e+00 2.535661e+00
      vertex -7.009788e+00 7.920081e+00 2.501841e+00
      vertex -6.739806e+00 7.327419e+00 2.465186e+00
    endloop
  endfacet
  facet normal -3.669806e-02 5.385209e-02 -9.978743e-01
    outer loop
      vertex -6.779676e+00 7.302117e+00 2.465186e+00
      vertex -7.455603e+00 8.147391e+00 2.535661e+00
      vertex -7.338666e+00 8.227080e+00 2.535661e+00
    endloop
  endfacet
  facet normal -3.487273e-02 5.495560e-02 -9.978796e-01
    outer loop
      vertex -6.779676e+00 7.302117e+00 2.465186e+00
      vertex -7.338666e+00 8.227080e+00 2.535661e+00
      vertex -6.739806e+00 7.327419e+00 2.465186e+00
    endloop
  endfacet
  facet normal -4.014155e-02 5.133663e-02 -9.978743e-01
    outer loop
      vertex -6.855918e+00 7.246425e+00 2.465186e+00
      vertex -7.567083e+00 8.060223e+00 2.535661e+00
      vertex -7.455603e+00 8.147391e+00 2.535661e+00
    endloop
  endfacet
  facet normal -3.954878e-02 5.173143e-02 -9.978776e-01
    outer loop
      vertex -6.855918e+00 7.246425e+00 2.465186e+00
      vertex -7.455603e+00 8.147391e+00 2.535661e+00
      vertex -6.818403e+00 7.275105e+00 2.465186e+00
    endloop
  endfacet
  facet normal -4.341329e-02 4.860122e-02 -9.978743e-01
    outer loop
      vertex -6.892143e+00 7.216137e+00 2.465186e+00
      vertex -7.672620e+00 7.965951e+00 2.535661e+00
      vertex -7.567083e+00 8.060223e+00 2.535661e+00
    endloop
  endfacet
  facet normal -4.174792e-02 4.993330e-02 -9.978796e-01
    outer loop
      vertex -6.892143e+00 7.216137e+00 2.465186e+00
      vertex -7.567083e+00 8.060223e+00 2.535661e+00
      vertex -6.855918e+00 7.246425e+00 2.465186e+00
    endloop
  endfacet
  facet normal -4.649896e-02 4.565785e-02 -9.978743e-01
    outer loop
      vertex -6.960462e+00 7.150968e+00 2.465186e+00
      vertex -7.771764e+00 7.864980e+00 2.535661e+00
      vertex -7.672620e+00 7.965951e+00 2.535661e+00
    endloop
  endfacet
  facet normal -4.596265e-02 4.612678e-02 -9.978777e-01
    outer loop
      vertex -6.960462e+00 7.150968e+00 2.465186e+00
      vertex -7.672620e+00 7.965951e+00 2.535661e+00
      vertex -6.927015e+00 7.184298e+00 2.465186e+00
    endloop
  endfacet
  facet normal -4.938550e-02 4.251902e-02 -9.978743e-01
    outer loop
      vertex -6.992427e+00 7.116213e+00 2.465186e+00
      vertex -7.864095e+00 7.757739e+00 2.535661e+00
      vertex -7.771764e+00 7.864980e+00 2.535661e+00
    endloop
  endfacet
  facet normal -4.790791e-02 4.405743e-02 -9.978796e-01
    outer loop
      vertex -6.992427e+00 7.116213e+00 2.465186e+00
      vertex -7.771764e+00 7.864980e+00 2.535661e+00
      vertex -6.960462e+00 7.150968e+00 2.465186e+00
    endloop
  endfacet
  facet normal -5.206061e-02 3.919803e-02 -9.978743e-01
    outer loop
      vertex -7.051653e+00 7.042683e+00 2.465186e+00
      vertex -7.949214e+00 7.644690e+00 2.535661e+00
      vertex -7.864095e+00 7.757739e+00 2.535661e+00
    endloop
  endfacet
  facet normal -5.158996e-02 3.973308e-02 -9.978777e-01
    outer loop
      vertex -7.051653e+00 7.042683e+00 2.465186e+00
      vertex -7.864095e+00 7.757739e+00 2.535661e+00
      vertex -7.022841e+00 7.080093e+00 2.465186e+00
    endloop
  endfacet
  facet normal -5.451300e-02 3.570888e-02 -9.978743e-01
    outer loop
      vertex -7.078806e+00 7.004052e+00 2.465186e+00
      vertex -8.026755e+00 7.526316e+00 2.535661e+00
      vertex -7.949214e+00 7.644690e+00 2.535661e+00
    endloop
  endfacet
  facet normal -5.324906e-02 3.742673e-02 -9.978796e-01
    outer loop
      vertex -7.078806e+00 7.004052e+00 2.465186e+00
      vertex -7.949214e+00 7.644690e+00 2.535661e+00
      vertex -7.051653e+00 7.042683e+00 2.465186e+00
    endloop
  endfacet
  facet normal -5.673163e-02 3.206742e-02 -9.978743e-01
    outer loop
      vertex -7.127931e+00 6.923421e+00 2.465186e+00
      vertex -8.096388e+00 7.403121e+00 2.535661e+00
      vertex -8.026755e+00 7.526316e+00 2.535661e+00
    endloop
  endfacet
  facet normal -5.633466e-02 3.265962e-02 -9.978777e-01
    outer loop
      vertex -7.127931e+00 6.923421e+00 2.465186e+00
      vertex -8.026755e+00 7.526316e+00 2.535661e+00
      vertex -7.104249e+00 6.964272e+00 2.465186e+00
    endloop
  endfacet
  facet normal -5.870753e-02 2.828814e-02 -9.978743e-01
    outer loop
      vertex -7.149810e+00 6.881576e+00 2.465186e+00
      vertex -8.157816e+00 7.275639e+00 2.535661e+00
      vertex -8.096388e+00 7.403121e+00 2.535661e+00
    endloop
  endfacet
  facet normal -5.767886e-02 3.015581e-02 -9.978796e-01
    outer loop
      vertex -7.149810e+00 6.881576e+00 2.465186e+00
      vertex -8.096388e+00 7.403121e+00 2.535661e+00
      vertex -7.127931e+00 6.923421e+00 2.465186e+00
    endloop
  endfacet
  facet normal -6.043195e-02 2.438801e-02 -9.978743e-01
    outer loop
      vertex -7.187991e+00 6.795222e+00 2.465186e+00
      vertex -8.210775e+00 7.144410e+00 2.535661e+00
      vertex -8.157816e+00 7.275639e+00 2.535661e+00
    endloop
  endfacet
  facet normal -6.011594e-02 2.502641e-02 -9.978777e-01
    outer loop
      vertex -7.187991e+00 6.795222e+00 2.465186e+00
      vertex -8.157816e+00 7.275639e+00 2.535661e+00
      vertex -7.169841e+00 6.838815e+00 2.465186e+00
    endloop
  endfacet
  facet normal -6.189762e-02 2.038335e-02 -9.978743e-01
    outer loop
      vertex -7.204217e+00 6.750882e+00 2.465186e+00
      vertex -8.255037e+00 7.010001e+00 2.535661e+00
      vertex -8.210775e+00 7.144410e+00 2.535661e+00
    endloop
  endfacet
  facet normal -6.112135e-02 2.236979e-02 -9.978796e-01
    outer loop
      vertex -7.204217e+00 6.750882e+00 2.465186e+00
      vertex -8.210775e+00 7.144410e+00 2.535661e+00
      vertex -7.187991e+00 6.795222e+00 2.465186e+00
    endloop
  endfacet
  facet normal -6.309814e-02 1.629160e-02 -9.978743e-01
    outer loop
      vertex -7.230801e+00 6.660282e+00 2.465186e+00
      vertex -8.290416e+00 6.872982e+00 2.535661e+00
      vertex -8.255037e+00 7.010001e+00 2.535661e+00
    endloop
  endfacet
  facet normal -6.286829e-02 1.696541e-02 -9.978776e-01
    outer loop
      vertex -7.230801e+00 6.660282e+00 2.465186e+00
      vertex -8.255037e+00 7.010001e+00 2.535661e+00
      vertex -7.218498e+00 6.705872e+00 2.465186e+00
    endloop
  endfacet
  facet normal -6.402867e-02 1.212947e-02 -9.978743e-01
    outer loop
      vertex -7.241103e+00 6.614202e+00 2.465186e+00
      vertex -8.316753e+00 6.733944e+00 2.535661e+00
      vertex -8.290416e+00 6.872982e+00 2.535661e+00
    endloop
  endfacet
  facet normal -6.351820e-02 1.420077e-02 -9.978796e-01
    outer loop
      vertex -7.241103e+00 6.614202e+00 2.465186e+00
      vertex -8.290416e+00 6.872982e+00 2.535661e+00
      vertex -7.230801e+00 6.660282e+00 2.465186e+00
    endloop
  endfacet
  facet normal -6.468483e-02 7.916301e-03 -9.978743e-01
    outer loop
      vertex -7.255632e+00 6.520908e+00 2.465186e+00
      vertex -8.333943e+00 6.593484e+00 2.535661e+00
      vertex -8.316753e+00 6.733944e+00 2.535661e+00
    endloop
  endfacet
  facet normal -6.454472e-02 8.615222e-03 -9.978776e-01
    outer loop
      vertex -7.255632e+00 6.520908e+00 2.465186e+00
      vertex -8.316753e+00 6.733944e+00 2.535661e+00
      vertex -7.249386e+00 6.567714e+00 2.465186e+00
    endloop
  endfacet
  facet normal -6.506406e-02 3.668542e-03 -9.978743e-01
    outer loop
      vertex -7.259832e+00 6.473877e+00 2.465186e+00
      vertex -8.341911e+00 6.452196e+00 2.535661e+00
      vertex -8.333943e+00 6.593484e+00 2.535661e+00
    endloop
  endfacet
  facet normal -6.482844e-02 5.787591e-03 -9.978796e-01
    outer loop
      vertex -7.259832e+00 6.473877e+00 2.465186e+00
      vertex -8.333943e+00 6.593484e+00 2.535661e+00
      vertex -7.255632e+00 6.520908e+00 2.465186e+00
    endloop
  endfacet
  facet normal -6.516471e-02 -5.947349e-04 -9.978743e-01
    outer loop
      vertex -7.262061e+00 6.379488e+00 2.465186e+00
      vertex -8.340618e+00 6.310692e+00 2.535661e+00
      vertex -8.341911e+00 6.452196e+00 2.535661e+00
    endloop
  endfacet
  facet normal -6.511706e-02 1.159958e-04 -9.978776e-01
    outer loop
      vertex -7.262061e+00 6.379488e+00 2.465186e+00
      vertex -8.341911e+00 6.452196e+00 2.535661e+00
      vertex -7.261974e+00 6.426705e+00 2.465186e+00
    endloop
  endfacet
  facet normal -6.498627e-02 -4.855637e-03 -9.978743e-01
    outer loop
      vertex -7.260084e+00 6.332307e+00 2.465186e+00
      vertex -8.330076e+00 6.169572e+00 2.535661e+00
      vertex -8.340618e+00 6.310692e+00 2.535661e+00
    endloop
  endfacet
  facet normal -6.502928e-02 -2.723421e-03 -9.978796e-01
    outer loop
      vertex -7.260084e+00 6.332307e+00 2.465186e+00
      vertex -8.340618e+00 6.310692e+00 2.535661e+00
      vertex -7.262061e+00 6.379488e+00 2.465186e+00
    endloop
  endfacet
  facet normal -6.452962e-02 -9.095232e-03 -9.978743e-01
    outer loop
      vertex -7.249971e+00 6.238434e+00 2.465186e+00
      vertex -8.310324e+00 6.029448e+00 2.535661e+00
      vertex -8.330076e+00 6.169572e+00 2.535661e+00
    endloop
  endfacet
  facet normal -6.457518e-02 -8.383978e-03 -9.978776e-01
    outer loop
      vertex -7.249971e+00 6.238434e+00 2.465186e+00
      vertex -8.330076e+00 6.169572e+00 2.535661e+00
      vertex -7.256052e+00 6.285261e+00 2.465186e+00
    endloop
  endfacet
  facet normal -6.379656e-02 -1.329629e-02 -9.978743e-01
    outer loop
      vertex -7.241856e+00 6.191919e+00 2.465186e+00
      vertex -8.281452e+00 5.890914e+00 2.535661e+00
      vertex -8.310324e+00 6.029448e+00 2.535661e+00
    endloop
  endfacet
  facet normal -6.411749e-02 -1.118801e-02 -9.978796e-01
    outer loop
      vertex -7.241856e+00 6.191919e+00 2.465186e+00
      vertex -8.310324e+00 6.029448e+00 2.535661e+00
      vertex -7.249971e+00 6.238434e+00 2.465186e+00
    endloop
  endfacet
  facet normal -6.279036e-02 -1.744023e-02 -9.978743e-01
    outer loop
      vertex -7.219578e+00 6.100167e+00 2.465186e+00
      vertex -8.243580e+00 5.754564e+00 2.535661e+00
      vertex -8.281452e+00 5.890914e+00 2.535661e+00
    endloop
  endfacet
  facet normal -6.292816e-02 -1.674207e-02 -9.978776e-01
    outer loop
      vertex -7.219578e+00 6.100167e+00 2.465186e+00
      vertex -8.281452e+00 5.890914e+00 2.535661e+00
      vertex -7.231719e+00 6.145800e+00 2.465186e+00
    endloop
  endfacet
  facet normal -6.151525e-02 -2.150974e-02 -9.978743e-01
    outer loop
      vertex -7.205460e+00 6.055107e+00 2.465186e+00
      vertex -8.196873e+00 5.620983e+00 2.535661e+00
      vertex -8.243580e+00 5.754564e+00 2.535661e+00
    endloop
  endfacet
  facet normal -6.210881e-02 -1.946071e-02 -9.978796e-01
    outer loop
      vertex -7.205460e+00 6.055107e+00 2.465186e+00
      vertex -8.243580e+00 5.754564e+00 2.535661e+00
      vertex -7.219578e+00 6.100167e+00 2.465186e+00
    endloop
  endfacet
  facet normal -5.997673e-02 -2.548699e-02 -9.978743e-01
    outer loop
      vertex -7.171395e+00 5.967051e+00 2.465186e+00
      vertex -8.141526e+00 5.490744e+00 2.535661e+00
      vertex -8.196873e+00 5.620983e+00 2.535661e+00
    endloop
  endfacet
  facet normal -6.020475e-02 -2.481196e-02 -9.978776e-01
    outer loop
      vertex -7.171395e+00 5.967051e+00 2.465186e+00
      vertex -8.196873e+00 5.620983e+00 2.535661e+00
      vertex -7.189389e+00 6.010707e+00 2.465186e+00
    endloop
  endfacet
  facet normal -5.818146e-02 -2.935490e-02 -9.978743e-01
    outer loop
      vertex -7.151517e+00 5.924220e+00 2.465186e+00
      vertex -8.077782e+00 5.364405e+00 2.535661e+00
      vertex -8.141526e+00 5.490744e+00 2.535661e+00
    endloop
  endfacet
  facet normal -5.903709e-02 -2.740162e-02 -9.978796e-01
    outer loop
      vertex -7.151517e+00 5.924220e+00 2.465186e+00
      vertex -8.141526e+00 5.490744e+00 2.535661e+00
      vertex -7.171395e+00 5.967051e+00 2.465186e+00
    endloop
  endfacet
  facet normal -5.613701e-02 -3.309727e-02 -9.978743e-01
    outer loop
      vertex -7.106250e+00 5.841360e+00 2.465186e+00
      vertex -8.005911e+00 5.242503e+00 2.535661e+00
      vertex -8.077782e+00 5.364405e+00 2.535661e+00
    endloop
  endfacet
  facet normal -5.645132e-02 -3.245754e-02 -9.978777e-01
    outer loop
      vertex -7.106250e+00 5.841360e+00 2.465186e+00
      vertex -8.077782e+00 5.364405e+00 2.535661e+00
      vertex -7.129788e+00 5.882298e+00 2.465186e+00
    endloop
  endfacet
  facet normal -5.385200e-02 -3.669818e-02 -9.978743e-01
    outer loop
      vertex -7.080951e+00 5.801493e+00 2.465186e+00
      vertex -7.926222e+00 5.125562e+00 2.535661e+00
      vertex -8.005911e+00 5.242503e+00 2.535661e+00
    endloop
  endfacet
  facet normal -5.495537e-02 -3.487308e-02 -9.978796e-01
    outer loop
      vertex -7.080951e+00 5.801493e+00 2.465186e+00
      vertex -8.005911e+00 5.242503e+00 2.535661e+00
      vertex -7.106250e+00 5.841360e+00 2.465186e+00
    endloop
  endfacet
  facet normal -5.133653e-02 -4.014168e-02 -9.978743e-01
    outer loop
      vertex -7.025256e+00 5.725251e+00 2.465186e+00
      vertex -7.839054e+00 5.014086e+00 2.535661e+00
      vertex -7.926222e+00 5.125562e+00 2.535661e+00
    endloop
  endfacet
  facet normal -5.173178e-02 -3.954827e-02 -9.978776e-01
    outer loop
      vertex -7.025256e+00 5.725251e+00 2.465186e+00
      vertex -7.926222e+00 5.125562e+00 2.535661e+00
      vertex -7.053936e+00 5.762763e+00 2.465186e+00
    endloop
  endfacet
  facet normal -4.860125e-02 -4.341332e-02 -9.978743e-01
    outer loop
      vertex -6.994968e+00 5.689026e+00 2.465186e+00
      vertex -7.744782e+00 4.908549e+00 2.535661e+00
      vertex -7.839054e+00 5.014086e+00 2.535661e+00
    endloop
  endfacet
  facet normal -4.993365e-02 -4.174756e-02 -9.978796e-01
    outer loop
      vertex -6.994968e+00 5.689026e+00 2.465186e+00
      vertex -7.839054e+00 5.014086e+00 2.535661e+00
      vertex -7.025256e+00 5.725251e+00 2.465186e+00
    endloop
  endfacet
  facet normal -4.565811e-02 -4.649869e-02 -9.978743e-01
    outer loop
      vertex -6.929799e+00 5.620707e+00 2.465186e+00
      vertex -7.643811e+00 4.809402e+00 2.535661e+00
      vertex -7.744782e+00 4.908549e+00 2.535661e+00
    endloop
  endfacet
  facet normal -4.612643e-02 -4.596309e-02 -9.978776e-01
    outer loop
      vertex -6.929799e+00 5.620707e+00 2.465186e+00
      vertex -7.744782e+00 4.908549e+00 2.535661e+00
      vertex -6.963129e+00 5.654154e+00 2.465186e+00
    endloop
  endfacet
  facet normal -4.251871e-02 -4.938575e-02 -9.978743e-01
    outer loop
      vertex -6.895044e+00 5.588742e+00 2.465186e+00
      vertex -7.536570e+00 4.717074e+00 2.535661e+00
      vertex -7.643811e+00 4.809402e+00 2.535661e+00
    endloop
  endfacet
  facet normal -4.405741e-02 -4.790790e-02 -9.978796e-01
    outer loop
      vertex -6.895044e+00 5.588742e+00 2.465186e+00
      vertex -7.643811e+00 4.809402e+00 2.535661e+00
      vertex -6.929799e+00 5.620707e+00 2.465186e+00
    endloop
  endfacet
  facet normal -3.919808e-02 -5.206059e-02 -9.978743e-01
    outer loop
      vertex -6.821514e+00 5.529513e+00 2.465186e+00
      vertex -7.423521e+00 4.631955e+00 2.535661e+00
      vertex -7.536570e+00 4.717074e+00 2.535661e+00
    endloop
  endfacet
  facet normal -3.973310e-02 -5.158998e-02 -9.978776e-01
    outer loop
      vertex -6.821514e+00 5.529513e+00 2.465186e+00
      vertex -7.536570e+00 4.717074e+00 2.535661e+00
      vertex -6.858923e+00 5.558325e+00 2.465186e+00
    endloop
  endfacet
  facet normal -3.570900e-02 -5.451293e-02 -9.978743e-01
    outer loop
      vertex -6.782883e+00 5.502360e+00 2.465186e+00
      vertex -7.305147e+00 4.554414e+00 2.535661e+00
      vertex -7.423521e+00 4.631955e+00 2.535661e+00
    endloop
  endfacet
  facet normal -3.742673e-02 -5.324908e-02 -9.978796e-01
    outer loop
      vertex -6.782883e+00 5.502360e+00 2.465186e+00
      vertex -7.423521e+00 4.631955e+00 2.535661e+00
      vertex -6.821514e+00 5.529513e+00 2.465186e+00
    endloop
  endfacet
  facet normal -3.206722e-02 -5.673174e-02 -9.978743e-01
    outer loop
      vertex -6.702252e+00 5.453235e+00 2.465186e+00
      vertex -7.181955e+00 4.484778e+00 2.535661e+00
      vertex -7.305147e+00 4.554414e+00 2.535661e+00
    endloop
  endfacet
  facet normal -3.265928e-02 -5.633487e-02 -9.978777e-01
    outer loop
      vertex -6.702252e+00 5.453235e+00 2.465186e+00
      vertex -7.305147e+00 4.554414e+00 2.535661e+00
      vertex -6.743103e+00 5.476920e+00 2.465186e+00
    endloop
  endfacet
  facet normal -2.828848e-02 -5.870740e-02 -9.978743e-01
    outer loop
      vertex -6.660408e+00 5.431359e+00 2.465186e+00
      vertex -7.054470e+00 4.423350e+00 2.535661e+00
      vertex -7.181955e+00 4.484778e+00 2.535661e+00
    endloop
  endfacet
  facet normal -3.015644e-02 -5.767858e-02 -9.978796e-01
    outer loop
      vertex -6.660408e+00 5.431359e+00 2.465186e+00
      vertex -7.181955e+00 4.484778e+00 2.535661e+00
      vertex -6.702252e+00 5.453235e+00 2.465186e+00
    endloop
  endfacet
  facet normal -2.438810e-02 -6.043189e-02 -9.978743e-01
    outer loop
      vertex -6.574056e+00 5.393178e+00 2.465186e+00
      vertex -6.923244e+00 4.370391e+00 2.535661e+00
      vertex -7.054470e+00 4.423350e+00 2.535661e+00
    endloop
  endfacet
  facet normal -2.502668e-02 -6.011580e-02 -9.978777e-01
    outer loop
      vertex -6.574056e+00 5.393178e+00 2.465186e+00
      vertex -7.054470e+00 4.423350e+00 2.535661e+00
      vertex -6.617649e+00 5.411325e+00 2.465186e+00
    endloop
  endfacet
  facet normal -2.038334e-02 -6.189758e-02 -9.978743e-01
    outer loop
      vertex -6.529713e+00 5.376948e+00 2.465186e+00
      vertex -6.788832e+00 4.326129e+00 2.535661e+00
      vertex -6.923244e+00 4.370391e+00 2.535661e+00
    endloop
  endfacet
  facet normal -2.236952e-02 -6.112142e-02 -9.978796e-01
    outer loop
      vertex -6.529713e+00 5.376948e+00 2.465186e+00
      vertex -6.923244e+00 4.370391e+00 2.535661e+00
      vertex -6.574056e+00 5.393178e+00 2.465186e+00
    endloop
  endfacet
  facet normal -1.629112e-02 -6.309830e-02 -9.978743e-01
    outer loop
      vertex -6.439116e+00 5.350368e+00 2.465186e+00
      vertex -6.651816e+00 4.290753e+00 2.535661e+00
      vertex -6.788832e+00 4.326129e+00 2.535661e+00
    endloop
  endfacet
  facet normal -1.696541e-02 -6.286829e-02 -9.978776e-01
    outer loop
      vertex -6.439116e+00 5.350368e+00 2.465186e+00
      vertex -6.788832e+00 4.326129e+00 2.535661e+00
      vertex -6.484704e+00 5.362668e+00 2.465186e+00
    endloop
  endfacet
  facet normal -1.212973e-02 -6.402864e-02 -9.978743e-01
    outer loop
      vertex -6.393033e+00 5.340066e+00 2.465186e+00
      vertex -6.512778e+00 4.264413e+00 2.535661e+00
      vertex -6.651816e+00 4.290753e+00 2.535661e+00
    endloop
  endfacet
  facet normal -1.420003e-02 -6.351840e-02 -9.978796e-01
    outer loop
      vertex -6.393033e+00 5.340066e+00 2.465186e+00
      vertex -6.651816e+00 4.290753e+00 2.535661e+00
      vertex -6.439116e+00 5.350368e+00 2.465186e+00
    endloop
  endfacet
  facet normal -7.916269e-03 -6.468483e-02 -9.978743e-01
    outer loop
      vertex -6.299742e+00 5.325536e+00 2.465186e+00
      vertex -6.372315e+00 4.247223e+00 2.535661e+00
      vertex -6.512778e+00 4.264413e+00 2.535661e+00
    endloop
  endfacet
  facet normal -8.615325e-03 -6.454471e-02 -9.978777e-01
    outer loop
      vertex -6.299742e+00 5.325536e+00 2.465186e+00
      vertex -6.512778e+00 4.264413e+00 2.535661e+00
      vertex -6.346545e+00 5.331783e+00 2.465186e+00
    endloop
  endfacet
  facet normal -3.668558e-03 -6.506407e-02 -9.978743e-01
    outer loop
      vertex -6.252708e+00 5.321337e+00 2.465186e+00
      vertex -6.231027e+00 4.239258e+00 2.535661e+00
      vertex -6.372315e+00 4.247223e+00 2.535661e+00
    endloop
  endfacet
  facet normal -5.787591e-03 -6.482844e-02 -9.978796e-01
    outer loop
      vertex -6.252708e+00 5.321337e+00 2.465186e+00
      vertex -6.372315e+00 4.247223e+00 2.535661e+00
      vertex -6.299742e+00 5.325536e+00 2.465186e+00
    endloop
  endfacet
  facet normal 5.949985e-04 -6.516472e-02 -9.978743e-01
    outer loop
      vertex -6.158319e+00 5.319107e+00 2.465186e+00
      vertex -6.089523e+00 4.240551e+00 2.535661e+00
      vertex -6.231027e+00 4.239258e+00 2.535661e+00
    endloop
  endfacet
  facet normal -1.167848e-04 -6.511701e-02 -9.978777e-01
    outer loop
      vertex -6.158319e+00 5.319107e+00 2.465186e+00
      vertex -6.231027e+00 4.239258e+00 2.535661e+00
      vertex -6.205539e+00 5.319192e+00 2.465186e+00
    endloop
  endfacet
  facet normal 4.855379e-03 -6.498634e-02 -9.978743e-01
    outer loop
      vertex -6.111141e+00 5.321085e+00 2.465186e+00
      vertex -5.948406e+00 4.251093e+00 2.535661e+00
      vertex -6.089523e+00 4.240551e+00 2.535661e+00
    endloop
  endfacet
  facet normal 2.722636e-03 -6.502937e-02 -9.978796e-01
    outer loop
      vertex -6.111141e+00 5.321085e+00 2.465186e+00
      vertex -6.089523e+00 4.240551e+00 2.535661e+00
      vertex -6.158319e+00 5.319107e+00 2.465186e+00
    endloop
  endfacet
  facet normal 9.095197e-03 -6.452962e-02 -9.978743e-01
    outer loop
      vertex -6.017268e+00 5.331194e+00 2.465186e+00
      vertex -5.808279e+00 4.270844e+00 2.535661e+00
      vertex -5.948406e+00 4.251093e+00 2.535661e+00
    endloop
  endfacet
  facet normal 8.384863e-03 -6.457512e-02 -9.978776e-01
    outer loop
      vertex -6.017268e+00 5.331194e+00 2.465186e+00
      vertex -5.948406e+00 4.251093e+00 2.535661e+00
      vertex -6.064092e+00 5.325116e+00 2.465186e+00
    endloop
  endfacet
  facet normal 1.329609e-02 -6.379661e-02 -9.978743e-01
    outer loop
      vertex -5.970750e+00 5.339313e+00 2.465186e+00
      vertex -5.669745e+00 4.299717e+00 2.535661e+00
      vertex -5.808279e+00 4.270844e+00 2.535661e+00
    endloop
  endfacet
  facet normal 1.118725e-02 -6.411764e-02 -9.978796e-01
    outer loop
      vertex -5.970750e+00 5.339313e+00 2.465186e+00
      vertex -5.808279e+00 4.270844e+00 2.535661e+00
      vertex -6.017268e+00 5.331194e+00 2.465186e+00
    endloop
  endfacet
  facet normal 1.744048e-02 -6.279032e-02 -9.978743e-01
    outer loop
      vertex -5.879001e+00 5.361591e+00 2.465186e+00
      vertex -5.533398e+00 4.337589e+00 2.535661e+00
      vertex -5.669745e+00 4.299717e+00 2.535661e+00
    endloop
  endfacet
  facet normal 1.674132e-02 -6.292831e-02 -9.978777e-01
    outer loop
      vertex -5.879001e+00 5.361591e+00 2.465186e+00
      vertex -5.669745e+00 4.299717e+00 2.535661e+00
      vertex -5.924631e+00 5.349450e+00 2.465186e+00
    endloop
  endfacet
  facet normal 2.150960e-02 -6.151532e-02 -9.978743e-01
    outer loop
      vertex -5.833941e+00 5.375709e+00 2.465186e+00
      vertex -5.399817e+00 4.384295e+00 2.535661e+00
      vertex -5.533398e+00 4.337589e+00 2.535661e+00
    endloop
  endfacet
  facet normal 1.946072e-02 -6.210883e-02 -9.978796e-01
    outer loop
      vertex -5.833941e+00 5.375709e+00 2.465186e+00
      vertex -5.533398e+00 4.337589e+00 2.535661e+00
      vertex -5.879001e+00 5.361591e+00 2.465186e+00
    endloop
  endfacet
  facet normal 2.548689e-02 -5.997675e-02 -9.978743e-01
    outer loop
      vertex -5.745882e+00 5.409774e+00 2.465186e+00
      vertex -5.269578e+00 4.439640e+00 2.535661e+00
      vertex -5.399817e+00 4.384295e+00 2.535661e+00
    endloop
  endfacet
  facet normal 2.481265e-02 -6.020449e-02 -9.978776e-01
    outer loop
      vertex -5.745882e+00 5.409774e+00 2.465186e+00
      vertex -5.399817e+00 4.384295e+00 2.535661e+00
      vertex -5.789541e+00 5.391779e+00 2.465186e+00
    endloop
  endfacet
  facet normal 2.740161e-02 -5.903705e-02 -9.978796e-01
    outer loop
      vertex -5.703051e+00 5.429652e+00 2.465186e+00
      vertex -5.269578e+00 4.439640e+00 2.535661e+00
      vertex -5.745882e+00 5.409774e+00 2.465186e+00
    endloop
  endfacet
  facet normal -2.442423e-02 -8.245767e-02 -9.962953e-01
    outer loop
      vertex -5.557440e+00 5.261580e+00 2.475526e+00
      vertex -5.350215e+00 4.882254e+00 2.501841e+00
      vertex -5.703051e+00 5.429652e+00 2.465186e+00
    endloop
  endfacet
  facet normal 3.746254e-02 -2.899980e-02 -9.988771e-01
    outer loop
      vertex -5.557440e+00 5.261580e+00 2.475526e+00
      vertex -5.703051e+00 5.429652e+00 2.465186e+00
      vertex -5.764857e+00 5.641251e+00 2.456725e+00
    endloop
  endfacet
  facet normal -8.258254e-02 2.399956e-02 -9.962952e-01
    outer loop
      vertex -6.739806e+00 7.327419e+00 2.465186e+00
      vertex -7.009788e+00 7.920081e+00 2.501841e+00
      vertex -6.802560e+00 7.540755e+00 2.475526e+00
    endloop
  endfacet
  facet normal -4.160957e-03 4.719252e-02 -9.988771e-01
    outer loop
      vertex -6.802560e+00 7.540755e+00 2.475526e+00
      vertex -6.595143e+00 7.161084e+00 2.456725e+00
      vertex -6.739806e+00 7.327419e+00 2.465186e+00
    endloop
  endfacet
  facet normal -3.725461e-02 5.340732e-02 -9.978777e-01
    outer loop
      vertex -7.455603e+00 8.147391e+00 2.535661e+00
      vertex -6.779676e+00 7.302117e+00 2.465186e+00
      vertex -6.818403e+00 7.275105e+00 2.465186e+00
    endloop
  endfacet
  facet normal -4.390704e-02 4.808760e-02 -9.978777e-01
    outer loop
      vertex -7.672620e+00 7.965951e+00 2.535661e+00
      vertex -6.892143e+00 7.216137e+00 2.465186e+00
      vertex -6.927015e+00 7.184298e+00 2.465186e+00
    endloop
  endfacet
  facet normal -4.980826e-02 4.194496e-02 -9.978777e-01
    outer loop
      vertex -7.864095e+00 7.757739e+00 2.535661e+00
      vertex -6.992427e+00 7.116213e+00 2.465186e+00
      vertex -7.022841e+00 7.080093e+00 2.465186e+00
    endloop
  endfacet
  facet normal -5.485678e-02 3.508533e-02 -9.978776e-01
    outer loop
      vertex -8.026755e+00 7.526316e+00 2.535661e+00
      vertex -7.078806e+00 7.004052e+00 2.465186e+00
      vertex -7.104249e+00 6.964272e+00 2.465186e+00
    endloop
  endfacet
  facet normal -5.896693e-02 2.762517e-02 -9.978777e-01
    outer loop
      vertex -8.157816e+00 7.275639e+00 2.535661e+00
      vertex -7.149810e+00 6.881576e+00 2.465186e+00
      vertex -7.169841e+00 6.838815e+00 2.465186e+00
    endloop
  endfacet
  facet normal -6.206842e-02 1.969155e-02 -9.978776e-01
    outer loop
      vertex -8.255037e+00 7.010001e+00 2.535661e+00
      vertex -7.204217e+00 6.750882e+00 2.465186e+00
      vertex -7.218498e+00 6.705872e+00 2.465186e+00
    endloop
  endfacet
  facet normal -6.410770e-02 1.142137e-02 -9.978777e-01
    outer loop
      vertex -8.316753e+00 6.733944e+00 2.535661e+00
      vertex -7.241103e+00 6.614202e+00 2.465186e+00
      vertex -7.249386e+00 6.567714e+00 2.465186e+00
    endloop
  endfacet
  facet normal -6.505001e-02 2.956711e-03 -9.978777e-01
    outer loop
      vertex -8.341911e+00 6.452196e+00 2.535661e+00
      vertex -7.259832e+00 6.473877e+00 2.465186e+00
      vertex -7.261974e+00 6.426705e+00 2.465186e+00
    endloop
  endfacet
  facet normal -6.487937e-02 -5.559961e-03 -9.978777e-01
    outer loop
      vertex -8.330076e+00 6.169572e+00 2.535661e+00
      vertex -7.260084e+00 6.332307e+00 2.465186e+00
      vertex -7.256052e+00 6.285261e+00 2.465186e+00
    endloop
  endfacet
  facet normal -6.359875e-02 -1.398024e-02 -9.978776e-01
    outer loop
      vertex -8.281452e+00 5.890914e+00 2.535661e+00
      vertex -7.241856e+00 6.191919e+00 2.465186e+00
      vertex -7.231719e+00 6.145800e+00 2.465186e+00
    endloop
  endfacet
  facet normal -6.122966e-02 -2.216246e-02 -9.978777e-01
    outer loop
      vertex -8.196873e+00 5.620983e+00 2.535661e+00
      vertex -7.205460e+00 6.055107e+00 2.465186e+00
      vertex -7.189389e+00 6.010707e+00 2.465186e+00
    endloop
  endfacet
  facet normal -5.781314e-02 -2.996474e-02 -9.978776e-01
    outer loop
      vertex -8.077782e+00 5.364405e+00 2.535661e+00
      vertex -7.151517e+00 5.924220e+00 2.465186e+00
      vertex -7.129788e+00 5.882298e+00 2.465186e+00
    endloop
  endfacet
  facet normal -5.340691e-02 -3.725511e-02 -9.978777e-01
    outer loop
      vertex -7.926222e+00 5.125562e+00 2.535661e+00
      vertex -7.080951e+00 5.801493e+00 2.465186e+00
      vertex -7.053936e+00 5.762763e+00 2.465186e+00
    endloop
  endfacet
  facet normal -4.808763e-02 -4.390706e-02 -9.978776e-01
    outer loop
      vertex -7.744782e+00 4.908549e+00 2.535661e+00
      vertex -6.994968e+00 5.689026e+00 2.465186e+00
      vertex -6.963129e+00 5.654154e+00 2.465186e+00
    endloop
  endfacet
  facet normal -4.194498e-02 -4.980828e-02 -9.978777e-01
    outer loop
      vertex -7.536570e+00 4.717074e+00 2.535661e+00
      vertex -6.895044e+00 5.588742e+00 2.465186e+00
      vertex -6.858923e+00 5.558325e+00 2.465186e+00
    endloop
  endfacet
  facet normal -3.508533e-02 -5.485678e-02 -9.978776e-01
    outer loop
      vertex -7.305147e+00 4.554414e+00 2.535661e+00
      vertex -6.782883e+00 5.502360e+00 2.465186e+00
      vertex -6.743103e+00 5.476920e+00 2.465186e+00
    endloop
  endfacet
  facet normal -2.762450e-02 -5.896719e-02 -9.978776e-01
    outer loop
      vertex -7.054470e+00 4.423350e+00 2.535661e+00
      vertex -6.660408e+00 5.431359e+00 2.465186e+00
      vertex -6.617649e+00 5.411325e+00 2.465186e+00
    endloop
  endfacet
  facet normal -1.969250e-02 -6.206814e-02 -9.978776e-01
    outer loop
      vertex -6.788832e+00 4.326129e+00 2.535661e+00
      vertex -6.529713e+00 5.376948e+00 2.465186e+00
      vertex -6.484704e+00 5.362668e+00 2.465186e+00
    endloop
  endfacet
  facet normal -1.142123e-02 -6.410772e-02 -9.978776e-01
    outer loop
      vertex -6.512778e+00 4.264413e+00 2.535661e+00
      vertex -6.393033e+00 5.340066e+00 2.465186e+00
      vertex -6.346545e+00 5.331783e+00 2.465186e+00
    endloop
  endfacet
  facet normal -2.955921e-03 -6.505001e-02 -9.978777e-01
    outer loop
      vertex -6.231027e+00 4.239258e+00 2.535661e+00
      vertex -6.252708e+00 5.321337e+00 2.465186e+00
      vertex -6.205539e+00 5.319192e+00 2.465186e+00
    endloop
  endfacet
  facet normal 5.559898e-03 -6.487940e-02 -9.978776e-01
    outer loop
      vertex -5.948406e+00 4.251093e+00 2.535661e+00
      vertex -6.111141e+00 5.321085e+00 2.465186e+00
      vertex -6.064092e+00 5.325116e+00 2.465186e+00
    endloop
  endfacet
  facet normal 1.398098e-02 -6.359854e-02 -9.978776e-01
    outer loop
      vertex -5.669745e+00 4.299717e+00 2.535661e+00
      vertex -5.970750e+00 5.339313e+00 2.465186e+00
      vertex -5.924631e+00 5.349450e+00 2.465186e+00
    endloop
  endfacet
  facet normal 2.216246e-02 -6.122967e-02 -9.978777e-01
    outer loop
      vertex -5.399817e+00 4.384295e+00 2.535661e+00
      vertex -5.833941e+00 5.375709e+00 2.465186e+00
      vertex -5.789541e+00 5.391779e+00 2.465186e+00
    endloop
  endfacet
  facet normal -8.775828e-01 -4.794250e-01 5.384830e-05
    outer loop
      vertex -6.180000e+00 6.401169e+00 2.441680e+00
      vertex -5.972397e+00 6.021153e+00 2.445441e+00
      vertex -5.764857e+00 5.641251e+00 2.456725e+00
    endloop
  endfacet
  facet normal -7.900625e-02 -6.285840e-02 -9.948903e-01
    outer loop
      vertex -6.180000e+00 6.401169e+00 2.441680e+00
      vertex -5.764857e+00 5.641251e+00 2.456725e+00
      vertex -5.703051e+00 5.429652e+00 2.465186e+00
    endloop
  endfacet
  facet normal 9.143894e-03 -1.970061e-02 -9.997641e-01
    outer loop
      vertex -6.180000e+00 6.401169e+00 2.441680e+00
      vertex -5.703051e+00 5.429652e+00 2.465186e+00
      vertex -5.745882e+00 5.409774e+00 2.465186e+00
    endloop
  endfacet
  facet normal 8.276025e-03 -2.008064e-02 -9.997641e-01
    outer loop
      vertex -6.180000e+00 6.401169e+00 2.441680e+00
      vertex -5.745882e+00 5.409774e+00 2.465186e+00
      vertex -5.789541e+00 5.391779e+00 2.465186e+00
    endloop
  endfacet
  facet normal 7.392081e-03 -2.042257e-02 -9.997641e-01
    outer loop
      vertex -6.180000e+00 6.401169e+00 2.441680e+00
      vertex -5.789541e+00 5.391779e+00 2.465186e+00
      vertex -5.833941e+00 5.375709e+00 2.465186e+00
    endloop
  endfacet
  facet normal 6.494020e-03 -2.072564e-02 -9.997641e-01
    outer loop
      vertex -6.180000e+00 6.401169e+00 2.441680e+00
      vertex -5.833941e+00 5.375709e+00 2.465186e+00
      vertex -5.879001e+00 5.361591e+00 2.465186e+00
    endloop
  endfacet
  facet normal 5.583913e-03 -2.098916e-02 -9.997641e-01
    outer loop
      vertex -6.180000e+00 6.401169e+00 2.441680e+00
      vertex -5.879001e+00 5.361591e+00 2.465186e+00
      vertex -5.924631e+00 5.349450e+00 2.465186e+00
    endloop
  endfacet
  facet normal 4.663228e-03 -2.121271e-02 -9.997641e-01
    outer loop
      vertex -6.180000e+00 6.401169e+00 2.441680e+00
      vertex -5.924631e+00 5.349450e+00 2.465186e+00
      vertex -5.970750e+00 5.339313e+00 2.465186e+00
    endloop
  endfacet
  facet normal 3.733171e-03 -2.139599e-02 -9.997641e-01
    outer loop
      vertex -6.180000e+00 6.401169e+00 2.441680e+00
      vertex -5.970750e+00 5.339313e+00 2.465186e+00
      vertex -6.017268e+00 5.331194e+00 2.465186e+00
    endloop
  endfacet
  facet normal 2.796691e-03 -2.153842e-02 -9.997641e-01
    outer loop
      vertex -6.180000e+00 6.401169e+00 2.441680e+00
      vertex -6.017268e+00 5.331194e+00 2.465186e+00
      vertex -6.064092e+00 5.325116e+00 2.465186e+00
    endloop
  endfacet
  facet normal 1.854451e-03 -2.163991e-02 -9.997641e-01
    outer loop
      vertex -6.180000e+00 6.401169e+00 2.441680e+00
      vertex -6.064092e+00 5.325116e+00 2.465186e+00
      vertex -6.111141e+00 5.321085e+00 2.465186e+00
    endloop
  endfacet
  facet normal 9.085402e-04 -2.170021e-02 -9.997641e-01
    outer loop
      vertex -6.180000e+00 6.401169e+00 2.441680e+00
      vertex -6.111141e+00 5.321085e+00 2.465186e+00
      vertex -6.158319e+00 5.319107e+00 2.465186e+00
    endloop
  endfacet
  facet normal -3.895254e-05 -2.171920e-02 -9.997641e-01
    outer loop
      vertex -6.180000e+00 6.401169e+00 2.441680e+00
      vertex -6.158319e+00 5.319107e+00 2.465186e+00
      vertex -6.205539e+00 5.319192e+00 2.465186e+00
    endloop
  endfacet
  facet normal -9.859212e-04 -2.169685e-02 -9.997641e-01
    outer loop
      vertex -6.180000e+00 6.401169e+00 2.441680e+00
      vertex -6.205539e+00 5.319192e+00 2.465186e+00
      vertex -6.252708e+00 5.321337e+00 2.465186e+00
    endloop
  endfacet
  facet normal -1.931314e-03 -2.163319e-02 -9.997641e-01
    outer loop
      vertex -6.180000e+00 6.401169e+00 2.441680e+00
      vertex -6.252708e+00 5.321337e+00 2.465186e+00
      vertex -6.299742e+00 5.325536e+00 2.465186e+00
    endloop
  endfacet
  facet normal -2.873563e-03 -2.152830e-02 -9.997641e-01
    outer loop
      vertex -6.180000e+00 6.401169e+00 2.441680e+00
      vertex -6.299742e+00 5.325536e+00 2.465186e+00
      vertex -6.346545e+00 5.331783e+00 2.465186e+00
    endloop
  endfacet
  facet normal -3.809448e-03 -2.138254e-02 -9.997641e-01
    outer loop
      vertex -6.180000e+00 6.401169e+00 2.441680e+00
      vertex -6.346545e+00 5.331783e+00 2.465186e+00
      vertex -6.393033e+00 5.340066e+00 2.465186e+00
    endloop
  endfacet
  facet normal -4.738533e-03 -2.119601e-02 -9.997641e-01
    outer loop
      vertex -6.180000e+00 6.401169e+00 2.441680e+00
      vertex -6.393033e+00 5.340066e+00 2.465186e+00
      vertex -6.439116e+00 5.350368e+00 2.465186e+00
    endloop
  endfacet
  facet normal -5.658653e-03 -2.096912e-02 -9.997641e-01
    outer loop
      vertex -6.180000e+00 6.401169e+00 2.441680e+00
      vertex -6.439116e+00 5.350368e+00 2.465186e+00
      vertex -6.484704e+00 5.362668e+00 2.465186e+00
    endloop
  endfacet
  facet normal -6.568247e-03 -2.070224e-02 -9.997641e-01
    outer loop
      vertex -6.180000e+00 6.401169e+00 2.441680e+00
      vertex -6.484704e+00 5.362668e+00 2.465186e+00
      vertex -6.529713e+00 5.376948e+00 2.465186e+00
    endloop
  endfacet
  facet normal -7.464687e-03 -2.039616e-02 -9.997641e-01
    outer loop
      vertex -6.180000e+00 6.401169e+00 2.441680e+00
      vertex -6.529713e+00 5.376948e+00 2.465186e+00
      vertex -6.574056e+00 5.393178e+00 2.465186e+00
    endloop
  endfacet
  facet normal -8.347421e-03 -2.005107e-02 -9.997641e-01
    outer loop
      vertex -6.180000e+00 6.401169e+00 2.441680e+00
      vertex -6.574056e+00 5.393178e+00 2.465186e+00
      vertex -6.617649e+00 5.411325e+00 2.465186e+00
    endloop
  endfacet
  facet normal -9.213899e-03 -1.966797e-02 -9.997641e-01
    outer loop
      vertex -6.180000e+00 6.401169e+00 2.441680e+00
      vertex -6.617649e+00 5.411325e+00 2.465186e+00
      vertex -6.660408e+00 5.431359e+00 2.465186e+00
    endloop
  endfacet
  facet normal -1.006317e-02 -1.924727e-02 -9.997641e-01
    outer loop
      vertex -6.180000e+00 6.401169e+00 2.441680e+00
      vertex -6.660408e+00 5.431359e+00 2.465186e+00
      vertex -6.702252e+00 5.453235e+00 2.465186e+00
    endloop
  endfacet
  facet normal -1.089320e-02 -1.878997e-02 -9.997641e-01
    outer loop
      vertex -6.180000e+00 6.401169e+00 2.441680e+00
      vertex -6.702252e+00 5.453235e+00 2.465186e+00
      vertex -6.743103e+00 5.476920e+00 2.465186e+00
    endloop
  endfacet
  facet normal -1.170239e-02 -1.829697e-02 -9.997641e-01
    outer loop
      vertex -6.180000e+00 6.401169e+00 2.441680e+00
      vertex -6.743103e+00 5.476920e+00 2.465186e+00
      vertex -6.782883e+00 5.502360e+00 2.465186e+00
    endloop
  endfacet
  facet normal -1.248926e-02 -1.776917e-02 -9.997641e-01
    outer loop
      vertex -6.180000e+00 6.401169e+00 2.441680e+00
      vertex -6.782883e+00 5.502360e+00 2.465186e+00
      vertex -6.821514e+00 5.529513e+00 2.465186e+00
    endloop
  endfacet
  facet normal -1.325261e-02 -1.720736e-02 -9.997641e-01
    outer loop
      vertex -6.180000e+00 6.401169e+00 2.441680e+00
      vertex -6.821514e+00 5.529513e+00 2.465186e+00
      vertex -6.858923e+00 5.558325e+00 2.465186e+00
    endloop
  endfacet
  facet normal -1.399036e-02 -1.661309e-02 -9.997641e-01
    outer loop
      vertex -6.180000e+00 6.401169e+00 2.441680e+00
      vertex -6.858923e+00 5.558325e+00 2.465186e+00
      vertex -6.895044e+00 5.588742e+00 2.465186e+00
    endloop
  endfacet
  facet normal -1.470192e-02 -1.598682e-02 -9.997641e-01
    outer loop
      vertex -6.180000e+00 6.401169e+00 2.441680e+00
      vertex -6.895044e+00 5.588742e+00 2.465186e+00
      vertex -6.929799e+00 5.620707e+00 2.465186e+00
    endloop
  endfacet
  facet normal -1.538503e-02 -1.533055e-02 -9.997641e-01
    outer loop
      vertex -6.180000e+00 6.401169e+00 2.441680e+00
      vertex -6.929799e+00 5.620707e+00 2.465186e+00
      vertex -6.963129e+00 5.654154e+00 2.465186e+00
    endloop
  endfacet
  facet normal -1.603917e-02 -1.464478e-02 -9.997641e-01
    outer loop
      vertex -6.180000e+00 6.401169e+00 2.441680e+00
      vertex -6.963129e+00 5.654154e+00 2.465186e+00
      vertex -6.994968e+00 5.689026e+00 2.465186e+00
    endloop
  endfacet
  facet normal -1.666280e-02 -1.393111e-02 -9.997641e-01
    outer loop
      vertex -6.180000e+00 6.401169e+00 2.441680e+00
      vertex -6.994968e+00 5.689026e+00 2.465186e+00
      vertex -7.025256e+00 5.725251e+00 2.465186e+00
    endloop
  endfacet
  facet normal -1.725467e-02 -1.319097e-02 -9.997641e-01
    outer loop
      vertex -6.180000e+00 6.401169e+00 2.441680e+00
      vertex -7.025256e+00 5.725251e+00 2.465186e+00
      vertex -7.053936e+00 5.762763e+00 2.465186e+00
    endloop
  endfacet
  facet normal -1.781339e-02 -1.242610e-02 -9.997641e-01
    outer loop
      vertex -6.180000e+00 6.401169e+00 2.441680e+00
      vertex -7.053936e+00 5.762763e+00 2.465186e+00
      vertex -7.080951e+00 5.801493e+00 2.465186e+00
    endloop
  endfacet
  facet normal -1.833855e-02 -1.163711e-02 -9.997641e-01
    outer loop
      vertex -6.180000e+00 6.401169e+00 2.441680e+00
      vertex -7.080951e+00 5.801493e+00 2.465186e+00
      vertex -7.106250e+00 5.841360e+00 2.465186e+00
    endloop
  endfacet
  facet normal -1.882882e-02 -1.082591e-02 -9.997641e-01
    outer loop
      vertex -6.180000e+00 6.401169e+00 2.441680e+00
      vertex -7.106250e+00 5.841360e+00 2.465186e+00
      vertex -7.129788e+00 5.882298e+00 2.465186e+00
    endloop
  endfacet
  facet normal -1.928304e-02 -9.994462e-03 -9.997641e-01
    outer loop
      vertex -6.180000e+00 6.401169e+00 2.441680e+00
      vertex -7.129788e+00 5.882298e+00 2.465186e+00
      vertex -7.151517e+00 5.924220e+00 2.465186e+00
    endloop
  endfacet
  facet normal -1.970061e-02 -9.143894e-03 -9.997641e-01
    outer loop
      vertex -6.180000e+00 6.401169e+00 2.441680e+00
      vertex -7.151517e+00 5.924220e+00 2.465186e+00
      vertex -7.171395e+00 5.967051e+00 2.465186e+00
    endloop
  endfacet
  facet normal -2.008074e-02 -8.275802e-03 -9.997641e-01
    outer loop
      vertex -6.180000e+00 6.401169e+00 2.441680e+00
      vertex -7.171395e+00 5.967051e+00 2.465186e+00
      vertex -7.189389e+00 6.010707e+00 2.465186e+00
    endloop
  endfacet
  facet normal -2.042259e-02 -7.392085e-03 -9.997641e-01
    outer loop
      vertex -6.180000e+00 6.401169e+00 2.441680e+00
      vertex -7.189389e+00 6.010707e+00 2.465186e+00
      vertex -7.205460e+00 6.055107e+00 2.465186e+00
    endloop
  endfacet
  facet normal -2.072565e-02 -6.494022e-03 -9.997641e-01
    outer loop
      vertex -6.180000e+00 6.401169e+00 2.441680e+00
      vertex -7.205460e+00 6.055107e+00 2.465186e+00
      vertex -7.219578e+00 6.100167e+00 2.465186e+00
    endloop
  endfacet
  facet normal -2.098910e-02 -5.584161e-03 -9.997641e-01
    outer loop
      vertex -6.180000e+00 6.401169e+00 2.441680e+00
      vertex -7.219578e+00 6.100167e+00 2.465186e+00
      vertex -7.231719e+00 6.145800e+00 2.465186e+00
    endloop
  endfacet
  facet normal -2.121277e-02 -4.662977e-03 -9.997641e-01
    outer loop
      vertex -6.180000e+00 6.401169e+00 2.441680e+00
      vertex -7.231719e+00 6.145800e+00 2.465186e+00
      vertex -7.241856e+00 6.191919e+00 2.465186e+00
    endloop
  endfacet
  facet normal -2.139594e-02 -3.733427e-03 -9.997641e-01
    outer loop
      vertex -6.180000e+00 6.401169e+00 2.441680e+00
      vertex -7.241856e+00 6.191919e+00 2.465186e+00
      vertex -7.249971e+00 6.238434e+00 2.465186e+00
    endloop
  endfacet
  facet normal -2.153846e-02 -2.796399e-03 -9.997641e-01
    outer loop
      vertex -6.180000e+00 6.401169e+00 2.441680e+00
      vertex -7.249971e+00 6.238434e+00 2.465186e+00
      vertex -7.256052e+00 6.285261e+00 2.465186e+00
    endloop
  endfacet
  facet normal -2.163992e-02 -1.854474e-03 -9.997641e-01
    outer loop
      vertex -6.180000e+00 6.401169e+00 2.441680e+00
      vertex -7.256052e+00 6.285261e+00 2.465186e+00
      vertex -7.260084e+00 6.332307e+00 2.465186e+00
    endloop
  endfacet
  facet normal -2.170021e-02 -9.088033e-04 -9.997641e-01
    outer loop
      vertex -6.180000e+00 6.401169e+00 2.441680e+00
      vertex -7.260084e+00 6.332307e+00 2.465186e+00
      vertex -7.262061e+00 6.379488e+00 2.465186e+00
    endloop
  endfacet
  facet normal -2.171919e-02 3.868933e-05 -9.997641e-01
    outer loop
      vertex -6.180000e+00 6.401169e+00 2.441680e+00
      vertex -7.262061e+00 6.379488e+00 2.465186e+00
      vertex -7.261974e+00 6.426705e+00 2.465186e+00
    endloop
  endfacet
  facet normal -2.169683e-02 9.861838e-04 -9.997641e-01
    outer loop
      vertex -6.180000e+00 6.401169e+00 2.441680e+00
      vertex -7.261974e+00 6.426705e+00 2.465186e+00
      vertex -7.259832e+00 6.473877e+00 2.465186e+00
    endloop
  endfacet
  facet normal -2.163319e-02 1.931314e-03 -9.997641e-01
    outer loop
      vertex -6.180000e+00 6.401169e+00 2.441680e+00
      vertex -7.259832e+00 6.473877e+00 2.465186e+00
      vertex -7.255632e+00 6.520908e+00 2.465186e+00
    endloop
  endfacet
  facet normal -2.152830e-02 2.873528e-03 -9.997641e-01
    outer loop
      vertex -6.180000e+00 6.401169e+00 2.441680e+00
      vertex -7.255632e+00 6.520908e+00 2.465186e+00
      vertex -7.249386e+00 6.567714e+00 2.465186e+00
    endloop
  endfacet
  facet normal -2.138253e-02 3.809493e-03 -9.997641e-01
    outer loop
      vertex -6.180000e+00 6.401169e+00 2.441680e+00
      vertex -7.249386e+00 6.567714e+00 2.465186e+00
      vertex -7.241103e+00 6.614202e+00 2.465186e+00
    endloop
  endfacet
  facet normal -2.119596e-02 4.738785e-03 -9.997641e-01
    outer loop
      vertex -6.180000e+00 6.401169e+00 2.441680e+00
      vertex -7.241103e+00 6.614202e+00 2.465186e+00
      vertex -7.230801e+00 6.660282e+00 2.465186e+00
    endloop
  endfacet
  facet normal -2.096914e-02 5.658655e-03 -9.997641e-01
    outer loop
      vertex -6.180000e+00 6.401169e+00 2.441680e+00
      vertex -7.230801e+00 6.660282e+00 2.465186e+00
      vertex -7.218498e+00 6.705872e+00 2.465186e+00
    endloop
  endfacet
  facet normal -2.070235e-02 6.567935e-03 -9.997641e-01
    outer loop
      vertex -6.180000e+00 6.401169e+00 2.441680e+00
      vertex -7.218498e+00 6.705872e+00 2.465186e+00
      vertex -7.204217e+00 6.750882e+00 2.465186e+00
    endloop
  endfacet
  facet normal -2.039613e-02 7.464771e-03 -9.997641e-01
    outer loop
      vertex -6.180000e+00 6.401169e+00 2.441680e+00
      vertex -7.204217e+00 6.750882e+00 2.465186e+00
      vertex -7.187991e+00 6.795222e+00 2.465186e+00
    endloop
  endfacet
  facet normal -2.005111e-02 8.347325e-03 -9.997641e-01
    outer loop
      vertex -6.180000e+00 6.401169e+00 2.441680e+00
      vertex -7.187991e+00 6.795222e+00 2.465186e+00
      vertex -7.169841e+00 6.838815e+00 2.465186e+00
    endloop
  endfacet
  facet normal -1.966787e-02 9.214114e-03 -9.997641e-01
    outer loop
      vertex -6.180000e+00 6.401169e+00 2.441680e+00
      vertex -7.169841e+00 6.838815e+00 2.465186e+00
      vertex -7.149810e+00 6.881576e+00 2.465186e+00
    endloop
  endfacet
  facet normal -1.924738e-02 1.006296e-02 -9.997641e-01
    outer loop
      vertex -6.180000e+00 6.401169e+00 2.441680e+00
      vertex -7.149810e+00 6.881576e+00 2.465186e+00
      vertex -7.127931e+00 6.923421e+00 2.465186e+00
    endloop
  endfacet
  facet normal -1.878991e-02 1.089331e-02 -9.997641e-01
    outer loop
      vertex -6.180000e+00 6.401169e+00 2.441680e+00
      vertex -7.127931e+00 6.923421e+00 2.465186e+00
      vertex -7.104249e+00 6.964272e+00 2.465186e+00
    endloop
  endfacet
  facet normal -1.829697e-02 1.170239e-02 -9.997641e-01
    outer loop
      vertex -6.180000e+00 6.401169e+00 2.441680e+00
      vertex -7.104249e+00 6.964272e+00 2.465186e+00
      vertex -7.078806e+00 7.004052e+00 2.465186e+00
    endloop
  endfacet
  facet normal -1.776917e-02 1.248926e-02 -9.997641e-01
    outer loop
      vertex -6.180000e+00 6.401169e+00 2.441680e+00
      vertex -7.078806e+00 7.004052e+00 2.465186e+00
      vertex -7.051653e+00 7.042683e+00 2.465186e+00
    endloop
  endfacet
  facet normal -1.720736e-02 1.325261e-02 -9.997641e-01
    outer loop
      vertex -6.180000e+00 6.401169e+00 2.441680e+00
      vertex -7.051653e+00 7.042683e+00 2.465186e+00
      vertex -7.022841e+00 7.080093e+00 2.465186e+00
    endloop
  endfacet
  facet normal -1.661309e-02 1.399036e-02 -9.997641e-01
    outer loop
      vertex -6.180000e+00 6.401169e+00 2.441680e+00
      vertex -7.022841e+00 7.080093e+00 2.465186e+00
      vertex -6.992427e+00 7.116213e+00 2.465186e+00
    endloop
  endfacet
  facet normal -1.598682e-02 1.470192e-02 -9.997641e-01
    outer loop
      vertex -6.180000e+00 6.401169e+00 2.441680e+00
      vertex -6.992427e+00 7.116213e+00 2.465186e+00
      vertex -6.960462e+00 7.150968e+00 2.465186e+00
    endloop
  endfacet
  facet normal -1.533042e-02 1.538516e-02 -9.997641e-01
    outer loop
      vertex -6.180000e+00 6.401169e+00 2.441680e+00
      vertex -6.960462e+00 7.150968e+00 2.465186e+00
      vertex -6.927015e+00 7.184298e+00 2.465186e+00
    endloop
  endfacet
  facet normal -1.464479e-02 1.603918e-02 -9.997641e-01
    outer loop
      vertex -6.180000e+00 6.401169e+00 2.441680e+00
      vertex -6.927015e+00 7.184298e+00 2.465186e+00
      vertex -6.892143e+00 7.216137e+00 2.465186e+00
    endloop
  endfacet
  facet normal -1.393124e-02 1.666269e-02 -9.997641e-01
    outer loop
      vertex -6.180000e+00 6.401169e+00 2.441680e+00
      vertex -6.892143e+00 7.216137e+00 2.465186e+00
      vertex -6.855918e+00 7.246425e+00 2.465186e+00
    endloop
  endfacet
  facet normal -1.319113e-02 1.725454e-02 -9.997641e-01
    outer loop
      vertex -6.180000e+00 6.401169e+00 2.441680e+00
      vertex -6.855918e+00 7.246425e+00 2.465186e+00
      vertex -6.818403e+00 7.275105e+00 2.465186e+00
    endloop
  endfacet
  facet normal -1.242592e-02 1.781351e-02 -9.997641e-01
    outer loop
      vertex -6.180000e+00 6.401169e+00 2.441680e+00
      vertex -6.818403e+00 7.275105e+00 2.465186e+00
      vertex -6.779676e+00 7.302117e+00 2.465186e+00
    endloop
  endfacet
  facet normal -1.163699e-02 1.833863e-02 -9.997641e-01
    outer loop
      vertex -6.180000e+00 6.401169e+00 2.441680e+00
      vertex -6.779676e+00 7.302117e+00 2.465186e+00
      vertex -6.739806e+00 7.327419e+00 2.465186e+00
    endloop
  endfacet
  facet normal -9.558135e-02 -3.251924e-02 -9.948903e-01
    outer loop
      vertex -6.180000e+00 6.401169e+00 2.441680e+00
      vertex -6.739806e+00 7.327419e+00 2.465186e+00
      vertex -6.595143e+00 7.161084e+00 2.456725e+00
    endloop
  endfacet
  facet normal -8.775826e-01 -4.794255e-01 1.289825e-05
    outer loop
      vertex -6.180000e+00 6.401169e+00 2.441680e+00
      vertex -6.595143e+00 7.161084e+00 2.456725e+00
      vertex -6.387603e+00 6.781181e+00 2.445441e+00
    endloop
  endfacet
  facet normal 2.166810e-01 2.036009e-01 -9.547753e-01
    outer loop
      vertex -7.216764e+00 8.298951e+00 2.535661e+00
      vertex -6.656949e+00 7.372683e+00 2.465186e+00
      vertex -7.009788e+00 7.920081e+00 2.501841e+00
    endloop
  endfacet
  facet normal -2.935501e-02 5.818142e-02 -9.978743e-01
    outer loop
      vertex -7.216764e+00 8.298951e+00 2.535661e+00
      vertex -7.090422e+00 8.362695e+00 2.535661e+00
      vertex -6.656949e+00 7.372683e+00 2.465186e+00
    endloop
  endfacet
  facet normal 3.309749e-02 -5.613692e-02 -9.978743e-01
    outer loop
      vertex -5.143236e+00 4.503384e+00 2.535661e+00
      vertex -5.620194e+00 5.474919e+00 2.465186e+00
      vertex -5.021337e+00 4.575255e+00 2.535661e+00
    endloop
  endfacet
  facet normal 2.883997e-01 7.232556e-02 -9.547746e-01
    outer loop
      vertex -5.143236e+00 4.503384e+00 2.535661e+00
      vertex -5.350215e+00 4.882254e+00 2.501841e+00
      vertex -5.620194e+00 5.474919e+00 2.465186e+00
    endloop
  endfacet
  facet normal 3.669795e-02 -5.385217e-02 -9.978743e-01
    outer loop
      vertex -5.580324e+00 5.500218e+00 2.465186e+00
      vertex -4.904394e+00 4.654947e+00 2.535661e+00
      vertex -5.021337e+00 4.575255e+00 2.535661e+00
    endloop
  endfacet
  facet normal 3.487311e-02 -5.495542e-02 -9.978796e-01
    outer loop
      vertex -5.580324e+00 5.500218e+00 2.465186e+00
      vertex -5.021337e+00 4.575255e+00 2.535661e+00
      vertex -5.620194e+00 5.474919e+00 2.465186e+00
    endloop
  endfacet
  facet normal 4.014169e-02 -5.133654e-02 -9.978743e-01
    outer loop
      vertex -5.504081e+00 5.555909e+00 2.465186e+00
      vertex -4.792917e+00 4.742112e+00 2.535661e+00
      vertex -4.904394e+00 4.654947e+00 2.535661e+00
    endloop
  endfacet
  facet normal 3.954880e-02 -5.173143e-02 -9.978776e-01
    outer loop
      vertex -5.504081e+00 5.555909e+00 2.465186e+00
      vertex -4.904394e+00 4.654947e+00 2.535661e+00
      vertex -5.541597e+00 5.527233e+00 2.465186e+00
    endloop
  endfacet
  facet normal 4.341302e-02 -4.860150e-02 -9.978743e-01
    outer loop
      vertex -5.467857e+00 5.586198e+00 2.465186e+00
      vertex -4.687380e+00 4.836384e+00 2.535661e+00
      vertex -4.792917e+00 4.742112e+00 2.535661e+00
    endloop
  endfacet
  facet normal 4.174757e-02 -4.993366e-02 -9.978796e-01
    outer loop
      vertex -5.467857e+00 5.586198e+00 2.465186e+00
      vertex -4.792917e+00 4.742112e+00 2.535661e+00
      vertex -5.504081e+00 5.555909e+00 2.465186e+00
    endloop
  endfacet
  facet normal 4.649895e-02 -4.565783e-02 -9.978743e-01
    outer loop
      vertex -5.399537e+00 5.651367e+00 2.465186e+00
      vertex -4.588236e+00 4.937357e+00 2.535661e+00
      vertex -4.687380e+00 4.836384e+00 2.535661e+00
    endloop
  endfacet
  facet normal 4.596305e-02 -4.612640e-02 -9.978777e-01
    outer loop
      vertex -5.399537e+00 5.651367e+00 2.465186e+00
      vertex -4.687380e+00 4.836384e+00 2.535661e+00
      vertex -5.432985e+00 5.618037e+00 2.465186e+00
    endloop
  endfacet
  facet normal 4.938548e-02 -4.251901e-02 -9.978743e-01
    outer loop
      vertex -5.367573e+00 5.686125e+00 2.465186e+00
      vertex -4.495905e+00 5.044595e+00 2.535661e+00
      vertex -4.588236e+00 4.937357e+00 2.535661e+00
    endloop
  endfacet
  facet normal 4.790790e-02 -4.405741e-02 -9.978796e-01
    outer loop
      vertex -5.367573e+00 5.686125e+00 2.465186e+00
      vertex -4.588236e+00 4.937357e+00 2.535661e+00
      vertex -5.399537e+00 5.651367e+00 2.465186e+00
    endloop
  endfacet
  facet normal 5.206096e-02 -3.919763e-02 -9.978743e-01
    outer loop
      vertex -5.308344e+00 5.759652e+00 2.465186e+00
      vertex -4.410788e+00 5.157648e+00 2.535661e+00
      vertex -4.495905e+00 5.044595e+00 2.535661e+00
    endloop
  endfacet
  facet normal 5.158956e-02 -3.973356e-02 -9.978777e-01
    outer loop
      vertex -5.308344e+00 5.759652e+00 2.465186e+00
      vertex -4.495905e+00 5.044595e+00 2.535661e+00
      vertex -5.337159e+00 5.722242e+00 2.465186e+00
    endloop
  endfacet
  facet normal 5.451269e-02 -3.570938e-02 -9.978743e-01
    outer loop
      vertex -5.281194e+00 5.798286e+00 2.465186e+00
      vertex -4.333244e+00 5.276021e+00 2.535661e+00
      vertex -4.410788e+00 5.157648e+00 2.535661e+00
    endloop
  endfacet
  facet normal 5.324947e-02 -3.742623e-02 -9.978796e-01
    outer loop
      vertex -5.281194e+00 5.798286e+00 2.465186e+00
      vertex -4.410788e+00 5.157648e+00 2.535661e+00
      vertex -5.308344e+00 5.759652e+00 2.465186e+00
    endloop
  endfacet
  facet normal 5.673166e-02 -3.206732e-02 -9.978743e-01
    outer loop
      vertex -5.232069e+00 5.878914e+00 2.465186e+00
      vertex -4.263612e+00 5.399214e+00 2.535661e+00
      vertex -4.333244e+00 5.276021e+00 2.535661e+00
    endloop
  endfacet
  facet normal 5.633502e-02 -3.265904e-02 -9.978777e-01
    outer loop
      vertex -5.232069e+00 5.878914e+00 2.465186e+00
      vertex -4.333244e+00 5.276021e+00 2.535661e+00
      vertex -5.255750e+00 5.838063e+00 2.465186e+00
    endloop
  endfacet
  facet normal 5.870758e-02 -2.828803e-02 -9.978743e-01
    outer loop
      vertex -5.210189e+00 5.920761e+00 2.465186e+00
      vertex -4.202183e+00 5.526696e+00 2.535661e+00
      vertex -4.263612e+00 5.399214e+00 2.535661e+00
    endloop
  endfacet
  facet normal 5.767886e-02 -3.015580e-02 -9.978796e-01
    outer loop
      vertex -5.210189e+00 5.920761e+00 2.465186e+00
      vertex -4.263612e+00 5.399214e+00 2.535661e+00
      vertex -5.232069e+00 5.878914e+00 2.465186e+00
    endloop
  endfacet
  facet normal 6.043192e-02 -2.438800e-02 -9.978743e-01
    outer loop
      vertex -5.172012e+00 6.007113e+00 2.465186e+00
      vertex -4.149225e+00 5.657925e+00 2.535661e+00
      vertex -4.202183e+00 5.526696e+00 2.535661e+00
    endloop
  endfacet
  facet normal 6.011656e-02 -2.502509e-02 -9.978776e-01
    outer loop
      vertex -5.172012e+00 6.007113e+00 2.465186e+00
      vertex -4.202183e+00 5.526696e+00 2.535661e+00
      vertex -5.190159e+00 5.963520e+00 2.465186e+00
    endloop
  endfacet
  facet normal 6.189765e-02 -2.038336e-02 -9.978743e-01
    outer loop
      vertex -5.155782e+00 6.051456e+00 2.465186e+00
      vertex -4.104962e+00 5.792337e+00 2.535661e+00
      vertex -4.149225e+00 5.657925e+00 2.535661e+00
    endloop
  endfacet
  facet normal 6.112086e-02 -2.237117e-02 -9.978796e-01
    outer loop
      vertex -5.155782e+00 6.051456e+00 2.465186e+00
      vertex -4.149225e+00 5.657925e+00 2.535661e+00
      vertex -5.172012e+00 6.007113e+00 2.465186e+00
    endloop
  endfacet
  facet normal 6.309814e-02 -1.629160e-02 -9.978743e-01
    outer loop
      vertex -5.129198e+00 6.142053e+00 2.465186e+00
      vertex -4.069584e+00 5.929353e+00 2.535661e+00
      vertex -4.104962e+00 5.792337e+00 2.535661e+00
    endloop
  endfacet
  facet normal 6.286829e-02 -1.696541e-02 -9.978776e-01
    outer loop
      vertex -5.129198e+00 6.142053e+00 2.465186e+00
      vertex -4.104962e+00 5.792337e+00 2.535661e+00
      vertex -5.141502e+00 6.096465e+00 2.465186e+00
    endloop
  endfacet
  facet normal 6.402864e-02 -1.212973e-02 -9.978743e-01
    outer loop
      vertex -5.118896e+00 6.188135e+00 2.465186e+00
      vertex -4.043247e+00 6.068391e+00 2.535661e+00
      vertex -4.069584e+00 5.929353e+00 2.535661e+00
    endloop
  endfacet
  facet normal 6.351803e-02 -1.420153e-02 -9.978796e-01
    outer loop
      vertex -5.118896e+00 6.188135e+00 2.465186e+00
      vertex -4.069584e+00 5.929353e+00 2.535661e+00
      vertex -5.129198e+00 6.142053e+00 2.465186e+00
    endloop
  endfacet
  facet normal 6.468488e-02 -7.915777e-03 -9.978743e-01
    outer loop
      vertex -5.104368e+00 6.281427e+00 2.465186e+00
      vertex -4.026056e+00 6.208854e+00 2.535661e+00
      vertex -4.043247e+00 6.068391e+00 2.535661e+00
    endloop
  endfacet
  facet normal 6.454498e-02 -8.613676e-03 -9.978776e-01
    outer loop
      vertex -5.104368e+00 6.281427e+00 2.465186e+00
      vertex -4.043247e+00 6.068391e+00 2.535661e+00
      vertex -5.110614e+00 6.234621e+00 2.465186e+00
    endloop
  endfacet
  facet normal 6.506413e-02 -3.668547e-03 -9.978743e-01
    outer loop
      vertex -5.100168e+00 6.328458e+00 2.465186e+00
      vertex -4.018089e+00 6.350139e+00 2.535661e+00
      vertex -4.026056e+00 6.208854e+00 2.535661e+00
    endloop
  endfacet
  facet normal 6.482835e-02 -5.789160e-03 -9.978796e-01
    outer loop
      vertex -5.100168e+00 6.328458e+00 2.465186e+00
      vertex -4.026056e+00 6.208854e+00 2.535661e+00
      vertex -5.104368e+00 6.281427e+00 2.465186e+00
    endloop
  endfacet
  facet normal 6.516476e-02 5.944719e-04 -9.978743e-01
    outer loop
      vertex -5.097939e+00 6.422850e+00 2.465186e+00
      vertex -4.019382e+00 6.491646e+00 2.535661e+00
      vertex -4.018089e+00 6.350139e+00 2.535661e+00
    endloop
  endfacet
  facet normal 6.511708e-02 -1.167849e-04 -9.978776e-01
    outer loop
      vertex -5.097939e+00 6.422850e+00 2.465186e+00
      vertex -4.018089e+00 6.350139e+00 2.535661e+00
      vertex -5.098026e+00 6.375630e+00 2.465186e+00
    endloop
  endfacet
  facet normal 6.498628e-02 4.855374e-03 -9.978743e-01
    outer loop
      vertex -5.099916e+00 6.470028e+00 2.465186e+00
      vertex -4.029923e+00 6.632762e+00 2.535661e+00
      vertex -4.019382e+00 6.491646e+00 2.535661e+00
    endloop
  endfacet
  facet normal 6.502926e-02 2.724209e-03 -9.978796e-01
    outer loop
      vertex -5.099916e+00 6.470028e+00 2.465186e+00
      vertex -4.019382e+00 6.491646e+00 2.535661e+00
      vertex -5.097939e+00 6.422850e+00 2.465186e+00
    endloop
  endfacet
  facet normal 6.452962e-02 9.095232e-03 -9.978743e-01
    outer loop
      vertex -5.110026e+00 6.563901e+00 2.465186e+00
      vertex -4.049676e+00 6.772887e+00 2.535661e+00
      vertex -4.029923e+00 6.632762e+00 2.535661e+00
    endloop
  endfacet
  facet normal 6.457523e-02 8.383195e-03 -9.978777e-01
    outer loop
      vertex -5.110026e+00 6.563901e+00 2.465186e+00
      vertex -4.029923e+00 6.632762e+00 2.535661e+00
      vertex -5.103948e+00 6.517074e+00 2.465186e+00
    endloop
  endfacet
  facet normal 6.379649e-02 1.329654e-02 -9.978743e-01
    outer loop
      vertex -5.118143e+00 6.610419e+00 2.465186e+00
      vertex -4.078548e+00 6.911421e+00 2.535661e+00
      vertex -4.049676e+00 6.772887e+00 2.535661e+00
    endloop
  endfacet
  facet normal 6.411735e-02 1.118877e-02 -9.978796e-01
    outer loop
      vertex -5.118143e+00 6.610419e+00 2.465186e+00
      vertex -4.049676e+00 6.772887e+00 2.535661e+00
      vertex -5.110026e+00 6.563901e+00 2.465186e+00
    endloop
  endfacet
  facet normal 6.279032e-02 1.744048e-02 -9.978743e-01
    outer loop
      vertex -5.140421e+00 6.702168e+00 2.465186e+00
      vertex -4.116420e+00 7.047771e+00 2.535661e+00
      vertex -4.078548e+00 6.911421e+00 2.535661e+00
    endloop
  endfacet
  facet normal 6.292801e-02 1.674282e-02 -9.978776e-01
    outer loop
      vertex -5.140421e+00 6.702168e+00 2.465186e+00
      vertex -4.078548e+00 6.911421e+00 2.535661e+00
      vertex -5.128280e+00 6.656535e+00 2.465186e+00
    endloop
  endfacet
  facet normal 6.151535e-02 2.150951e-02 -9.978743e-01
    outer loop
      vertex -5.154540e+00 6.747228e+00 2.465186e+00
      vertex -4.163127e+00 7.181352e+00 2.535661e+00
      vertex -4.116420e+00 7.047771e+00 2.535661e+00
    endloop
  endfacet
  facet normal 6.210883e-02 1.946072e-02 -9.978796e-01
    outer loop
      vertex -5.154540e+00 6.747228e+00 2.465186e+00
      vertex -4.116420e+00 7.047771e+00 2.535661e+00
      vertex -5.140421e+00 6.702168e+00 2.465186e+00
    endloop
  endfacet
  facet normal 5.997673e-02 2.548699e-02 -9.978743e-01
    outer loop
      vertex -5.188605e+00 6.835284e+00 2.465186e+00
      vertex -4.218474e+00 7.311591e+00 2.535661e+00
      vertex -4.163127e+00 7.181352e+00 2.535661e+00
    endloop
  endfacet
  facet normal 6.020475e-02 2.481196e-02 -9.978776e-01
    outer loop
      vertex -5.188605e+00 6.835284e+00 2.465186e+00
      vertex -4.163127e+00 7.181352e+00 2.535661e+00
      vertex -5.170611e+00 6.791628e+00 2.465186e+00
    endloop
  endfacet
  facet normal 5.818157e-02 2.935469e-02 -9.978743e-01
    outer loop
      vertex -5.208483e+00 6.878115e+00 2.465186e+00
      vertex -4.282218e+00 7.437933e+00 2.535661e+00
      vertex -4.218474e+00 7.311591e+00 2.535661e+00
    endloop
  endfacet
  facet normal 5.903709e-02 2.740162e-02 -9.978796e-01
    outer loop
      vertex -5.208483e+00 6.878115e+00 2.465186e+00
      vertex -4.218474e+00 7.311591e+00 2.535661e+00
      vertex -5.188605e+00 6.835284e+00 2.465186e+00
    endloop
  endfacet
  facet normal 5.613681e-02 3.309757e-02 -9.978743e-01
    outer loop
      vertex -5.253750e+00 6.960975e+00 2.465186e+00
      vertex -4.354089e+00 7.559832e+00 2.535661e+00
      vertex -4.282218e+00 7.437933e+00 2.535661e+00
    endloop
  endfacet
  facet normal 5.645097e-02 3.245812e-02 -9.978777e-01
    outer loop
      vertex -5.253750e+00 6.960975e+00 2.465186e+00
      vertex -4.282218e+00 7.437933e+00 2.535661e+00
      vertex -5.230212e+00 6.920040e+00 2.465186e+00
    endloop
  endfacet
  facet normal 5.385209e-02 3.669806e-02 -9.978743e-01
    outer loop
      vertex -5.279048e+00 7.000845e+00 2.465186e+00
      vertex -4.433777e+00 7.676772e+00 2.535661e+00
      vertex -4.354089e+00 7.559832e+00 2.535661e+00
    endloop
  endfacet
  facet normal 5.495573e-02 3.487252e-02 -9.978796e-01
    outer loop
      vertex -5.279048e+00 7.000845e+00 2.465186e+00
      vertex -4.354089e+00 7.559832e+00 2.535661e+00
      vertex -5.253750e+00 6.960975e+00 2.465186e+00
    endloop
  endfacet
  facet normal 5.133663e-02 4.014155e-02 -9.978743e-01
    outer loop
      vertex -5.334743e+00 7.077084e+00 2.465186e+00
      vertex -4.520946e+00 7.788249e+00 2.535661e+00
      vertex -4.433777e+00 7.676772e+00 2.535661e+00
    endloop
  endfacet
  facet normal 5.173143e-02 3.954878e-02 -9.978776e-01
    outer loop
      vertex -5.334743e+00 7.077084e+00 2.465186e+00
      vertex -4.433777e+00 7.676772e+00 2.535661e+00
      vertex -5.306063e+00 7.039572e+00 2.465186e+00
    endloop
  endfacet
  facet normal 4.860125e-02 4.341333e-02 -9.978743e-01
    outer loop
      vertex -5.365029e+00 7.113312e+00 2.465186e+00
      vertex -4.615218e+00 7.893786e+00 2.535661e+00
      vertex -4.520946e+00 7.788249e+00 2.535661e+00
    endloop
  endfacet
  facet normal 4.993403e-02 4.174709e-02 -9.978796e-01
    outer loop
      vertex -5.365029e+00 7.113312e+00 2.465186e+00
      vertex -4.520946e+00 7.788249e+00 2.535661e+00
      vertex -5.334743e+00 7.077084e+00 2.465186e+00
    endloop
  endfacet
  facet normal 4.565787e-02 4.649898e-02 -9.978743e-01
    outer loop
      vertex -5.430198e+00 7.181631e+00 2.465186e+00
      vertex -4.716189e+00 7.992933e+00 2.535661e+00
      vertex -4.615218e+00 7.893786e+00 2.535661e+00
    endloop
  endfacet
  facet normal 4.612679e-02 4.596267e-02 -9.978777e-01
    outer loop
      vertex -5.430198e+00 7.181631e+00 2.465186e+00
      vertex -4.615218e+00 7.893786e+00 2.535661e+00
      vertex -5.396871e+00 7.148181e+00 2.465186e+00
    endloop
  endfacet
  facet normal 4.251902e-02 4.938550e-02 -9.978743e-01
    outer loop
      vertex -5.464956e+00 7.213592e+00 2.465186e+00
      vertex -4.823429e+00 8.085264e+00 2.535661e+00
      vertex -4.716189e+00 7.992933e+00 2.535661e+00
    endloop
  endfacet
  facet normal 4.405705e-02 4.790829e-02 -9.978796e-01
    outer loop
      vertex -5.464956e+00 7.213592e+00 2.465186e+00
      vertex -4.716189e+00 7.992933e+00 2.535661e+00
      vertex -5.430198e+00 7.181631e+00 2.465186e+00
    endloop
  endfacet
  facet normal 3.919803e-02 5.206061e-02 -9.978743e-01
    outer loop
      vertex -5.538486e+00 7.272822e+00 2.465186e+00
      vertex -4.936479e+00 8.170380e+00 2.535661e+00
      vertex -4.823429e+00 8.085264e+00 2.535661e+00
    endloop
  endfacet
  facet normal 3.973272e-02 5.159029e-02 -9.978776e-01
    outer loop
      vertex -5.538486e+00 7.272822e+00 2.465186e+00
      vertex -4.823429e+00 8.085264e+00 2.535661e+00
      vertex -5.501073e+00 7.244010e+00 2.465186e+00
    endloop
  endfacet
  facet normal 3.570900e-02 5.451292e-02 -9.978743e-01
    outer loop
      vertex -5.577117e+00 7.299975e+00 2.465186e+00
      vertex -5.054853e+00 8.247924e+00 2.535661e+00
      vertex -4.936479e+00 8.170380e+00 2.535661e+00
    endloop
  endfacet
  facet normal 3.742673e-02 5.324906e-02 -9.978796e-01
    outer loop
      vertex -5.577117e+00 7.299975e+00 2.465186e+00
      vertex -4.936479e+00 8.170380e+00 2.535661e+00
      vertex -5.538486e+00 7.272822e+00 2.465186e+00
    endloop
  endfacet
  facet normal 3.206730e-02 5.673167e-02 -9.978743e-01
    outer loop
      vertex -5.657748e+00 7.349100e+00 2.465186e+00
      vertex -5.178045e+00 8.317557e+00 2.535661e+00
      vertex -5.054853e+00 8.247924e+00 2.535661e+00
    endloop
  endfacet
  facet normal 3.265961e-02 5.633464e-02 -9.978777e-01
    outer loop
      vertex -5.657748e+00 7.349100e+00 2.465186e+00
      vertex -5.054853e+00 8.247924e+00 2.535661e+00
      vertex -5.616897e+00 7.325418e+00 2.465186e+00
    endloop
  endfacet
  facet normal 2.828836e-02 5.870745e-02 -9.978743e-01
    outer loop
      vertex -5.699592e+00 7.370979e+00 2.465186e+00
      vertex -5.305530e+00 8.378985e+00 2.535661e+00
      vertex -5.178045e+00 8.317557e+00 2.535661e+00
    endloop
  endfacet
  facet normal 3.015644e-02 5.767857e-02 -9.978796e-01
    outer loop
      vertex -5.699592e+00 7.370979e+00 2.465186e+00
      vertex -5.178045e+00 8.317557e+00 2.535661e+00
      vertex -5.657748e+00 7.349100e+00 2.465186e+00
    endloop
  endfacet
  facet normal 2.438788e-02 6.043200e-02 -9.978743e-01
    outer loop
      vertex -5.785944e+00 7.409157e+00 2.465186e+00
      vertex -5.436756e+00 8.431944e+00 2.535661e+00
      vertex -5.305530e+00 8.378985e+00 2.535661e+00
    endloop
  endfacet
  facet normal 2.502668e-02 6.011580e-02 -9.978777e-01
    outer loop
      vertex -5.785944e+00 7.409157e+00 2.465186e+00
      vertex -5.305530e+00 8.378985e+00 2.535661e+00
      vertex -5.742351e+00 7.391010e+00 2.465186e+00
    endloop
  endfacet
  facet normal 2.038327e-02 6.189764e-02 -9.978743e-01
    outer loop
      vertex -5.830287e+00 7.425387e+00 2.465186e+00
      vertex -5.571168e+00 8.476206e+00 2.535661e+00
      vertex -5.436756e+00 8.431944e+00 2.535661e+00
    endloop
  endfacet
  facet normal 2.236953e-02 6.112144e-02 -9.978796e-01
    outer loop
      vertex -5.830287e+00 7.425387e+00 2.465186e+00
      vertex -5.436756e+00 8.431944e+00 2.535661e+00
      vertex -5.785944e+00 7.409157e+00 2.465186e+00
    endloop
  endfacet
  facet normal 1.629160e-02 6.309814e-02 -9.978743e-01
    outer loop
      vertex -5.920884e+00 7.451969e+00 2.465186e+00
      vertex -5.708184e+00 8.511582e+00 2.535661e+00
      vertex -5.571168e+00 8.476206e+00 2.535661e+00
    endloop
  endfacet
  facet normal 1.696541e-02 6.286829e-02 -9.978776e-01
    outer loop
      vertex -5.920884e+00 7.451969e+00 2.465186e+00
      vertex -5.571168e+00 8.476206e+00 2.535661e+00
      vertex -5.875296e+00 7.439667e+00 2.465186e+00
    endloop
  endfacet
  facet normal 1.212977e-02 6.402858e-02 -9.978743e-01
    outer loop
      vertex -5.966967e+00 7.462272e+00 2.465186e+00
      vertex -5.847222e+00 8.537922e+00 2.535661e+00
      vertex -5.708184e+00 8.511582e+00 2.535661e+00
    endloop
  endfacet
  facet normal 1.420094e-02 6.351816e-02 -9.978796e-01
    outer loop
      vertex -5.966967e+00 7.462272e+00 2.465186e+00
      vertex -5.708184e+00 8.511582e+00 2.535661e+00
      vertex -5.920884e+00 7.451969e+00 2.465186e+00
    endloop
  endfacet
  facet normal 7.916007e-03 6.468485e-02 -9.978743e-01
    outer loop
      vertex -6.060257e+00 7.476801e+00 2.465186e+00
      vertex -5.987685e+00 8.555112e+00 2.535661e+00
      vertex -5.847222e+00 8.537922e+00 2.535661e+00
    endloop
  endfacet
  facet normal 8.614450e-03 6.454486e-02 -9.978777e-01
    outer loop
      vertex -6.060257e+00 7.476801e+00 2.465186e+00
      vertex -5.847222e+00 8.537922e+00 2.535661e+00
      vertex -6.013455e+00 7.470555e+00 2.465186e+00
    endloop
  endfacet
  facet normal 3.668542e-03 6.506406e-02 -9.978743e-01
    outer loop
      vertex -6.107292e+00 7.480998e+00 2.465186e+00
      vertex -6.128973e+00 8.563077e+00 2.535661e+00
      vertex -5.987685e+00 8.555112e+00 2.535661e+00
    endloop
  endfacet
  facet normal 5.787591e-03 6.482844e-02 -9.978796e-01
    outer loop
      vertex -6.107292e+00 7.480998e+00 2.465186e+00
      vertex -5.987685e+00 8.555112e+00 2.535661e+00
      vertex -6.060257e+00 7.476801e+00 2.465186e+00
    endloop
  endfacet
  facet normal -5.947349e-04 6.516471e-02 -9.978743e-01
    outer loop
      vertex -6.201681e+00 7.483227e+00 2.465186e+00
      vertex -6.270477e+00 8.561787e+00 2.535661e+00
      vertex -6.128973e+00 8.563077e+00 2.535661e+00
    endloop
  endfacet
  facet normal 1.159958e-04 6.511706e-02 -9.978776e-01
    outer loop
      vertex -6.201681e+00 7.483227e+00 2.465186e+00
      vertex -6.128973e+00 8.563077e+00 2.535661e+00
      vertex -6.154461e+00 7.483143e+00 2.465186e+00
    endloop
  endfacet
  facet normal -4.855374e-03 6.498628e-02 -9.978743e-01
    outer loop
      vertex -6.248859e+00 7.481253e+00 2.465186e+00
      vertex -6.411594e+00 8.551242e+00 2.535661e+00
      vertex -6.270477e+00 8.561787e+00 2.535661e+00
    endloop
  endfacet
  facet normal -2.723421e-03 6.502928e-02 -9.978796e-01
    outer loop
      vertex -6.248859e+00 7.481253e+00 2.465186e+00
      vertex -6.270477e+00 8.561787e+00 2.535661e+00
      vertex -6.201681e+00 7.483227e+00 2.465186e+00
    endloop
  endfacet
  facet normal -9.095488e-03 6.452956e-02 -9.978743e-01
    outer loop
      vertex -6.342732e+00 7.471139e+00 2.465186e+00
      vertex -6.551721e+00 8.531493e+00 2.535661e+00
      vertex -6.411594e+00 8.551242e+00 2.535661e+00
    endloop
  endfacet
  facet normal -8.384857e-03 6.457508e-02 -9.978776e-01
    outer loop
      vertex -6.342732e+00 7.471139e+00 2.465186e+00
      vertex -6.411594e+00 8.551242e+00 2.535661e+00
      vertex -6.295904e+00 7.477221e+00 2.465186e+00
    endloop
  endfacet
  facet normal -1.329629e-02 6.379656e-02 -9.978743e-01
    outer loop
      vertex -6.389250e+00 7.463025e+00 2.465186e+00
      vertex -6.690255e+00 8.502621e+00 2.535661e+00
      vertex -6.551721e+00 8.531493e+00 2.535661e+00
    endloop
  endfacet
  facet normal -1.118787e-02 6.411752e-02 -9.978796e-01
    outer loop
      vertex -6.389250e+00 7.463025e+00 2.465186e+00
      vertex -6.551721e+00 8.531493e+00 2.535661e+00
      vertex -6.342732e+00 7.471139e+00 2.465186e+00
    endloop
  endfacet
  facet normal -1.744024e-02 6.279039e-02 -9.978743e-01
    outer loop
      vertex -6.480999e+00 7.440747e+00 2.465186e+00
      vertex -6.826602e+00 8.464749e+00 2.535661e+00
      vertex -6.690255e+00 8.502621e+00 2.535661e+00
    endloop
  endfacet
  facet normal -1.674133e-02 6.292835e-02 -9.978777e-01
    outer loop
      vertex -6.480999e+00 7.440747e+00 2.465186e+00
      vertex -6.690255e+00 8.502621e+00 2.535661e+00
      vertex -6.435368e+00 7.452885e+00 2.465186e+00
    endloop
  endfacet
  facet normal -2.150982e-02 6.151522e-02 -9.978743e-01
    outer loop
      vertex -6.526059e+00 7.426626e+00 2.465186e+00
      vertex -6.960183e+00 8.418039e+00 2.535661e+00
      vertex -6.826602e+00 8.464749e+00 2.535661e+00
    endloop
  endfacet
  facet normal -1.946144e-02 6.210861e-02 -9.978796e-01
    outer loop
      vertex -6.526059e+00 7.426626e+00 2.465186e+00
      vertex -6.826602e+00 8.464749e+00 2.535661e+00
      vertex -6.480999e+00 7.440747e+00 2.465186e+00
    endloop
  endfacet
  facet normal -2.548690e-02 5.997678e-02 -9.978743e-01
    outer loop
      vertex -6.614118e+00 7.392564e+00 2.465186e+00
      vertex -7.090422e+00 8.362695e+00 2.535661e+00
      vertex -6.960183e+00 8.418039e+00 2.535661e+00
    endloop
  endfacet
  facet normal -2.481197e-02 6.020476e-02 -9.978776e-01
    outer loop
      vertex -6.614118e+00 7.392564e+00 2.465186e+00
      vertex -6.960183e+00 8.418039e+00 2.535661e+00
      vertex -6.570459e+00 7.410555e+00 2.465186e+00
    endloop
  endfacet
  facet normal -2.740162e-02 5.903709e-02 -9.978796e-01
    outer loop
      vertex -6.656949e+00 7.372683e+00 2.465186e+00
      vertex -7.090422e+00 8.362695e+00 2.535661e+00
      vertex -6.614118e+00 7.392564e+00 2.465186e+00
    endloop
  endfacet
  facet normal 2.442384e-02 8.245733e-02 -9.962952e-01
    outer loop
      vertex -6.802560e+00 7.540755e+00 2.475526e+00
      vertex -7.009788e+00 7.920081e+00 2.501841e+00
      vertex -6.656949e+00 7.372683e+00 2.465186e+00
    endloop
  endfacet
  facet normal -3.746272e-02 2.899965e-02 -9.988771e-01
    outer loop
      vertex -6.802560e+00 7.540755e+00 2.475526e+00
      vertex -6.656949e+00 7.372683e+00 2.465186e+00
      vertex -6.595143e+00 7.161084e+00 2.456725e+00
    endloop
  endfacet
  facet normal 8.258180e-02 -2.400000e-02 -9.962952e-01
    outer loop
      vertex -5.620194e+00 5.474919e+00 2.465186e+00
      vertex -5.350215e+00 4.882254e+00 2.501841e+00
      vertex -5.557440e+00 5.261580e+00 2.475526e+00
    endloop
  endfacet
  facet normal 4.160938e-03 -4.719254e-02 -9.988771e-01
    outer loop
      vertex -5.557440e+00 5.261580e+00 2.475526e+00
      vertex -5.764857e+00 5.641251e+00 2.456725e+00
      vertex -5.620194e+00 5.474919e+00 2.465186e+00
    endloop
  endfacet
  facet normal 3.725461e-02 -5.340732e-02 -9.978776e-01
    outer loop
      vertex -4.904394e+00 4.654947e+00 2.535661e+00
      vertex -5.580324e+00 5.500218e+00 2.465186e+00
      vertex -5.541597e+00 5.527233e+00 2.465186e+00
    endloop
  endfacet
  facet normal 4.390704e-02 -4.808760e-02 -9.978777e-01
    outer loop
      vertex -4.687380e+00 4.836384e+00 2.535661e+00
      vertex -5.467857e+00 5.586198e+00 2.465186e+00
      vertex -5.432985e+00 5.618037e+00 2.465186e+00
    endloop
  endfacet
  facet normal 4.980825e-02 -4.194494e-02 -9.978777e-01
    outer loop
      vertex -4.495905e+00 5.044595e+00 2.535661e+00
      vertex -5.367573e+00 5.686125e+00 2.465186e+00
      vertex -5.337159e+00 5.722242e+00 2.465186e+00
    endloop
  endfacet
  facet normal 5.485643e-02 -3.508590e-02 -9.978776e-01
    outer loop
      vertex -4.333244e+00 5.276021e+00 2.535661e+00
      vertex -5.281194e+00 5.798286e+00 2.465186e+00
      vertex -5.255750e+00 5.838063e+00 2.465186e+00
    endloop
  endfacet
  facet normal 5.896667e-02 -2.762583e-02 -9.978776e-01
    outer loop
      vertex -4.202183e+00 5.526696e+00 2.535661e+00
      vertex -5.210189e+00 5.920761e+00 2.465186e+00
      vertex -5.190159e+00 5.963520e+00 2.465186e+00
    endloop
  endfacet
  facet normal 6.206863e-02 -1.969083e-02 -9.978777e-01
    outer loop
      vertex -4.104962e+00 5.792337e+00 2.535661e+00
      vertex -5.155782e+00 6.051456e+00 2.465186e+00
      vertex -5.141502e+00 6.096465e+00 2.465186e+00
    endloop
  endfacet
  facet normal 6.410770e-02 -1.142137e-02 -9.978777e-01
    outer loop
      vertex -4.043247e+00 6.068391e+00 2.535661e+00
      vertex -5.118896e+00 6.188135e+00 2.465186e+00
      vertex -5.110614e+00 6.234621e+00 2.465186e+00
    endloop
  endfacet
  facet normal 6.505007e-02 -2.955924e-03 -9.978776e-01
    outer loop
      vertex -4.018089e+00 6.350139e+00 2.535661e+00
      vertex -5.100168e+00 6.328458e+00 2.465186e+00
      vertex -5.098026e+00 6.375630e+00 2.465186e+00
    endloop
  endfacet
  facet normal 6.487933e-02 5.559959e-03 -9.978777e-01
    outer loop
      vertex -4.029923e+00 6.632762e+00 2.535661e+00
      vertex -5.099916e+00 6.470028e+00 2.465186e+00
      vertex -5.103948e+00 6.517074e+00 2.465186e+00
    endloop
  endfacet
  facet normal 6.359898e-02 1.397950e-02 -9.978776e-01
    outer loop
      vertex -4.078548e+00 6.911421e+00 2.535661e+00
      vertex -5.118143e+00 6.610419e+00 2.465186e+00
      vertex -5.128280e+00 6.656535e+00 2.465186e+00
    endloop
  endfacet
  facet normal 6.122966e-02 2.216246e-02 -9.978777e-01
    outer loop
      vertex -4.163127e+00 7.181352e+00 2.535661e+00
      vertex -5.154540e+00 6.747228e+00 2.465186e+00
      vertex -5.170611e+00 6.791628e+00 2.465186e+00
    endloop
  endfacet
  facet normal 5.781312e-02 2.996472e-02 -9.978776e-01
    outer loop
      vertex -4.282218e+00 7.437933e+00 2.535661e+00
      vertex -5.208483e+00 6.878115e+00 2.465186e+00
      vertex -5.230212e+00 6.920040e+00 2.465186e+00
    endloop
  endfacet
  facet normal 5.340732e-02 3.725461e-02 -9.978777e-01
    outer loop
      vertex -4.433777e+00 7.676772e+00 2.535661e+00
      vertex -5.279048e+00 7.000845e+00 2.465186e+00
      vertex -5.306063e+00 7.039572e+00 2.465186e+00
    endloop
  endfacet
  facet normal 4.808722e-02 4.390747e-02 -9.978776e-01
    outer loop
      vertex -4.615218e+00 7.893786e+00 2.535661e+00
      vertex -5.365029e+00 7.113312e+00 2.465186e+00
      vertex -5.396871e+00 7.148181e+00 2.465186e+00
    endloop
  endfacet
  facet normal 4.194538e-02 4.980795e-02 -9.978777e-01
    outer loop
      vertex -4.823429e+00 8.085264e+00 2.535661e+00
      vertex -5.464956e+00 7.213592e+00 2.465186e+00
      vertex -5.501073e+00 7.244010e+00 2.465186e+00
    endloop
  endfacet
  facet normal 3.508532e-02 5.485676e-02 -9.978776e-01
    outer loop
      vertex -5.054853e+00 8.247924e+00 2.535661e+00
      vertex -5.577117e+00 7.299975e+00 2.465186e+00
      vertex -5.616897e+00 7.325418e+00 2.465186e+00
    endloop
  endfacet
  facet normal 2.762450e-02 5.896719e-02 -9.978776e-01
    outer loop
      vertex -5.305530e+00 8.378985e+00 2.535661e+00
      vertex -5.699592e+00 7.370979e+00 2.465186e+00
      vertex -5.742351e+00 7.391010e+00 2.465186e+00
    endloop
  endfacet
  facet normal 1.969155e-02 6.206842e-02 -9.978776e-01
    outer loop
      vertex -5.571168e+00 8.476206e+00 2.535661e+00
      vertex -5.830287e+00 7.425387e+00 2.465186e+00
      vertex -5.875296e+00 7.439667e+00 2.465186e+00
    endloop
  endfacet
  facet normal 1.142200e-02 6.410759e-02 -9.978776e-01
    outer loop
      vertex -5.847222e+00 8.537922e+00 2.535661e+00
      vertex -5.966967e+00 7.462272e+00 2.465186e+00
      vertex -6.013455e+00 7.470555e+00 2.465186e+00
    endloop
  endfacet
  facet normal 2.956711e-03 6.505001e-02 -9.978777e-01
    outer loop
      vertex -6.128973e+00 8.563077e+00 2.535661e+00
      vertex -6.107292e+00 7.480998e+00 2.465186e+00
      vertex -6.154461e+00 7.483143e+00 2.465186e+00
    endloop
  endfacet
  facet normal -5.559179e-03 6.487945e-02 -9.978777e-01
    outer loop
      vertex -6.411594e+00 8.551242e+00 2.535661e+00
      vertex -6.248859e+00 7.481253e+00 2.465186e+00
      vertex -6.295904e+00 7.477221e+00 2.465186e+00
    endloop
  endfacet
  facet normal -1.398024e-02 6.359875e-02 -9.978776e-01
    outer loop
      vertex -6.690255e+00 8.502621e+00 2.535661e+00
      vertex -6.389250e+00 7.463025e+00 2.465186e+00
      vertex -6.435368e+00 7.452885e+00 2.465186e+00
    endloop
  endfacet
  facet normal -2.216246e-02 6.122967e-02 -9.978777e-01
    outer loop
      vertex -6.960183e+00 8.418039e+00 2.535661e+00
      vertex -6.526059e+00 7.426626e+00 2.465186e+00
      vertex -6.570459e+00 7.410555e+00 2.465186e+00
    endloop
  endfacet
  facet normal 8.775826e-01 4.794255e-01 -1.289825e-05
    outer loop
      vertex -6.180000e+00 6.401169e+00 2.441680e+00
      vertex -6.387603e+00 6.781181e+00 2.445441e+00
      vertex -6.595143e+00 7.161084e+00 2.456725e+00
    endloop
  endfacet
  facet normal 7.900731e-02 6.285891e-02 -9.948903e-01
    outer loop
      vertex -6.180000e+00 6.401169e+00 2.441680e+00
      vertex -6.595143e+00 7.161084e+00 2.456725e+00
      vertex -6.656949e+00 7.372683e+00 2.465186e+00
    endloop
  endfacet
  facet normal -9.143894e-03 1.970061e-02 -9.997641e-01
    outer loop
      vertex -6.180000e+00 6.401169e+00 2.441680e+00
      vertex -6.656949e+00 7.372683e+00 2.465186e+00
      vertex -6.614118e+00 7.392564e+00 2.465186e+00
    endloop
  endfacet
  facet normal -8.275802e-03 2.008074e-02 -9.997641e-01
    outer loop
      vertex -6.180000e+00 6.401169e+00 2.441680e+00
      vertex -6.614118e+00 7.392564e+00 2.465186e+00
      vertex -6.570459e+00 7.410555e+00 2.465186e+00
    endloop
  endfacet
  facet normal -7.392085e-03 2.042259e-02 -9.997641e-01
    outer loop
      vertex -6.180000e+00 6.401169e+00 2.441680e+00
      vertex -6.570459e+00 7.410555e+00 2.465186e+00
      vertex -6.526059e+00 7.426626e+00 2.465186e+00
    endloop
  endfacet
  facet normal -6.494260e-03 2.072557e-02 -9.997641e-01
    outer loop
      vertex -6.180000e+00 6.401169e+00 2.441680e+00
      vertex -6.526059e+00 7.426626e+00 2.465186e+00
      vertex -6.480999e+00 7.440747e+00 2.465186e+00
    endloop
  endfacet
  facet normal -5.583913e-03 2.098916e-02 -9.997641e-01
    outer loop
      vertex -6.180000e+00 6.401169e+00 2.441680e+00
      vertex -6.480999e+00 7.440747e+00 2.465186e+00
      vertex -6.435368e+00 7.452885e+00 2.465186e+00
    endloop
  endfacet
  facet normal -4.662977e-03 2.121277e-02 -9.997641e-01
    outer loop
      vertex -6.180000e+00 6.401169e+00 2.441680e+00
      vertex -6.435368e+00 7.452885e+00 2.465186e+00
      vertex -6.389250e+00 7.463025e+00 2.465186e+00
    endloop
  endfacet
  facet normal -3.733383e-03 2.139596e-02 -9.997641e-01
    outer loop
      vertex -6.180000e+00 6.401169e+00 2.441680e+00
      vertex -6.389250e+00 7.463025e+00 2.465186e+00
      vertex -6.342732e+00 7.471139e+00 2.465186e+00
    endloop
  endfacet
  facet normal -2.796691e-03 2.153842e-02 -9.997641e-01
    outer loop
      vertex -6.180000e+00 6.401169e+00 2.441680e+00
      vertex -6.342732e+00 7.471139e+00 2.465186e+00
      vertex -6.295904e+00 7.477221e+00 2.465186e+00
    endloop
  endfacet
  facet normal -1.854212e-03 2.163994e-02 -9.997641e-01
    outer loop
      vertex -6.180000e+00 6.401169e+00 2.441680e+00
      vertex -6.295904e+00 7.477221e+00 2.465186e+00
      vertex -6.248859e+00 7.481253e+00 2.465186e+00
    endloop
  endfacet
  facet normal -9.088033e-04 2.170021e-02 -9.997641e-01
    outer loop
      vertex -6.180000e+00 6.401169e+00 2.441680e+00
      vertex -6.248859e+00 7.481253e+00 2.465186e+00
      vertex -6.201681e+00 7.483227e+00 2.465186e+00
    endloop
  endfacet
  facet normal 3.868933e-05 2.171919e-02 -9.997641e-01
    outer loop
      vertex -6.180000e+00 6.401169e+00 2.441680e+00
      vertex -6.201681e+00 7.483227e+00 2.465186e+00
      vertex -6.154461e+00 7.483143e+00 2.465186e+00
    endloop
  endfacet
  facet normal 9.861838e-04 2.169683e-02 -9.997641e-01
    outer loop
      vertex -6.180000e+00 6.401169e+00 2.441680e+00
      vertex -6.154461e+00 7.483143e+00 2.465186e+00
      vertex -6.107292e+00 7.480998e+00 2.465186e+00
    endloop
  endfacet
  facet normal 1.931314e-03 2.163319e-02 -9.997641e-01
    outer loop
      vertex -6.180000e+00 6.401169e+00 2.441680e+00
      vertex -6.107292e+00 7.480998e+00 2.465186e+00
      vertex -6.060257e+00 7.476801e+00 2.465186e+00
    endloop
  endfacet
  facet normal 2.873269e-03 2.152833e-02 -9.997641e-01
    outer loop
      vertex -6.180000e+00 6.401169e+00 2.441680e+00
      vertex -6.060257e+00 7.476801e+00 2.465186e+00
      vertex -6.013455e+00 7.470555e+00 2.465186e+00
    endloop
  endfacet
  facet normal 3.809701e-03 2.138249e-02 -9.997641e-01
    outer loop
      vertex -6.180000e+00 6.401169e+00 2.441680e+00
      vertex -6.013455e+00 7.470555e+00 2.465186e+00
      vertex -5.966967e+00 7.462272e+00 2.465186e+00
    endloop
  endfacet
  facet normal 4.738842e-03 2.119595e-02 -9.997641e-01
    outer loop
      vertex -6.180000e+00 6.401169e+00 2.441680e+00
      vertex -5.966967e+00 7.462272e+00 2.465186e+00
      vertex -5.920884e+00 7.451969e+00 2.465186e+00
    endloop
  endfacet
  facet normal 5.658655e-03 2.096914e-02 -9.997641e-01
    outer loop
      vertex -6.180000e+00 6.401169e+00 2.441680e+00
      vertex -5.920884e+00 7.451969e+00 2.465186e+00
      vertex -5.875296e+00 7.439667e+00 2.465186e+00
    endloop
  endfacet
  facet normal 6.567935e-03 2.070235e-02 -9.997641e-01
    outer loop
      vertex -6.180000e+00 6.401169e+00 2.441680e+00
      vertex -5.875296e+00 7.439667e+00 2.465186e+00
      vertex -5.830287e+00 7.425387e+00 2.465186e+00
    endloop
  endfacet
  facet normal 7.464685e-03 2.039616e-02 -9.997641e-01
    outer loop
      vertex -6.180000e+00 6.401169e+00 2.441680e+00
      vertex -5.830287e+00 7.425387e+00 2.465186e+00
      vertex -5.785944e+00 7.409157e+00 2.465186e+00
    endloop
  endfacet
  facet normal 8.347418e-03 2.005107e-02 -9.997641e-01
    outer loop
      vertex -6.180000e+00 6.401169e+00 2.441680e+00
      vertex -5.785944e+00 7.409157e+00 2.465186e+00
      vertex -5.742351e+00 7.391010e+00 2.465186e+00
    endloop
  endfacet
  facet normal 9.213896e-03 1.966796e-02 -9.997641e-01
    outer loop
      vertex -6.180000e+00 6.401169e+00 2.441680e+00
      vertex -5.742351e+00 7.391010e+00 2.465186e+00
      vertex -5.699592e+00 7.370979e+00 2.465186e+00
    endloop
  endfacet
  facet normal 1.006316e-02 1.924727e-02 -9.997641e-01
    outer loop
      vertex -6.180000e+00 6.401169e+00 2.441680e+00
      vertex -5.699592e+00 7.370979e+00 2.465186e+00
      vertex -5.657748e+00 7.349100e+00 2.465186e+00
    endloop
  endfacet
  facet normal 1.089331e-02 1.878991e-02 -9.997641e-01
    outer loop
      vertex -6.180000e+00 6.401169e+00 2.441680e+00
      vertex -5.657748e+00 7.349100e+00 2.465186e+00
      vertex -5.616897e+00 7.325418e+00 2.465186e+00
    endloop
  endfacet
  facet normal 1.170239e-02 1.829697e-02 -9.997641e-01
    outer loop
      vertex -6.180000e+00 6.401169e+00 2.441680e+00
      vertex -5.616897e+00 7.325418e+00 2.465186e+00
      vertex -5.577117e+00 7.299975e+00 2.465186e+00
    endloop
  endfacet
  facet normal 1.248926e-02 1.776917e-02 -9.997641e-01
    outer loop
      vertex -6.180000e+00 6.401169e+00 2.441680e+00
      vertex -5.577117e+00 7.299975e+00 2.465186e+00
      vertex -5.538486e+00 7.272822e+00 2.465186e+00
    endloop
  endfacet
  facet normal 1.325248e-02 1.720746e-02 -9.997641e-01
    outer loop
      vertex -6.180000e+00 6.401169e+00 2.441680e+00
      vertex -5.538486e+00 7.272822e+00 2.465186e+00
      vertex -5.501073e+00 7.244010e+00 2.465186e+00
    endloop
  endfacet
  facet normal 1.399049e-02 1.661298e-02 -9.997641e-01
    outer loop
      vertex -6.180000e+00 6.401169e+00 2.441680e+00
      vertex -5.501073e+00 7.244010e+00 2.465186e+00
      vertex -5.464956e+00 7.213592e+00 2.465186e+00
    endloop
  endfacet
  facet normal 1.470179e-02 1.598694e-02 -9.997641e-01
    outer loop
      vertex -6.180000e+00 6.401169e+00 2.441680e+00
      vertex -5.464956e+00 7.213592e+00 2.465186e+00
      vertex -5.430198e+00 7.181631e+00 2.465186e+00
    endloop
  endfacet
  facet normal 1.538516e-02 1.533042e-02 -9.997641e-01
    outer loop
      vertex -6.180000e+00 6.401169e+00 2.441680e+00
      vertex -5.430198e+00 7.181631e+00 2.465186e+00
      vertex -5.396871e+00 7.148181e+00 2.465186e+00
    endloop
  endfacet
  facet normal 1.603904e-02 1.464492e-02 -9.997641e-01
    outer loop
      vertex -6.180000e+00 6.401169e+00 2.441680e+00
      vertex -5.396871e+00 7.148181e+00 2.465186e+00
      vertex -5.365029e+00 7.113312e+00 2.465186e+00
    endloop
  endfacet
  facet normal 1.666293e-02 1.393095e-02 -9.997641e-01
    outer loop
      vertex -6.180000e+00 6.401169e+00 2.441680e+00
      vertex -5.365029e+00 7.113312e+00 2.465186e+00
      vertex -5.334743e+00 7.077084e+00 2.465186e+00
    endloop
  endfacet
  facet normal 1.725454e-02 1.319113e-02 -9.997641e-01
    outer loop
      vertex -6.180000e+00 6.401169e+00 2.441680e+00
      vertex -5.334743e+00 7.077084e+00 2.465186e+00
      vertex -5.306063e+00 7.039572e+00 2.465186e+00
    endloop
  endfacet
  facet normal 1.781351e-02 1.242592e-02 -9.997641e-01
    outer loop
      vertex -6.180000e+00 6.401169e+00 2.441680e+00
      vertex -5.306063e+00 7.039572e+00 2.465186e+00
      vertex -5.279048e+00 7.000845e+00 2.465186e+00
    endloop
  endfacet
  facet normal 1.833867e-02 1.163693e-02 -9.997641e-01
    outer loop
      vertex -6.180000e+00 6.401169e+00 2.441680e+00
      vertex -5.279048e+00 7.000845e+00 2.465186e+00
      vertex -5.253750e+00 6.960975e+00 2.465186e+00
    endloop
  endfacet
  facet normal 1.882871e-02 1.082611e-02 -9.997641e-01
    outer loop
      vertex -6.180000e+00 6.401169e+00 2.441680e+00
      vertex -5.253750e+00 6.960975e+00 2.465186e+00
      vertex -5.230212e+00 6.920040e+00 2.465186e+00
    endloop
  endfacet
  facet normal 1.928304e-02 9.994462e-03 -9.997641e-01
    outer loop
      vertex -6.180000e+00 6.401169e+00 2.441680e+00
      vertex -5.230212e+00 6.920040e+00 2.465186e+00
      vertex -5.208483e+00 6.878115e+00 2.465186e+00
    endloop
  endfacet
  facet normal 1.970061e-02 9.143894e-03 -9.997641e-01
    outer loop
      vertex -6.180000e+00 6.401169e+00 2.441680e+00
      vertex -5.208483e+00 6.878115e+00 2.465186e+00
      vertex -5.188605e+00 6.835284e+00 2.465186e+00
    endloop
  endfacet
  facet normal 2.008074e-02 8.275802e-03 -9.997641e-01
    outer loop
      vertex -6.180000e+00 6.401169e+00 2.441680e+00
      vertex -5.188605e+00 6.835284e+00 2.465186e+00
      vertex -5.170611e+00 6.791628e+00 2.465186e+00
    endloop
  endfacet
  facet normal 2.042259e-02 7.392085e-03 -9.997641e-01
    outer loop
      vertex -6.180000e+00 6.401169e+00 2.441680e+00
      vertex -5.170611e+00 6.791628e+00 2.465186e+00
      vertex -5.154540e+00 6.747228e+00 2.465186e+00
    endloop
  endfacet
  facet normal 2.072565e-02 6.494022e-03 -9.997641e-01
    outer loop
      vertex -6.180000e+00 6.401169e+00 2.441680e+00
      vertex -5.154540e+00 6.747228e+00 2.465186e+00
      vertex -5.140421e+00 6.702168e+00 2.465186e+00
    endloop
  endfacet
  facet normal 2.098903e-02 5.584405e-03 -9.997641e-01
    outer loop
      vertex -6.180000e+00 6.401169e+00 2.441680e+00
      vertex -5.140421e+00 6.702168e+00 2.465186e+00
      vertex -5.128280e+00 6.656535e+00 2.465186e+00
    endloop
  endfacet
  facet normal 2.121282e-02 4.662725e-03 -9.997641e-01
    outer loop
      vertex -6.180000e+00 6.401169e+00 2.441680e+00
      vertex -5.128280e+00 6.656535e+00 2.465186e+00
      vertex -5.118143e+00 6.610419e+00 2.465186e+00
    endloop
  endfacet
  facet normal 2.139590e-02 3.733682e-03 -9.997641e-01
    outer loop
      vertex -6.180000e+00 6.401169e+00 2.441680e+00
      vertex -5.118143e+00 6.610419e+00 2.465186e+00
      vertex -5.110026e+00 6.563901e+00 2.465186e+00
    endloop
  endfacet
  facet normal 2.153849e-02 2.796140e-03 -9.997641e-01
    outer loop
      vertex -6.180000e+00 6.401169e+00 2.441680e+00
      vertex -5.110026e+00 6.563901e+00 2.465186e+00
      vertex -5.103948e+00 6.517074e+00 2.465186e+00
    endloop
  endfacet
  facet normal 2.163992e-02 1.854474e-03 -9.997641e-01
    outer loop
      vertex -6.180000e+00 6.401169e+00 2.441680e+00
      vertex -5.103948e+00 6.517074e+00 2.465186e+00
      vertex -5.099916e+00 6.470028e+00 2.465186e+00
    endloop
  endfacet
  facet normal 2.170019e-02 9.090658e-04 -9.997641e-01
    outer loop
      vertex -6.180000e+00 6.401169e+00 2.441680e+00
      vertex -5.099916e+00 6.470028e+00 2.465186e+00
      vertex -5.097939e+00 6.422850e+00 2.465186e+00
    endloop
  endfacet
  facet normal 2.171919e-02 -3.895252e-05 -9.997641e-01
    outer loop
      vertex -6.180000e+00 6.401169e+00 2.441680e+00
      vertex -5.097939e+00 6.422850e+00 2.465186e+00
      vertex -5.098026e+00 6.375630e+00 2.465186e+00
    endloop
  endfacet
  facet normal 2.169684e-02 -9.859208e-04 -9.997641e-01
    outer loop
      vertex -6.180000e+00 6.401169e+00 2.441680e+00
      vertex -5.098026e+00 6.375630e+00 2.465186e+00
      vertex -5.100168e+00 6.328458e+00 2.465186e+00
    endloop
  endfacet
  facet normal 2.163314e-02 -1.931836e-03 -9.997641e-01
    outer loop
      vertex -6.180000e+00 6.401169e+00 2.441680e+00
      vertex -5.100168e+00 6.328458e+00 2.465186e+00
      vertex -5.104368e+00 6.281427e+00 2.465186e+00
    endloop
  endfacet
  facet normal 2.152837e-02 -2.873011e-03 -9.997641e-01
    outer loop
      vertex -6.180000e+00 6.401169e+00 2.441680e+00
      vertex -5.104368e+00 6.281427e+00 2.465186e+00
      vertex -5.110614e+00 6.234621e+00 2.465186e+00
    endloop
  endfacet
  facet normal 2.138252e-02 -3.809491e-03 -9.997641e-01
    outer loop
      vertex -6.180000e+00 6.401169e+00 2.441680e+00
      vertex -5.110614e+00 6.234621e+00 2.465186e+00
      vertex -5.118896e+00 6.188135e+00 2.465186e+00
    endloop
  endfacet
  facet normal 2.119590e-02 -4.739035e-03 -9.997641e-01
    outer loop
      vertex -6.180000e+00 6.401169e+00 2.441680e+00
      vertex -5.118896e+00 6.188135e+00 2.465186e+00
      vertex -5.129198e+00 6.142053e+00 2.465186e+00
    endloop
  endfacet
  facet normal 2.096914e-02 -5.658655e-03 -9.997641e-01
    outer loop
      vertex -6.180000e+00 6.401169e+00 2.441680e+00
      vertex -5.129198e+00 6.142053e+00 2.465186e+00
      vertex -5.141502e+00 6.096465e+00 2.465186e+00
    endloop
  endfacet
  facet normal 2.070242e-02 -6.567693e-03 -9.997641e-01
    outer loop
      vertex -6.180000e+00 6.401169e+00 2.441680e+00
      vertex -5.141502e+00 6.096465e+00 2.465186e+00
      vertex -5.155782e+00 6.051456e+00 2.465186e+00
    endloop
  endfacet
  facet normal 2.039596e-02 -7.465235e-03 -9.997641e-01
    outer loop
      vertex -6.180000e+00 6.401169e+00 2.441680e+00
      vertex -5.155782e+00 6.051456e+00 2.465186e+00
      vertex -5.172012e+00 6.007113e+00 2.465186e+00
    endloop
  endfacet
  facet normal 2.005130e-02 -8.346877e-03 -9.997641e-01
    outer loop
      vertex -6.180000e+00 6.401169e+00 2.441680e+00
      vertex -5.172012e+00 6.007113e+00 2.465186e+00
      vertex -5.190159e+00 5.963520e+00 2.465186e+00
    endloop
  endfacet
  facet normal 1.966776e-02 -9.214329e-03 -9.997641e-01
    outer loop
      vertex -6.180000e+00 6.401169e+00 2.441680e+00
      vertex -5.190159e+00 5.963520e+00 2.465186e+00
      vertex -5.210189e+00 5.920761e+00 2.465186e+00
    endloop
  endfacet
  facet normal 1.924738e-02 -1.006296e-02 -9.997641e-01
    outer loop
      vertex -6.180000e+00 6.401169e+00 2.441680e+00
      vertex -5.210189e+00 5.920761e+00 2.465186e+00
      vertex -5.232069e+00 5.878914e+00 2.465186e+00
    endloop
  endfacet
  facet normal 1.879001e-02 -1.089311e-02 -9.997641e-01
    outer loop
      vertex -6.180000e+00 6.401169e+00 2.441680e+00
      vertex -5.232069e+00 5.878914e+00 2.465186e+00
      vertex -5.255750e+00 5.838063e+00 2.465186e+00
    endloop
  endfacet
  facet normal 1.829685e-02 -1.170257e-02 -9.997641e-01
    outer loop
      vertex -6.180000e+00 6.401169e+00 2.441680e+00
      vertex -5.255750e+00 5.838063e+00 2.465186e+00
      vertex -5.281194e+00 5.798286e+00 2.465186e+00
    endloop
  endfacet
  facet normal 1.776929e-02 -1.248909e-02 -9.997641e-01
    outer loop
      vertex -6.180000e+00 6.401169e+00 2.441680e+00
      vertex -5.281194e+00 5.798286e+00 2.465186e+00
      vertex -5.308344e+00 5.759652e+00 2.465186e+00
    endloop
  endfacet
  facet normal 1.720723e-02 -1.325277e-02 -9.997641e-01
    outer loop
      vertex -6.180000e+00 6.401169e+00 2.441680e+00
      vertex -5.308344e+00 5.759652e+00 2.465186e+00
      vertex -5.337159e+00 5.722242e+00 2.465186e+00
    endloop
  endfacet
  facet normal 1.661309e-02 -1.399036e-02 -9.997641e-01
    outer loop
      vertex -6.180000e+00 6.401169e+00 2.441680e+00
      vertex -5.337159e+00 5.722242e+00 2.465186e+00
      vertex -5.367573e+00 5.686125e+00 2.465186e+00
    endloop
  endfacet
  facet normal 1.598682e-02 -1.470192e-02 -9.997641e-01
    outer loop
      vertex -6.180000e+00 6.401169e+00 2.441680e+00
      vertex -5.367573e+00 5.686125e+00 2.465186e+00
      vertex -5.399537e+00 5.651367e+00 2.465186e+00
    endloop
  endfacet
  facet normal 1.533055e-02 -1.538503e-02 -9.997641e-01
    outer loop
      vertex -6.180000e+00 6.401169e+00 2.441680e+00
      vertex -5.399537e+00 5.651367e+00 2.465186e+00
      vertex -5.432985e+00 5.618037e+00 2.465186e+00
    endloop
  endfacet
  facet normal 1.464478e-02 -1.603917e-02 -9.997641e-01
    outer loop
      vertex -6.180000e+00 6.401169e+00 2.441680e+00
      vertex -5.432985e+00 5.618037e+00 2.465186e+00
      vertex -5.467857e+00 5.586198e+00 2.465186e+00
    endloop
  endfacet
  facet normal 1.393111e-02 -1.666280e-02 -9.997641e-01
    outer loop
      vertex -6.180000e+00 6.401169e+00 2.441680e+00
      vertex -5.467857e+00 5.586198e+00 2.465186e+00
      vertex -5.504081e+00 5.555909e+00 2.465186e+00
    endloop
  endfacet
  facet normal 1.319113e-02 -1.725454e-02 -9.997641e-01
    outer loop
      vertex -6.180000e+00 6.401169e+00 2.441680e+00
      vertex -5.504081e+00 5.555909e+00 2.465186e+00
      vertex -5.541597e+00 5.527233e+00 2.465186e+00
    endloop
  endfacet
  facet normal 1.242592e-02 -1.781351e-02 -9.997641e-01
    outer loop
      vertex -6.180000e+00 6.401169e+00 2.441680e+00
      vertex -5.541597e+00 5.527233e+00 2.465186e+00
      vertex -5.580324e+00 5.500218e+00 2.465186e+00
    endloop
  endfacet
  facet normal 1.163711e-02 -1.833855e-02 -9.997641e-01
    outer loop
      vertex -6.180000e+00 6.401169e+00 2.441680e+00
      vertex -5.580324e+00 5.500218e+00 2.465186e+00
      vertex -5.620194e+00 5.474919e+00 2.465186e+00
    endloop
  endfacet
  facet normal 9.558157e-02 3.251943e-02 -9.948903e-01
    outer loop
      vertex -6.180000e+00 6.401169e+00 2.441680e+00
      vertex -5.620194e+00 5.474919e+00 2.465186e+00
      vertex -5.764857e+00 5.641251e+00 2.456725e+00
    endloop
  endfacet
  facet normal 8.775828e-01 4.794250e-01 -5.384830e-05
    outer loop
      vertex -6.180000e+00 6.401169e+00 2.441680e+00
      vertex -5.764857e+00 5.641251e+00 2.456725e+00
      vertex -5.972397e+00 6.021153e+00 2.445441e+00
    endloop
  endfacet
  facet normal 0.000000e+00 -1.000000e+00 0.000000e+00
    outer loop
      vertex -1.202346e+01 -1.503000e+01 1.653407e+01
      vertex -1.202346e+01 -1.503000e+01 8.748387e+00
      vertex -8.878107e+00 -1.503000e+01 1.265306e+01
    endloop
  endfacet
  facet normal 0.000000e+00 -1.000000e+00 0.000000e+00
    outer loop
      vertex -1.202346e+01 -1.503000e+01 1.653407e+01
      vertex -8.878107e+00 -1.503000e+01 1.265306e+01
      vertex -8.783769e+00 -1.503000e+01 1.275868e+01
    endloop
  endfacet
  facet normal 0.000000e+00 -1.000000e+00 0.000000e+00
    outer loop
      vertex -1.202346e+01 -1.503000e+01 1.653407e+01
      vertex -8.783769e+00 -1.503000e+01 1.275868e+01
      vertex -8.682725e+00 -1.503000e+01 1.285789e+01
    endloop
  endfacet
  facet normal 0.000000e+00 -1.000000e+00 0.000000e+00
    outer loop
      vertex -1.202346e+01 -1.503000e+01 1.653407e+01
      vertex -8.682725e+00 -1.503000e+01 1.285789e+01
      vertex -8.575410e+00 -1.503000e+01 1.295029e+01
    endloop
  endfacet
  facet normal 0.000000e+00 -1.000000e+00 0.000000e+00
    outer loop
      vertex -1.202346e+01 -1.503000e+01 1.653407e+01
      vertex -8.575410e+00 -1.503000e+01 1.295029e+01
      vertex -8.462280e+00 -1.503000e+01 1.303546e+01
    endloop
  endfacet
  facet normal 0.000000e+00 -9.999999e-01 0.000000e+00
    outer loop
      vertex -1.202346e+01 -1.503000e+01 1.653407e+01
      vertex -8.462280e+00 -1.503000e+01 1.303546e+01
      vertex -8.343822e+00 -1.503000e+01 1.311306e+01
    endloop
  endfacet
  facet normal 0.000000e+00 -1.000000e+00 0.000000e+00
    outer loop
      vertex -1.202346e+01 -1.503000e+01 1.653407e+01
      vertex -8.343822e+00 -1.503000e+01 1.311306e+01
      vertex -8.220543e+00 -1.503000e+01 1.318274e+01
    endloop
  endfacet
  facet normal 0.000000e+00 -1.000000e+00 0.000000e+00
    outer loop
      vertex -1.202346e+01 -1.503000e+01 1.653407e+01
      vertex -8.220543e+00 -1.503000e+01 1.318274e+01
      vertex -8.092968e+00 -1.503000e+01 1.324422e+01
    endloop
  endfacet
  facet normal 0.000000e+00 -1.000000e+00 0.000000e+00
    outer loop
      vertex -1.202346e+01 -1.503000e+01 1.653407e+01
      vertex -8.092968e+00 -1.503000e+01 1.324422e+01
      vertex -7.961649e+00 -1.503000e+01 1.329721e+01
    endloop
  endfacet
  facet normal 0.000000e+00 -9.999999e-01 0.000000e+00
    outer loop
      vertex -1.202346e+01 -1.503000e+01 1.653407e+01
      vertex -7.961649e+00 -1.503000e+01 1.329721e+01
      vertex -7.827144e+00 -1.503000e+01 1.334151e+01
    endloop
  endfacet
  facet normal 0.000000e+00 -1.000000e+00 0.000000e+00
    outer loop
      vertex -1.202346e+01 -1.503000e+01 1.653407e+01
      vertex -7.827144e+00 -1.503000e+01 1.334151e+01
      vertex -7.690029e+00 -1.503000e+01 1.337691e+01
    endloop
  endfacet
  facet normal 0.000000e+00 -1.000000e+00 0.000000e+00
    outer loop
      vertex -1.202346e+01 -1.503000e+01 1.653407e+01
      vertex -7.690029e+00 -1.503000e+01 1.337691e+01
      vertex -7.550892e+00 -1.503000e+01 1.340327e+01
    endloop
  endfacet
  facet normal 0.000000e+00 -1.000000e+00 0.000000e+00
    outer loop
      vertex -1.202346e+01 -1.503000e+01 1.653407e+01
      vertex -7.550892e+00 -1.503000e+01 1.340327e+01
      vertex -7.410330e+00 -1.503000e+01 1.342047e+01
    endloop
  endfacet
  facet normal 0.000000e+00 -1.000000e+00 0.000000e+00
    outer loop
      vertex -1.202346e+01 -1.503000e+01 1.653407e+01
      vertex -7.410330e+00 -1.503000e+01 1.342047e+01
      vertex -7.268943e+00 -1.503000e+01 1.342844e+01
    endloop
  endfacet
  facet normal 0.000000e+00 -1.000000e+00 0.000000e+00
    outer loop
      vertex -1.202346e+01 -1.503000e+01 1.653407e+01
      vertex -7.268943e+00 -1.503000e+01 1.342844e+01
      vertex -7.127337e+00 -1.503000e+01 1.342715e+01
    endloop
  endfacet
  facet normal 0.000000e+00 -9.999999e-01 0.000000e+00
    outer loop
      vertex -1.202346e+01 -1.503000e+01 1.653407e+01
      vertex -7.127337e+00 -1.503000e+01 1.342715e+01
      vertex 1.202347e+01 -1.503000e+01 1.653407e+01
    endloop
  endfacet
  facet normal 0.000000e+00 -1.000000e+00 0.000000e+00
    outer loop
      vertex -1.202346e+01 -1.503000e+01 8.748387e+00
      vertex -7.308420e+00 -1.503000e+01 9.102852e+00
      vertex -7.449636e+00 -1.503000e+01 9.113403e+00
    endloop
  endfacet
  facet normal 0.000000e+00 -1.000000e+00 0.000000e+00
    outer loop
      vertex -1.202346e+01 -1.503000e+01 8.748387e+00
      vertex -7.449636e+00 -1.503000e+01 9.113403e+00
      vertex -7.589862e+00 -1.503000e+01 9.133167e+00
    endloop
  endfacet
  facet normal 0.000000e+00 -1.000000e+00 0.000000e+00
    outer loop
      vertex -1.202346e+01 -1.503000e+01 8.748387e+00
      vertex -7.589862e+00 -1.503000e+01 9.133167e+00
      vertex -7.728495e+00 -1.503000e+01 9.162063e+00
    endloop
  endfacet
  facet normal 0.000000e+00 -1.000000e+00 0.000000e+00
    outer loop
      vertex -1.202346e+01 -1.503000e+01 8.748387e+00
      vertex -7.728495e+00 -1.503000e+01 9.162063e+00
      vertex -7.864941e+00 -1.503000e+01 9.199959e+00
    endloop
  endfacet
  facet normal 0.000000e+00 -1.000000e+00 0.000000e+00
    outer loop
      vertex -1.202346e+01 -1.503000e+01 8.748387e+00
      vertex -7.864941e+00 -1.503000e+01 9.199959e+00
      vertex -7.998615e+00 -1.503000e+01 9.246702e+00
    endloop
  endfacet
  facet normal 0.000000e+00 -1.000000e+00 0.000000e+00
    outer loop
      vertex -1.202346e+01 -1.503000e+01 8.748387e+00
      vertex -7.998615e+00 -1.503000e+01 9.246702e+00
      vertex -8.128947e+00 -1.503000e+01 9.302085e+00
    endloop
  endfacet
  facet normal 0.000000e+00 -1.000000e+00 0.000000e+00
    outer loop
      vertex -1.202346e+01 -1.503000e+01 8.748387e+00
      vertex -8.128947e+00 -1.503000e+01 9.302085e+00
      vertex -8.255376e+00 -1.503000e+01 9.365874e+00
    endloop
  endfacet
  facet normal 0.000000e+00 -1.000000e+00 0.000000e+00
    outer loop
      vertex -1.202346e+01 -1.503000e+01 8.748387e+00
      vertex -8.255376e+00 -1.503000e+01 9.365874e+00
      vertex -8.377364e+00 -1.503000e+01 9.437796e+00
    endloop
  endfacet
  facet normal 0.000000e+00 -1.000000e+00 0.000000e+00
    outer loop
      vertex -1.202346e+01 -1.503000e+01 8.748387e+00
      vertex -8.377364e+00 -1.503000e+01 9.437796e+00
      vertex -8.494385e+00 -1.503000e+01 9.517542e+00
    endloop
  endfacet
  facet normal 0.000000e+00 -1.000000e+00 0.000000e+00
    outer loop
      vertex -1.202346e+01 -1.503000e+01 8.748387e+00
      vertex -8.494385e+00 -1.503000e+01 9.517542e+00
      vertex -8.605941e+00 -1.503000e+01 9.604770e+00
    endloop
  endfacet
  facet normal 0.000000e+00 -1.000000e+00 0.000000e+00
    outer loop
      vertex -1.202346e+01 -1.503000e+01 8.748387e+00
      vertex -8.605941e+00 -1.503000e+01 9.604770e+00
      vertex -8.711556e+00 -1.503000e+01 9.699108e+00
    endloop
  endfacet
  facet normal 0.000000e+00 -1.000000e+00 0.000000e+00
    outer loop
      vertex -1.202346e+01 -1.503000e+01 8.748387e+00
      vertex -8.711556e+00 -1.503000e+01 9.699108e+00
      vertex -8.810769e+00 -1.503000e+01 9.800154e+00
    endloop
  endfacet
  facet normal 0.000000e+00 -1.000000e+00 0.000000e+00
    outer loop
      vertex -1.202346e+01 -1.503000e+01 8.748387e+00
      vertex -8.810769e+00 -1.503000e+01 9.800154e+00
      vertex -8.903166e+00 -1.503000e+01 9.907470e+00
    endloop
  endfacet
  facet normal 0.000000e+00 -1.000000e+00 0.000000e+00
    outer loop
      vertex -1.202346e+01 -1.503000e+01 8.748387e+00
      vertex -8.903166e+00 -1.503000e+01 9.907470e+00
      vertex -8.988345e+00 -1.503000e+01 1.002060e+01
    endloop
  endfacet
  facet normal 0.000000e+00 -1.000000e+00 0.000000e+00
    outer loop
      vertex -1.202346e+01 -1.503000e+01 8.748387e+00
      vertex -8.988345e+00 -1.503000e+01 1.002060e+01
      vertex -9.065940e+00 -1.503000e+01 1.013906e+01
    endloop
  endfacet
  facet normal 0.000000e+00 -9.999999e-01 0.000000e+00
    outer loop
      vertex -1.202346e+01 -1.503000e+01 8.748387e+00
      vertex -9.065940e+00 -1.503000e+01 1.013906e+01
      vertex -9.135624e+00 -1.503000e+01 1.026234e+01
    endloop
  endfacet
  facet normal 0.000000e+00 -1.000000e+00 0.000000e+00
    outer loop
      vertex -1.202346e+01 -1.503000e+01 8.748387e+00
      vertex -9.135624e+00 -1.503000e+01 1.026234e+01
      vertex -9.197094e+00 -1.503000e+01 1.038991e+01
    endloop
  endfacet
  facet normal 0.000000e+00 -1.000000e+00 0.000000e+00
    outer loop
      vertex -1.202346e+01 -1.503000e+01 8.748387e+00
      vertex -9.197094e+00 -1.503000e+01 1.038991e+01
      vertex -9.250092e+00 -1.503000e+01 1.052123e+01
    endloop
  endfacet
  facet normal 0.000000e+00 -1.000000e+00 0.000000e+00
    outer loop
      vertex -1.202346e+01 -1.503000e+01 8.748387e+00
      vertex -9.250092e+00 -1.503000e+01 1.052123e+01
      vertex -9.294384e+00 -1.503000e+01 1.065574e+01
    endloop
  endfacet
  facet normal 0.000000e+00 -1.000000e+00 0.000000e+00
    outer loop
      vertex -1.202346e+01 -1.503000e+01 8.748387e+00
      vertex -9.294384e+00 -1.503000e+01 1.065574e+01
      vertex -9.329787e+00 -1.503000e+01 1.079285e+01
    endloop
  endfacet
  facet normal 0.000000e+00 -1.000000e+00 0.000000e+00
    outer loop
      vertex -1.202346e+01 -1.503000e+01 8.748387e+00
      vertex -9.329787e+00 -1.503000e+01 1.079285e+01
      vertex -9.356144e+00 -1.503000e+01 1.093199e+01
    endloop
  endfacet
  facet normal 0.000000e+00 -1.000000e+00 0.000000e+00
    outer loop
      vertex -1.202346e+01 -1.503000e+01 8.748387e+00
      vertex -9.356144e+00 -1.503000e+01 1.093199e+01
      vertex -9.373347e+00 -1.503000e+01 1.107255e+01
    endloop
  endfacet
  facet normal 0.000000e+00 -1.000000e+00 0.000000e+00
    outer loop
      vertex -1.202346e+01 -1.503000e+01 8.748387e+00
      vertex -9.373347e+00 -1.503000e+01 1.107255e+01
      vertex -9.381318e+00 -1.503000e+01 1.121394e+01
    endloop
  endfacet
  facet normal 0.000000e+00 -1.000000e+00 0.000000e+00
    outer loop
      vertex -1.202346e+01 -1.503000e+01 8.748387e+00
      vertex -9.381318e+00 -1.503000e+01 1.121394e+01
      vertex -9.380025e+00 -1.503000e+01 1.135554e+01
    endloop
  endfacet
  facet normal 0.000000e+00 -1.000000e+00 0.000000e+00
    outer loop
      vertex -1.202346e+01 -1.503000e+01 8.748387e+00
      vertex -9.380025e+00 -1.503000e+01 1.135554e+01
      vertex -9.369474e+00 -1.503000e+01 1.149676e+01
    endloop
  endfacet
  facet normal 0.000000e+00 -1.000000e+00 0.000000e+00
    outer loop
      vertex -1.202346e+01 -1.503000e+01 8.748387e+00
      vertex -9.369474e+00 -1.503000e+01 1.149676e+01
      vertex -9.349710e+00 -1.503000e+01 1.163698e+01
    endloop
  endfacet
  facet normal 0.000000e+00 -1.000000e+00 0.000000e+00
    outer loop
      vertex -1.202346e+01 -1.503000e+01 8.748387e+00
      vertex -9.349710e+00 -1.503000e+01 1.163698e+01
      vertex -9.320817e+00 -1.503000e+01 1.177561e+01
    endloop
  endfacet
  facet normal 0.000000e+00 -9.999999e-01 0.000000e+00
    outer loop
      vertex -1.202346e+01 -1.503000e+01 8.748387e+00
      vertex -9.320817e+00 -1.503000e+01 1.177561e+01
      vertex -9.282918e+00 -1.503000e+01 1.191206e+01
    endloop
  endfacet
  facet normal 0.000000e+00 -1.000000e+00 0.000000e+00
    outer loop
      vertex -1.202346e+01 -1.503000e+01 8.748387e+00
      vertex -9.282918e+00 -1.503000e+01 1.191206e+01
      vertex -9.236178e+00 -1.503000e+01 1.204574e+01
    endloop
  endfacet
  facet normal 0.000000e+00 -1.000000e+00 0.000000e+00
    outer loop
      vertex -1.202346e+01 -1.503000e+01 8.748387e+00
      vertex -9.236178e+00 -1.503000e+01 1.204574e+01
      vertex -9.180795e+00 -1.503000e+01 1.217607e+01
    endloop
  endfacet
  facet normal 0.000000e+00 -1.000000e+00 0.000000e+00
    outer loop
      vertex -1.202346e+01 -1.503000e+01 8.748387e+00
      vertex -9.180795e+00 -1.503000e+01 1.217607e+01
      vertex -9.117006e+00 -1.503000e+01 1.230250e+01
    endloop
  endfacet
  facet normal 0.000000e+00 -1.000000e+00 0.000000e+00
    outer loop
      vertex -1.202346e+01 -1.503000e+01 8.748387e+00
      vertex -9.117006e+00 -1.503000e+01 1.230250e+01
      vertex -9.045084e+00 -1.503000e+01 1.242449e+01
    endloop
  endfacet
  facet normal 0.000000e+00 -1.000000e+00 0.000000e+00
    outer loop
      vertex -1.202346e+01 -1.503000e+01 8.748387e+00
      vertex -9.045084e+00 -1.503000e+01 1.242449e+01
      vertex -8.965338e+00 -1.503000e+01 1.254151e+01
    endloop
  endfacet
  facet normal 0.000000e+00 -1.000000e+00 0.000000e+00
    outer loop
      vertex -1.202346e+01 -1.503000e+01 8.748387e+00
      vertex -8.965338e+00 -1.503000e+01 1.254151e+01
      vertex -8.878107e+00 -1.503000e+01 1.265306e+01
    endloop
  endfacet
  facet normal 0.000000e+00 -1.000000e+00 0.000000e+00
    outer loop
      vertex 1.202347e+01 -1.503000e+01 8.748387e+00
      vertex -6.707265e+00 -1.503000e+01 1.336794e+01
      vertex -6.570819e+00 -1.503000e+01 1.333004e+01
    endloop
  endfacet
  facet normal 0.000000e+00 -1.000000e+00 0.000000e+00
    outer loop
      vertex 1.202347e+01 -1.503000e+01 8.748387e+00
      vertex -6.570819e+00 -1.503000e+01 1.333004e+01
      vertex -6.437145e+00 -1.503000e+01 1.328330e+01
    endloop
  endfacet
  facet normal 0.000000e+00 -1.000000e+00 0.000000e+00
    outer loop
      vertex 1.202347e+01 -1.503000e+01 8.748387e+00
      vertex -6.437145e+00 -1.503000e+01 1.328330e+01
      vertex -6.306813e+00 -1.503000e+01 1.322791e+01
    endloop
  endfacet
  facet normal 0.000000e+00 -1.000000e+00 0.000000e+00
    outer loop
      vertex 1.202347e+01 -1.503000e+01 8.748387e+00
      vertex -6.306813e+00 -1.503000e+01 1.322791e+01
      vertex -6.180381e+00 -1.503000e+01 1.316413e+01
    endloop
  endfacet
  facet normal 0.000000e+00 -9.999999e-01 0.000000e+00
    outer loop
      vertex 1.202347e+01 -1.503000e+01 8.748387e+00
      vertex -6.180381e+00 -1.503000e+01 1.316413e+01
      vertex -6.058395e+00 -1.503000e+01 1.309220e+01
    endloop
  endfacet
  facet normal 0.000000e+00 -1.000000e+00 0.000000e+00
    outer loop
      vertex 1.202347e+01 -1.503000e+01 8.748387e+00
      vertex -6.058395e+00 -1.503000e+01 1.309220e+01
      vertex -5.941371e+00 -1.503000e+01 1.301246e+01
    endloop
  endfacet
  facet normal 0.000000e+00 -1.000000e+00 0.000000e+00
    outer loop
      vertex 1.202347e+01 -1.503000e+01 8.748387e+00
      vertex -5.941371e+00 -1.503000e+01 1.301246e+01
      vertex -5.829816e+00 -1.503000e+01 1.292523e+01
    endloop
  endfacet
  facet normal 0.000000e+00 -9.999999e-01 0.000000e+00
    outer loop
      vertex 1.202347e+01 -1.503000e+01 8.748387e+00
      vertex -5.829816e+00 -1.503000e+01 1.292523e+01
      vertex -5.724204e+00 -1.503000e+01 1.283089e+01
    endloop
  endfacet
  facet normal 0.000000e+00 -1.000000e+00 0.000000e+00
    outer loop
      vertex 1.202347e+01 -1.503000e+01 8.748387e+00
      vertex -5.724204e+00 -1.503000e+01 1.283089e+01
      vertex -5.624988e+00 -1.503000e+01 1.272985e+01
    endloop
  endfacet
  facet normal 0.000000e+00 -1.000000e+00 0.000000e+00
    outer loop
      vertex 1.202347e+01 -1.503000e+01 8.748387e+00
      vertex -5.624988e+00 -1.503000e+01 1.272985e+01
      vertex -5.532594e+00 -1.503000e+01 1.262253e+01
    endloop
  endfacet
  facet normal 0.000000e+00 -1.000000e+00 0.000000e+00
    outer loop
      vertex 1.202347e+01 -1.503000e+01 8.748387e+00
      vertex -5.532594e+00 -1.503000e+01 1.262253e+01
      vertex -5.447415e+00 -1.503000e+01 1.250940e+01
    endloop
  endfacet
  facet normal 0.000000e+00 -9.999999e-01 0.000000e+00
    outer loop
      vertex 1.202347e+01 -1.503000e+01 8.748387e+00
      vertex -5.447415e+00 -1.503000e+01 1.250940e+01
      vertex -5.369817e+00 -1.503000e+01 1.239094e+01
    endloop
  endfacet
  facet normal 0.000000e+00 -1.000000e+00 0.000000e+00
    outer loop
      vertex 1.202347e+01 -1.503000e+01 8.748387e+00
      vertex -5.369817e+00 -1.503000e+01 1.239094e+01
      vertex -5.300133e+00 -1.503000e+01 1.226766e+01
    endloop
  endfacet
  facet normal 0.000000e+00 -1.000000e+00 0.000000e+00
    outer loop
      vertex 1.202347e+01 -1.503000e+01 8.748387e+00
      vertex -5.300133e+00 -1.503000e+01 1.226766e+01
      vertex -5.238663e+00 -1.503000e+01 1.214009e+01
    endloop
  endfacet
  facet normal 0.000000e+00 -1.000000e+00 0.000000e+00
    outer loop
      vertex 1.202347e+01 -1.503000e+01 8.748387e+00
      vertex -5.238663e+00 -1.503000e+01 1.214009e+01
      vertex -5.185668e+00 -1.503000e+01 1.200877e+01
    endloop
  endfacet
  facet normal 0.000000e+00 -1.000000e+00 0.000000e+00
    outer loop
      vertex 1.202347e+01 -1.503000e+01 8.748387e+00
      vertex -5.185668e+00 -1.503000e+01 1.200877e+01
      vertex -5.141372e+00 -1.503000e+01 1.187426e+01
    endloop
  endfacet
  facet normal 0.000000e+00 -1.000000e+00 0.000000e+00
    outer loop
      vertex 1.202347e+01 -1.503000e+01 8.748387e+00
      vertex -5.141372e+00 -1.503000e+01 1.187426e+01
      vertex -5.105972e+00 -1.503000e+01 1.173715e+01
    endloop
  endfacet
  facet normal 0.000000e+00 -1.000000e+00 0.000000e+00
    outer loop
      vertex 1.202347e+01 -1.503000e+01 8.748387e+00
      vertex -5.105972e+00 -1.503000e+01 1.173715e+01
      vertex -5.079612e+00 -1.503000e+01 1.159801e+01
    endloop
  endfacet
  facet normal 0.000000e+00 -1.000000e+00 0.000000e+00
    outer loop
      vertex 1.202347e+01 -1.503000e+01 8.748387e+00
      vertex -5.079612e+00 -1.503000e+01 1.159801e+01
      vertex -5.062409e+00 -1.503000e+01 1.145745e+01
    endloop
  endfacet
  facet normal 0.000000e+00 -1.000000e+00 0.000000e+00
    outer loop
      vertex 1.202347e+01 -1.503000e+01 8.748387e+00
      vertex -5.062409e+00 -1.503000e+01 1.145745e+01
      vertex -5.054439e+00 -1.503000e+01 1.131606e+01
    endloop
  endfacet
  facet normal 0.000000e+00 -1.000000e+00 0.000000e+00
    outer loop
      vertex 1.202347e+01 -1.503000e+01 8.748387e+00
      vertex -5.054439e+00 -1.503000e+01 1.131606e+01
      vertex -5.055732e+00 -1.503000e+01 1.117446e+01
    endloop
  endfacet
  facet normal 0.000000e+00 -1.000000e+00 0.000000e+00
    outer loop
      vertex 1.202347e+01 -1.503000e+01 8.748387e+00
      vertex -5.055732e+00 -1.503000e+01 1.117446e+01
      vertex -5.066283e+00 -1.503000e+01 1.103324e+01
    endloop
  endfacet
  facet normal 0.000000e+00 -1.000000e+00 0.000000e+00
    outer loop
      vertex 1.202347e+01 -1.503000e+01 8.748387e+00
      vertex -5.066283e+00 -1.503000e+01 1.103324e+01
      vertex -5.086047e+00 -1.503000e+01 1.089302e+01
    endloop
  endfacet
  facet normal 0.000000e+00 -1.000000e+00 0.000000e+00
    outer loop
      vertex 1.202347e+01 -1.503000e+01 8.748387e+00
      vertex -5.086047e+00 -1.503000e+01 1.089302e+01
      vertex -5.114940e+00 -1.503000e+01 1.075438e+01
    endloop
  endfacet
  facet normal 0.000000e+00 -1.000000e+00 0.000000e+00
    outer loop
      vertex 1.202347e+01 -1.503000e+01 8.748387e+00
      vertex -5.114940e+00 -1.503000e+01 1.075438e+01
      vertex -5.152838e+00 -1.503000e+01 1.061794e+01
    endloop
  endfacet
  facet normal 0.000000e+00 -1.000000e+00 0.000000e+00
    outer loop
      vertex 1.202347e+01 -1.503000e+01 8.748387e+00
      vertex -5.152838e+00 -1.503000e+01 1.061794e+01
      vertex -5.199578e+00 -1.503000e+01 1.048427e+01
    endloop
  endfacet
  facet normal 0.000000e+00 -1.000000e+00 0.000000e+00
    outer loop
      vertex 1.202347e+01 -1.503000e+01 8.748387e+00
      vertex -5.199578e+00 -1.503000e+01 1.048427e+01
      vertex -5.254964e+00 -1.503000e+01 1.035393e+01
    endloop
  endfacet
  facet normal 0.000000e+00 -1.000000e+00 0.000000e+00
    outer loop
      vertex 1.202347e+01 -1.503000e+01 8.748387e+00
      vertex -5.254964e+00 -1.503000e+01 1.035393e+01
      vertex -5.318754e+00 -1.503000e+01 1.022750e+01
    endloop
  endfacet
  facet normal 0.000000e+00 -1.000000e+00 0.000000e+00
    outer loop
      vertex 1.202347e+01 -1.503000e+01 8.748387e+00
      vertex -5.318754e+00 -1.503000e+01 1.022750e+01
      vertex -5.390676e+00 -1.503000e+01 1.010552e+01
    endloop
  endfacet
  facet normal 0.000000e+00 -9.999999e-01 0.000000e+00
    outer loop
      vertex 1.202347e+01 -1.503000e+01 8.748387e+00
      vertex -5.390676e+00 -1.503000e+01 1.010552e+01
      vertex -5.470422e+00 -1.503000e+01 9.988494e+00
    endloop
  endfacet
  facet normal 0.000000e+00 -9.999999e-01 0.000000e+00
    outer loop
      vertex 1.202347e+01 -1.503000e+01 8.748387e+00
      vertex -5.470422e+00 -1.503000e+01 9.988494e+00
      vertex -5.557650e+00 -1.503000e+01 9.876936e+00
    endloop
  endfacet
  facet normal 0.000000e+00 -1.000000e+00 0.000000e+00
    outer loop
      vertex 1.202347e+01 -1.503000e+01 8.748387e+00
      vertex -5.557650e+00 -1.503000e+01 9.876936e+00
      vertex -5.651988e+00 -1.503000e+01 9.771324e+00
    endloop
  endfacet
  facet normal 0.000000e+00 -1.000000e+00 0.000000e+00
    outer loop
      vertex 1.202347e+01 -1.503000e+01 8.748387e+00
      vertex -5.651988e+00 -1.503000e+01 9.771324e+00
      vertex -5.753031e+00 -1.503000e+01 9.672108e+00
    endloop
  endfacet
  facet normal 0.000000e+00 -1.000000e+00 0.000000e+00
    outer loop
      vertex 1.202347e+01 -1.503000e+01 8.748387e+00
      vertex -5.753031e+00 -1.503000e+01 9.672108e+00
      vertex -5.860350e+00 -1.503000e+01 9.579714e+00
    endloop
  endfacet
  facet normal 0.000000e+00 -1.000000e+00 0.000000e+00
    outer loop
      vertex 1.202347e+01 -1.503000e+01 8.748387e+00
      vertex -5.860350e+00 -1.503000e+01 9.579714e+00
      vertex -5.973477e+00 -1.503000e+01 9.494535e+00
    endloop
  endfacet
  facet normal 0.000000e+00 -1.000000e+00 0.000000e+00
    outer loop
      vertex 1.202347e+01 -1.503000e+01 8.748387e+00
      vertex -5.973477e+00 -1.503000e+01 9.494535e+00
      vertex -6.091938e+00 -1.503000e+01 9.416937e+00
    endloop
  endfacet
  facet normal 0.000000e+00 -1.000000e+00 0.000000e+00
    outer loop
      vertex 1.202347e+01 -1.503000e+01 8.748387e+00
      vertex -6.091938e+00 -1.503000e+01 9.416937e+00
      vertex -6.215217e+00 -1.503000e+01 9.347256e+00
    endloop
  endfacet
  facet normal 0.000000e+00 -1.000000e+00 0.000000e+00
    outer loop
      vertex 1.202347e+01 -1.503000e+01 8.748387e+00
      vertex -6.215217e+00 -1.503000e+01 9.347256e+00
      vertex -6.342789e+00 -1.503000e+01 9.285783e+00
    endloop
  endfacet
  facet normal 0.000000e+00 -1.000000e+00 0.000000e+00
    outer loop
      vertex 1.202347e+01 -1.503000e+01 8.748387e+00
      vertex -6.342789e+00 -1.503000e+01 9.285783e+00
      vertex -6.474111e+00 -1.503000e+01 9.232788e+00
    endloop
  endfacet
  facet normal 0.000000e+00 -9.999999e-01 0.000000e+00
    outer loop
      vertex 1.202347e+01 -1.503000e+01 8.748387e+00
      vertex -6.474111e+00 -1.503000e+01 9.232788e+00
      vertex -6.608616e+00 -1.503000e+01 9.188493e+00
    endloop
  endfacet
  facet normal 0.000000e+00 -1.000000e+00 0.000000e+00
    outer loop
      vertex 1.202347e+01 -1.503000e+01 8.748387e+00
      vertex -6.608616e+00 -1.503000e+01 9.188493e+00
      vertex -6.745731e+00 -1.503000e+01 9.153093e+00
    endloop
  endfacet
  facet normal 0.000000e+00 -1.000000e+00 0.000000e+00
    outer loop
      vertex 1.202347e+01 -1.503000e+01 8.748387e+00
      vertex -6.745731e+00 -1.503000e+01 9.153093e+00
      vertex -6.884865e+00 -1.503000e+01 9.126735e+00
    endloop
  endfacet
  facet normal 0.000000e+00 -1.000000e+00 0.000000e+00
    outer loop
      vertex 1.202347e+01 -1.503000e+01 8.748387e+00
      vertex -6.884865e+00 -1.503000e+01 9.126735e+00
      vertex -7.025430e+00 -1.503000e+01 9.109533e+00
    endloop
  endfacet
  facet normal 0.000000e+00 -1.000000e+00 0.000000e+00
    outer loop
      vertex 1.202347e+01 -1.503000e+01 8.748387e+00
      vertex -7.025430e+00 -1.503000e+01 9.109533e+00
      vertex -7.166814e+00 -1.503000e+01 9.101559e+00
    endloop
  endfacet
  facet normal 0.000000e+00 -1.000000e+00 0.000000e+00
    outer loop
      vertex 1.202347e+01 -1.503000e+01 1.653407e+01
      vertex -7.127337e+00 -1.503000e+01 1.342715e+01
      vertex -6.986121e+00 -1.503000e+01 1.341660e+01
    endloop
  endfacet
  facet normal 0.000000e+00 -1.000000e+00 0.000000e+00
    outer loop
      vertex 1.202347e+01 -1.503000e+01 1.653407e+01
      vertex -6.986121e+00 -1.503000e+01 1.341660e+01
      vertex -6.845895e+00 -1.503000e+01 1.339683e+01
    endloop
  endfacet
  facet normal 0.000000e+00 -1.000000e+00 0.000000e+00
    outer loop
      vertex 1.202347e+01 -1.503000e+01 1.653407e+01
      vertex -6.845895e+00 -1.503000e+01 1.339683e+01
      vertex -6.707265e+00 -1.503000e+01 1.336794e+01
    endloop
  endfacet
  facet normal 0.000000e+00 -1.000000e+00 0.000000e+00
    outer loop
      vertex 1.202347e+01 -1.503000e+01 1.653407e+01
      vertex -6.707265e+00 -1.503000e+01 1.336794e+01
      vertex 1.202347e+01 -1.503000e+01 8.748387e+00
    endloop
  endfacet
  facet normal 0.000000e+00 -1.000000e+00 0.000000e+00
    outer loop
      vertex 7.170305e+00 -1.503000e+01 3.895230e+00
      vertex 1.202347e+01 -1.503000e+01 8.748387e+00
      vertex -7.170309e+00 -1.503000e+01 3.895230e+00
    endloop
  endfacet
  facet normal 0.000000e+00 -1.000000e+00 0.000000e+00
    outer loop
      vertex -7.170309e+00 -1.503000e+01 3.895230e+00
      vertex 1.202347e+01 -1.503000e+01 8.748387e+00
      vertex -7.166814e+00 -1.503000e+01 9.101559e+00
    endloop
  endfacet
  facet normal 0.000000e+00 -1.000000e+00 0.000000e+00
    outer loop
      vertex -7.170309e+00 -1.503000e+01 3.895230e+00
      vertex -7.166814e+00 -1.503000e+01 9.101559e+00
      vertex -1.202346e+01 -1.503000e+01 8.748387e+00
    endloop
  endfacet
  facet normal 0.000000e+00 -1.000000e+00 0.000000e+00
    outer loop
      vertex -1.202346e+01 -1.503000e+01 8.748387e+00
      vertex -7.166814e+00 -1.503000e+01 9.101559e+00
      vertex -7.308420e+00 -1.503000e+01 9.102852e+00
    endloop
  endfacet
  facet normal 5.078823e-01 0.000000e+00 8.614265e-01
    outer loop
      vertex -8.255376e+00 -1.503000e+01 9.365874e+00
      vertex -8.377364e+00 -1.465440e+01 9.437796e+00
      vertex -8.377364e+00 -1.503000e+01 9.437796e+00
    endloop
  endfacet
  facet normal 5.631346e-01 0.000000e+00 8.263652e-01
    outer loop
      vertex -8.377364e+00 -1.503000e+01 9.437796e+00
      vertex -8.377364e+00 -1.465440e+01 9.437796e+00
      vertex -8.494385e+00 -1.465440e+01 9.517542e+00
    endloop
  endfacet
  facet normal 5.631346e-01 0.000000e+00 8.263652e-01
    outer loop
      vertex -8.377364e+00 -1.503000e+01 9.437796e+00
      vertex -8.494385e+00 -1.465440e+01 9.517542e+00
      vertex -8.494385e+00 -1.503000e+01 9.517542e+00
    endloop
  endfacet
  facet normal 6.159759e-01 0.000000e+00 7.877650e-01
    outer loop
      vertex -8.494385e+00 -1.503000e+01 9.517542e+00
      vertex -8.494385e+00 -1.465440e+01 9.517542e+00
      vertex -8.605941e+00 -1.465440e+01 9.604770e+00
    endloop
  endfacet
  facet normal 6.159759e-01 0.000000e+00 7.877650e-01
    outer loop
      vertex -8.494385e+00 -1.503000e+01 9.517542e+00
      vertex -8.605941e+00 -1.465440e+01 9.604770e+00
      vertex -8.605941e+00 -1.503000e+01 9.604770e+00
    endloop
  endfacet
  facet normal 6.661787e-01 0.000000e+00 7.457922e-01
    outer loop
      vertex -8.605941e+00 -1.503000e+01 9.604770e+00
      vertex -8.605941e+00 -1.465440e+01 9.604770e+00
      vertex -8.711556e+00 -1.465440e+01 9.699108e+00
    endloop
  endfacet
  facet normal 6.661787e-01 0.000000e+00 7.457922e-01
    outer loop
      vertex -8.605941e+00 -1.503000e+01 9.604770e+00
      vertex -8.711556e+00 -1.465440e+01 9.699108e+00
      vertex -8.711556e+00 -1.503000e+01 9.699108e+00
    endloop
  endfacet
  facet normal 7.135303e-01 0.000000e+00 7.006243e-01
    outer loop
      vertex -8.711556e+00 -1.503000e+01 9.699108e+00
      vertex -8.711556e+00 -1.465440e+01 9.699108e+00
      vertex -8.810769e+00 -1.465440e+01 9.800154e+00
    endloop
  endfacet
  facet normal 7.135303e-01 0.000000e+00 7.006243e-01
    outer loop
      vertex -8.711556e+00 -1.503000e+01 9.699108e+00
      vertex -8.810769e+00 -1.465440e+01 9.800154e+00
      vertex -8.810769e+00 -1.503000e+01 9.800154e+00
    endloop
  endfacet
  facet normal 7.578275e-01 0.000000e+00 6.524549e-01
    outer loop
      vertex -8.810769e+00 -1.503000e+01 9.800154e+00
      vertex -8.810769e+00 -1.465440e+01 9.800154e+00
      vertex -8.903166e+00 -1.465440e+01 9.907470e+00
    endloop
  endfacet
  facet normal 7.578275e-01 0.000000e+00 6.524549e-01
    outer loop
      vertex -8.810769e+00 -1.503000e+01 9.800154e+00
      vertex -8.903166e+00 -1.465440e+01 9.907470e+00
      vertex -8.903166e+00 -1.503000e+01 9.907470e+00
    endloop
  endfacet
  facet normal 7.988756e-01 0.000000e+00 6.014962e-01
    outer loop
      vertex -8.903166e+00 -1.503000e+01 9.907470e+00
      vertex -8.903166e+00 -1.465440e+01 9.907470e+00
      vertex -8.988345e+00 -1.465440e+01 1.002060e+01
    endloop
  endfacet
  facet normal 7.988756e-01 0.000000e+00 6.014962e-01
    outer loop
      vertex -8.903166e+00 -1.503000e+01 9.907470e+00
      vertex -8.988345e+00 -1.465440e+01 1.002060e+01
      vertex -8.988345e+00 -1.503000e+01 1.002060e+01
    endloop
  endfacet
  facet normal 8.365058e-01 0.000000e+00 5.479581e-01
    outer loop
      vertex -8.988345e+00 -1.503000e+01 1.002060e+01
      vertex -8.988345e+00 -1.465440e+01 1.002060e+01
      vertex -9.065940e+00 -1.465440e+01 1.013906e+01
    endloop
  endfacet
  facet normal 8.365058e-01 0.000000e+00 5.479581e-01
    outer loop
      vertex -8.988345e+00 -1.503000e+01 1.002060e+01
      vertex -9.065940e+00 -1.465440e+01 1.013906e+01
      vertex -9.065940e+00 -1.503000e+01 1.013906e+01
    endloop
  endfacet
  facet normal 8.705522e-01 0.000000e+00 4.920761e-01
    outer loop
      vertex -9.065940e+00 -1.503000e+01 1.013906e+01
      vertex -9.065940e+00 -1.465440e+01 1.013906e+01
      vertex -9.135624e+00 -1.465440e+01 1.026234e+01
    endloop
  endfacet
  facet normal 8.705522e-01 0.000000e+00 4.920761e-01
    outer loop
      vertex -9.065940e+00 -1.503000e+01 1.013906e+01
      vertex -9.135624e+00 -1.465440e+01 1.026234e+01
      vertex -9.135624e+00 -1.503000e+01 1.026234e+01
    endloop
  endfacet
  facet normal 9.008710e-01 0.000000e+00 4.340869e-01
    outer loop
      vertex -9.135624e+00 -1.503000e+01 1.026234e+01
      vertex -9.135624e+00 -1.465440e+01 1.026234e+01
      vertex -9.197094e+00 -1.465440e+01 1.038991e+01
    endloop
  endfacet
  facet normal 9.008710e-01 0.000000e+00 4.340869e-01
    outer loop
      vertex -9.135624e+00 -1.503000e+01 1.026234e+01
      vertex -9.197094e+00 -1.465440e+01 1.038991e+01
      vertex -9.197094e+00 -1.503000e+01 1.038991e+01
    endloop
  endfacet
  facet normal 9.273340e-01 0.000000e+00 3.742348e-01
    outer loop
      vertex -9.197094e+00 -1.503000e+01 1.038991e+01
      vertex -9.197094e+00 -1.465440e+01 1.038991e+01
      vertex -9.250092e+00 -1.465440e+01 1.052123e+01
    endloop
  endfacet
  facet normal 9.273340e-01 0.000000e+00 3.742348e-01
    outer loop
      vertex -9.197094e+00 -1.503000e+01 1.038991e+01
      vertex -9.250092e+00 -1.465440e+01 1.052123e+01
      vertex -9.250092e+00 -1.503000e+01 1.052123e+01
    endloop
  endfacet
  facet normal 9.498242e-01 0.000000e+00 3.127843e-01
    outer loop
      vertex -9.250092e+00 -1.503000e+01 1.052123e+01
      vertex -9.250092e+00 -1.465440e+01 1.052123e+01
      vertex -9.294384e+00 -1.465440e+01 1.065574e+01
    endloop
  endfacet
  facet normal 9.498242e-01 0.000000e+00 3.127843e-01
    outer loop
      vertex -9.250092e+00 -1.503000e+01 1.052123e+01
      vertex -9.294384e+00 -1.465440e+01 1.065574e+01
      vertex -9.294384e+00 -1.503000e+01 1.065574e+01
    endloop
  endfacet
  facet normal 9.682474e-01 0.000000e+00 2.499937e-01
    outer loop
      vertex -9.294384e+00 -1.503000e+01 1.065574e+01
      vertex -9.294384e+00 -1.465440e+01 1.065574e+01
      vertex -9.329787e+00 -1.465440e+01 1.079285e+01
    endloop
  endfacet
  facet normal 9.682474e-01 0.000000e+00 2.499937e-01
    outer loop
      vertex -9.294384e+00 -1.503000e+01 1.065574e+01
      vertex -9.329787e+00 -1.465440e+01 1.079285e+01
      vertex -9.329787e+00 -1.503000e+01 1.079285e+01
    endloop
  endfacet
  facet normal 9.825244e-01 0.000000e+00 1.861340e-01
    outer loop
      vertex -9.329787e+00 -1.503000e+01 1.079285e+01
      vertex -9.329787e+00 -1.465440e+01 1.079285e+01
      vertex -9.356144e+00 -1.465440e+01 1.093199e+01
    endloop
  endfacet
  facet normal 9.825244e-01 0.000000e+00 1.861340e-01
    outer loop
      vertex -9.329787e+00 -1.503000e+01 1.079285e+01
      vertex -9.356144e+00 -1.465440e+01 1.093199e+01
      vertex -9.356144e+00 -1.503000e+01 1.093199e+01
    endloop
  endfacet
  facet normal 9.925950e-01 0.000000e+00 1.214712e-01
    outer loop
      vertex -9.356144e+00 -1.503000e+01 1.093199e+01
      vertex -9.356144e+00 -1.465440e+01 1.093199e+01
      vertex -9.373347e+00 -1.465440e+01 1.107255e+01
    endloop
  endfacet
  facet normal 9.925950e-01 0.000000e+00 1.214712e-01
    outer loop
      vertex -9.356144e+00 -1.503000e+01 1.093199e+01
      vertex -9.373347e+00 -1.465440e+01 1.107255e+01
      vertex -9.373347e+00 -1.503000e+01 1.107255e+01
    endloop
  endfacet
  facet normal 9.984142e-01 0.000000e+00 5.629443e-02
    outer loop
      vertex -9.373347e+00 -1.503000e+01 1.107255e+01
      vertex -9.373347e+00 -1.465440e+01 1.107255e+01
      vertex -9.381318e+00 -1.465440e+01 1.121394e+01
    endloop
  endfacet
  facet normal 9.984142e-01 0.000000e+00 5.629443e-02
    outer loop
      vertex -9.373347e+00 -1.503000e+01 1.107255e+01
      vertex -9.381318e+00 -1.465440e+01 1.121394e+01
      vertex -9.381318e+00 -1.503000e+01 1.121394e+01
    endloop
  endfacet
  facet normal 9.999583e-01 0.000000e+00 -9.127925e-03
    outer loop
      vertex -9.381318e+00 -1.503000e+01 1.121394e+01
      vertex -9.381318e+00 -1.465440e+01 1.121394e+01
      vertex -9.380025e+00 -1.465440e+01 1.135554e+01
    endloop
  endfacet
  facet normal 9.999583e-01 0.000000e+00 -9.127925e-03
    outer loop
      vertex -9.381318e+00 -1.503000e+01 1.121394e+01
      vertex -9.380025e+00 -1.465440e+01 1.135554e+01
      vertex -9.380025e+00 -1.503000e+01 1.135554e+01
    endloop
  endfacet
  facet normal 9.972206e-01 0.000000e+00 -7.450587e-02
    outer loop
      vertex -9.380025e+00 -1.503000e+01 1.135554e+01
      vertex -9.380025e+00 -1.465440e+01 1.135554e+01
      vertex -9.369474e+00 -1.465440e+01 1.149676e+01
    endloop
  endfacet
  facet normal 9.972206e-01 0.000000e+00 -7.450587e-02
    outer loop
      vertex -9.380025e+00 -1.503000e+01 1.135554e+01
      vertex -9.369474e+00 -1.465440e+01 1.149676e+01
      vertex -9.369474e+00 -1.503000e+01 1.149676e+01
    endloop
  endfacet
  facet normal 9.902123e-01 0.000000e+00 -1.395696e-01
    outer loop
      vertex -9.369474e+00 -1.503000e+01 1.149676e+01
      vertex -9.369474e+00 -1.465440e+01 1.149676e+01
      vertex -9.349710e+00 -1.465440e+01 1.163698e+01
    endloop
  endfacet
  facet normal 9.902123e-01 0.000000e+00 -1.395696e-01
    outer loop
      vertex -9.369474e+00 -1.503000e+01 1.149676e+01
      vertex -9.349710e+00 -1.465440e+01 1.163698e+01
      vertex -9.349710e+00 -1.503000e+01 1.163698e+01
    endloop
  endfacet
  facet normal 9.789648e-01 0.000000e+00 -2.040294e-01
    outer loop
      vertex -9.349710e+00 -1.503000e+01 1.163698e+01
      vertex -9.349710e+00 -1.465440e+01 1.163698e+01
      vertex -9.320817e+00 -1.465440e+01 1.177561e+01
    endloop
  endfacet
  facet normal 9.789648e-01 0.000000e+00 -2.040294e-01
    outer loop
      vertex -9.349710e+00 -1.503000e+01 1.163698e+01
      vertex -9.320817e+00 -1.465440e+01 1.177561e+01
      vertex -9.320817e+00 -1.503000e+01 1.177561e+01
    endloop
  endfacet
  facet normal 9.635229e-01 0.000000e+00 -2.676259e-01
    outer loop
      vertex -9.320817e+00 -1.503000e+01 1.177561e+01
      vertex -9.320817e+00 -1.465440e+01 1.177561e+01
      vertex -9.282918e+00 -1.465440e+01 1.191206e+01
    endloop
  endfacet
  facet normal 9.635229e-01 0.000000e+00 -2.676259e-01
    outer loop
      vertex -9.320817e+00 -1.503000e+01 1.177561e+01
      vertex -9.282918e+00 -1.465440e+01 1.191206e+01
      vertex -9.282918e+00 -1.503000e+01 1.191206e+01
    endloop
  endfacet
  facet normal 9.439568e-01 0.000000e+00 -3.300689e-01
    outer loop
      vertex -9.282918e+00 -1.503000e+01 1.191206e+01
      vertex -9.282918e+00 -1.465440e+01 1.191206e+01
      vertex -9.236178e+00 -1.465440e+01 1.204574e+01
    endloop
  endfacet
  facet normal 9.439568e-01 0.000000e+00 -3.300689e-01
    outer loop
      vertex -9.282918e+00 -1.503000e+01 1.191206e+01
      vertex -9.236178e+00 -1.465440e+01 1.204574e+01
      vertex -9.236178e+00 -1.503000e+01 1.204574e+01
    endloop
  endfacet
  facet normal 9.203500e-01 0.000000e+00 -3.910957e-01
    outer loop
      vertex -9.236178e+00 -1.503000e+01 1.204574e+01
      vertex -9.236178e+00 -1.465440e+01 1.204574e+01
      vertex -9.180795e+00 -1.465440e+01 1.217607e+01
    endloop
  endfacet
  facet normal 9.203500e-01 0.000000e+00 -3.910957e-01
    outer loop
      vertex -9.236178e+00 -1.503000e+01 1.204574e+01
      vertex -9.180795e+00 -1.465440e+01 1.217607e+01
      vertex -9.180795e+00 -1.503000e+01 1.217607e+01
    endloop
  endfacet
  facet normal 8.927985e-01 0.000000e+00 -4.504561e-01
    outer loop
      vertex -9.180795e+00 -1.503000e+01 1.217607e+01
      vertex -9.180795e+00 -1.465440e+01 1.217607e+01
      vertex -9.117006e+00 -1.465440e+01 1.230250e+01
    endloop
  endfacet
  facet normal 8.927985e-01 0.000000e+00 -4.504561e-01
    outer loop
      vertex -9.180795e+00 -1.503000e+01 1.217607e+01
      vertex -9.117006e+00 -1.465440e+01 1.230250e+01
      vertex -9.117006e+00 -1.503000e+01 1.230250e+01
    endloop
  endfacet
  facet normal 5.078823e-01 0.000000e+00 8.614265e-01
    outer loop
      vertex -8.377364e+00 -1.465440e+01 9.437796e+00
      vertex -8.255376e+00 -1.503000e+01 9.365874e+00
      vertex -8.255376e+00 -1.465440e+01 9.365874e+00
    endloop
  endfacet
  facet normal 4.504545e-01 0.000000e+00 8.927994e-01
    outer loop
      vertex -8.255376e+00 -1.465440e+01 9.365874e+00
      vertex -8.255376e+00 -1.503000e+01 9.365874e+00
      vertex -8.128947e+00 -1.503000e+01 9.302085e+00
    endloop
  endfacet
  facet normal 4.504545e-01 0.000000e+00 8.927994e-01
    outer loop
      vertex -8.255376e+00 -1.465440e+01 9.365874e+00
      vertex -8.128947e+00 -1.503000e+01 9.302085e+00
      vertex -8.128947e+00 -1.465440e+01 9.302085e+00
    endloop
  endfacet
  facet normal 3.911006e-01 0.000000e+00 9.203479e-01
    outer loop
      vertex -8.128947e+00 -1.465440e+01 9.302085e+00
      vertex -8.128947e+00 -1.503000e+01 9.302085e+00
      vertex -7.998615e+00 -1.503000e+01 9.246702e+00
    endloop
  endfacet
  facet normal 3.911006e-01 0.000000e+00 9.203479e-01
    outer loop
      vertex -8.128947e+00 -1.465440e+01 9.302085e+00
      vertex -7.998615e+00 -1.503000e+01 9.246702e+00
      vertex -7.998615e+00 -1.465440e+01 9.246702e+00
    endloop
  endfacet
  facet normal 3.300677e-01 0.000000e+00 9.439573e-01
    outer loop
      vertex -7.998615e+00 -1.465440e+01 9.246702e+00
      vertex -7.998615e+00 -1.503000e+01 9.246702e+00
      vertex -7.864941e+00 -1.503000e+01 9.199959e+00
    endloop
  endfacet
  facet normal 3.300677e-01 0.000000e+00 9.439573e-01
    outer loop
      vertex -7.998615e+00 -1.465440e+01 9.246702e+00
      vertex -7.864941e+00 -1.503000e+01 9.199959e+00
      vertex -7.864941e+00 -1.465440e+01 9.199959e+00
    endloop
  endfacet
  facet normal 2.676222e-01 0.000000e+00 9.635240e-01
    outer loop
      vertex -7.864941e+00 -1.465440e+01 9.199959e+00
      vertex -7.864941e+00 -1.503000e+01 9.199959e+00
      vertex -7.728495e+00 -1.503000e+01 9.162063e+00
    endloop
  endfacet
  facet normal 2.676222e-01 0.000000e+00 9.635240e-01
    outer loop
      vertex -7.864941e+00 -1.465440e+01 9.199959e+00
      vertex -7.728495e+00 -1.503000e+01 9.162063e+00
      vertex -7.728495e+00 -1.465440e+01 9.162063e+00
    endloop
  endfacet
  facet normal 2.040341e-01 0.000000e+00 9.789638e-01
    outer loop
      vertex -7.728495e+00 -1.465440e+01 9.162063e+00
      vertex -7.728495e+00 -1.503000e+01 9.162063e+00
      vertex -7.589862e+00 -1.503000e+01 9.133167e+00
    endloop
  endfacet
  facet normal 2.040341e-01 0.000000e+00 9.789638e-01
    outer loop
      vertex -7.728495e+00 -1.465440e+01 9.162063e+00
      vertex -7.589862e+00 -1.503000e+01 9.133167e+00
      vertex -7.589862e+00 -1.465440e+01 9.133167e+00
    endloop
  endfacet
  facet normal 1.395690e-01 0.000000e+00 9.902123e-01
    outer loop
      vertex -7.589862e+00 -1.465440e+01 9.133167e+00
      vertex -7.589862e+00 -1.503000e+01 9.133167e+00
      vertex -7.449636e+00 -1.503000e+01 9.113403e+00
    endloop
  endfacet
  facet normal 1.395690e-01 0.000000e+00 9.902123e-01
    outer loop
      vertex -7.589862e+00 -1.465440e+01 9.133167e+00
      vertex -7.449636e+00 -1.503000e+01 9.113403e+00
      vertex -7.449636e+00 -1.465440e+01 9.113403e+00
    endloop
  endfacet
  facet normal 7.450617e-02 0.000000e+00 9.972206e-01
    outer loop
      vertex -7.449636e+00 -1.465440e+01 9.113403e+00
      vertex -7.449636e+00 -1.503000e+01 9.113403e+00
      vertex -7.308420e+00 -1.503000e+01 9.102852e+00
    endloop
  endfacet
  facet normal 7.450617e-02 0.000000e+00 9.972206e-01
    outer loop
      vertex -7.449636e+00 -1.465440e+01 9.113403e+00
      vertex -7.308420e+00 -1.503000e+01 9.102852e+00
      vertex -7.308420e+00 -1.465440e+01 9.102852e+00
    endloop
  endfacet
  facet normal 9.127888e-03 0.000000e+00 9.999583e-01
    outer loop
      vertex -7.308420e+00 -1.465440e+01 9.102852e+00
      vertex -7.308420e+00 -1.503000e+01 9.102852e+00
      vertex -7.166814e+00 -1.503000e+01 9.101559e+00
    endloop
  endfacet
  facet normal 9.127888e-03 0.000000e+00 9.999583e-01
    outer loop
      vertex -7.308420e+00 -1.465440e+01 9.102852e+00
      vertex -7.166814e+00 -1.503000e+01 9.101559e+00
      vertex -7.166814e+00 -1.465440e+01 9.101559e+00
    endloop
  endfacet
  facet normal -5.629489e-02 0.000000e+00 9.984142e-01
    outer loop
      vertex -7.166814e+00 -1.465440e+01 9.101559e+00
      vertex -7.166814e+00 -1.503000e+01 9.101559e+00
      vertex -7.025430e+00 -1.503000e+01 9.109533e+00
    endloop
  endfacet
  facet normal -5.629489e-02 0.000000e+00 9.984142e-01
    outer loop
      vertex -7.166814e+00 -1.465440e+01 9.101559e+00
      vertex -7.025430e+00 -1.503000e+01 9.109533e+00
      vertex -7.025430e+00 -1.465440e+01 9.109533e+00
    endloop
  endfacet
  facet normal -1.214747e-01 0.000000e+00 9.925945e-01
    outer loop
      vertex -7.025430e+00 -1.465440e+01 9.109533e+00
      vertex -7.025430e+00 -1.503000e+01 9.109533e+00
      vertex -6.884865e+00 -1.503000e+01 9.126735e+00
    endloop
  endfacet
  facet normal -1.214747e-01 0.000000e+00 9.925945e-01
    outer loop
      vertex -7.025430e+00 -1.465440e+01 9.109533e+00
      vertex -6.884865e+00 -1.503000e+01 9.126735e+00
      vertex -6.884865e+00 -1.465440e+01 9.126735e+00
    endloop
  endfacet
  facet normal -1.861302e-01 0.000000e+00 9.825251e-01
    outer loop
      vertex -6.884865e+00 -1.465440e+01 9.126735e+00
      vertex -6.884865e+00 -1.503000e+01 9.126735e+00
      vertex -6.745731e+00 -1.503000e+01 9.153093e+00
    endloop
  endfacet
  facet normal -1.861302e-01 0.000000e+00 9.825251e-01
    outer loop
      vertex -6.884865e+00 -1.465440e+01 9.126735e+00
      vertex -6.745731e+00 -1.503000e+01 9.153093e+00
      vertex -6.745731e+00 -1.465440e+01 9.153093e+00
    endloop
  endfacet
  facet normal -2.499928e-01 0.000000e+00 9.682477e-01
    outer loop
      vertex -6.745731e+00 -1.465440e+01 9.153093e+00
      vertex -6.745731e+00 -1.503000e+01 9.153093e+00
      vertex -6.608616e+00 -1.503000e+01 9.188493e+00
    endloop
  endfacet
  facet normal -2.499928e-01 0.000000e+00 9.682477e-01
    outer loop
      vertex -6.745731e+00 -1.465440e+01 9.153093e+00
      vertex -6.608616e+00 -1.503000e+01 9.188493e+00
      vertex -6.608616e+00 -1.465440e+01 9.188493e+00
    endloop
  endfacet
  facet normal -3.127854e-01 0.000000e+00 9.498238e-01
    outer loop
      vertex -6.608616e+00 -1.465440e+01 9.188493e+00
      vertex -6.608616e+00 -1.503000e+01 9.188493e+00
      vertex -6.474111e+00 -1.503000e+01 9.232788e+00
    endloop
  endfacet
  facet normal -3.127854e-01 0.000000e+00 9.498238e-01
    outer loop
      vertex -6.608616e+00 -1.465440e+01 9.188493e+00
      vertex -6.474111e+00 -1.503000e+01 9.232788e+00
      vertex -6.474111e+00 -1.465440e+01 9.232788e+00
    endloop
  endfacet
  facet normal -3.742348e-01 0.000000e+00 9.273340e-01
    outer loop
      vertex -6.474111e+00 -1.465440e+01 9.232788e+00
      vertex -6.474111e+00 -1.503000e+01 9.232788e+00
      vertex -6.342789e+00 -1.503000e+01 9.285783e+00
    endloop
  endfacet
  facet normal -3.742348e-01 0.000000e+00 9.273340e-01
    outer loop
      vertex -6.474111e+00 -1.465440e+01 9.232788e+00
      vertex -6.342789e+00 -1.503000e+01 9.285783e+00
      vertex -6.342789e+00 -1.465440e+01 9.285783e+00
    endloop
  endfacet
  facet normal -4.340869e-01 0.000000e+00 9.008710e-01
    outer loop
      vertex -6.342789e+00 -1.465440e+01 9.285783e+00
      vertex -6.342789e+00 -1.503000e+01 9.285783e+00
      vertex -6.215217e+00 -1.503000e+01 9.347256e+00
    endloop
  endfacet
  facet normal -4.340869e-01 0.000000e+00 9.008710e-01
    outer loop
      vertex -6.342789e+00 -1.465440e+01 9.285783e+00
      vertex -6.215217e+00 -1.503000e+01 9.347256e+00
      vertex -6.215217e+00 -1.465440e+01 9.347256e+00
    endloop
  endfacet
  facet normal -4.920744e-01 0.000000e+00 8.705531e-01
    outer loop
      vertex -6.215217e+00 -1.465440e+01 9.347256e+00
      vertex -6.215217e+00 -1.503000e+01 9.347256e+00
      vertex -6.091938e+00 -1.503000e+01 9.416937e+00
    endloop
  endfacet
  facet normal -4.920744e-01 0.000000e+00 8.705531e-01
    outer loop
      vertex -6.215217e+00 -1.465440e+01 9.347256e+00
      vertex -6.091938e+00 -1.503000e+01 9.416937e+00
      vertex -6.091938e+00 -1.465440e+01 9.416937e+00
    endloop
  endfacet
  facet normal -5.479600e-01 0.000000e+00 8.365045e-01
    outer loop
      vertex -6.091938e+00 -1.465440e+01 9.416937e+00
      vertex -6.091938e+00 -1.503000e+01 9.416937e+00
      vertex -5.973477e+00 -1.503000e+01 9.494535e+00
    endloop
  endfacet
  facet normal -5.479600e-01 0.000000e+00 8.365045e-01
    outer loop
      vertex -6.091938e+00 -1.465440e+01 9.416937e+00
      vertex -5.973477e+00 -1.503000e+01 9.494535e+00
      vertex -5.973477e+00 -1.465440e+01 9.494535e+00
    endloop
  endfacet
  facet normal -6.014962e-01 0.000000e+00 7.988756e-01
    outer loop
      vertex -5.973477e+00 -1.465440e+01 9.494535e+00
      vertex -5.973477e+00 -1.503000e+01 9.494535e+00
      vertex -5.860350e+00 -1.503000e+01 9.579714e+00
    endloop
  endfacet
  facet normal -6.014962e-01 0.000000e+00 7.988756e-01
    outer loop
      vertex -5.973477e+00 -1.465440e+01 9.494535e+00
      vertex -5.860350e+00 -1.503000e+01 9.579714e+00
      vertex -5.860350e+00 -1.465440e+01 9.579714e+00
    endloop
  endfacet
  facet normal -6.524593e-01 0.000000e+00 7.578238e-01
    outer loop
      vertex -5.860350e+00 -1.465440e+01 9.579714e+00
      vertex -5.860350e+00 -1.503000e+01 9.579714e+00
      vertex -5.753031e+00 -1.503000e+01 9.672108e+00
    endloop
  endfacet
  facet normal -6.524593e-01 0.000000e+00 7.578238e-01
    outer loop
      vertex -5.860350e+00 -1.465440e+01 9.579714e+00
      vertex -5.753031e+00 -1.503000e+01 9.672108e+00
      vertex -5.753031e+00 -1.465440e+01 9.672108e+00
    endloop
  endfacet
  facet normal -7.006223e-01 0.000000e+00 7.135323e-01
    outer loop
      vertex -5.753031e+00 -1.465440e+01 9.672108e+00
      vertex -5.753031e+00 -1.503000e+01 9.672108e+00
      vertex -5.651988e+00 -1.503000e+01 9.771324e+00
    endloop
  endfacet
  facet normal -7.006223e-01 0.000000e+00 7.135323e-01
    outer loop
      vertex -5.753031e+00 -1.465440e+01 9.672108e+00
      vertex -5.651988e+00 -1.503000e+01 9.771324e+00
      vertex -5.651988e+00 -1.465440e+01 9.771324e+00
    endloop
  endfacet
  facet normal -7.457904e-01 0.000000e+00 6.661807e-01
    outer loop
      vertex -5.651988e+00 -1.465440e+01 9.771324e+00
      vertex -5.651988e+00 -1.503000e+01 9.771324e+00
      vertex -5.557650e+00 -1.503000e+01 9.876936e+00
    endloop
  endfacet
  facet normal -7.457904e-01 0.000000e+00 6.661807e-01
    outer loop
      vertex -5.651988e+00 -1.465440e+01 9.771324e+00
      vertex -5.557650e+00 -1.503000e+01 9.876936e+00
      vertex -5.557650e+00 -1.465440e+01 9.876936e+00
    endloop
  endfacet
  facet normal -7.877634e-01 0.000000e+00 6.159779e-01
    outer loop
      vertex -5.557650e+00 -1.465440e+01 9.876936e+00
      vertex -5.557650e+00 -1.503000e+01 9.876936e+00
      vertex -5.470422e+00 -1.503000e+01 9.988494e+00
    endloop
  endfacet
  facet normal -7.877634e-01 0.000000e+00 6.159779e-01
    outer loop
      vertex -5.557650e+00 -1.465440e+01 9.876936e+00
      vertex -5.470422e+00 -1.503000e+01 9.988494e+00
      vertex -5.470422e+00 -1.465440e+01 9.988494e+00
    endloop
  endfacet
  facet normal -8.263665e-01 0.000000e+00 5.631327e-01
    outer loop
      vertex -5.470422e+00 -1.465440e+01 9.988494e+00
      vertex -5.470422e+00 -1.503000e+01 9.988494e+00
      vertex -5.390676e+00 -1.503000e+01 1.010552e+01
    endloop
  endfacet
  facet normal -8.263665e-01 0.000000e+00 5.631327e-01
    outer loop
      vertex -5.470422e+00 -1.465440e+01 9.988494e+00
      vertex -5.390676e+00 -1.503000e+01 1.010552e+01
      vertex -5.390676e+00 -1.465440e+01 1.010552e+01
    endloop
  endfacet
  facet normal -8.614265e-01 0.000000e+00 5.078823e-01
    outer loop
      vertex -5.390676e+00 -1.465440e+01 1.010552e+01
      vertex -5.390676e+00 -1.503000e+01 1.010552e+01
      vertex -5.318754e+00 -1.503000e+01 1.022750e+01
    endloop
  endfacet
  facet normal -8.614265e-01 0.000000e+00 5.078823e-01
    outer loop
      vertex -5.390676e+00 -1.465440e+01 1.010552e+01
      vertex -5.318754e+00 -1.503000e+01 1.022750e+01
      vertex -5.318754e+00 -1.465440e+01 1.022750e+01
    endloop
  endfacet
  facet normal -5.078883e-01 -0.000000e+00 -8.614230e-01
    outer loop
      vertex -6.180381e+00 -1.503000e+01 1.316413e+01
      vertex -6.058395e+00 -1.465440e+01 1.309220e+01
      vertex -6.058395e+00 -1.503000e+01 1.309220e+01
    endloop
  endfacet
  facet normal -5.631346e-01 0.000000e+00 -8.263652e-01
    outer loop
      vertex -6.058395e+00 -1.503000e+01 1.309220e+01
      vertex -6.058395e+00 -1.465440e+01 1.309220e+01
      vertex -5.941371e+00 -1.465440e+01 1.301246e+01
    endloop
  endfacet
  facet normal -5.631346e-01 -0.000000e+00 -8.263652e-01
    outer loop
      vertex -6.058395e+00 -1.503000e+01 1.309220e+01
      vertex -5.941371e+00 -1.465440e+01 1.301246e+01
      vertex -5.941371e+00 -1.503000e+01 1.301246e+01
    endloop
  endfacet
  facet normal -6.159759e-01 0.000000e+00 -7.877650e-01
    outer loop
      vertex -5.941371e+00 -1.503000e+01 1.301246e+01
      vertex -5.941371e+00 -1.465440e+01 1.301246e+01
      vertex -5.829816e+00 -1.465440e+01 1.292523e+01
    endloop
  endfacet
  facet normal -6.159759e-01 -0.000000e+00 -7.877650e-01
    outer loop
      vertex -5.941371e+00 -1.503000e+01 1.301246e+01
      vertex -5.829816e+00 -1.465440e+01 1.292523e+01
      vertex -5.829816e+00 -1.503000e+01 1.292523e+01
    endloop
  endfacet
  facet normal -6.661787e-01 0.000000e+00 -7.457922e-01
    outer loop
      vertex -5.829816e+00 -1.503000e+01 1.292523e+01
      vertex -5.829816e+00 -1.465440e+01 1.292523e+01
      vertex -5.724204e+00 -1.465440e+01 1.283089e+01
    endloop
  endfacet
  facet normal -6.661787e-01 -0.000000e+00 -7.457922e-01
    outer loop
      vertex -5.829816e+00 -1.503000e+01 1.292523e+01
      vertex -5.724204e+00 -1.465440e+01 1.283089e+01
      vertex -5.724204e+00 -1.503000e+01 1.283089e+01
    endloop
  endfacet
  facet normal -7.135303e-01 0.000000e+00 -7.006243e-01
    outer loop
      vertex -5.724204e+00 -1.503000e+01 1.283089e+01
      vertex -5.724204e+00 -1.465440e+01 1.283089e+01
      vertex -5.624988e+00 -1.465440e+01 1.272985e+01
    endloop
  endfacet
  facet normal -7.135303e-01 -0.000000e+00 -7.006243e-01
    outer loop
      vertex -5.724204e+00 -1.503000e+01 1.283089e+01
      vertex -5.624988e+00 -1.465440e+01 1.272985e+01
      vertex -5.624988e+00 -1.503000e+01 1.272985e+01
    endloop
  endfacet
  facet normal -7.578275e-01 0.000000e+00 -6.524549e-01
    outer loop
      vertex -5.624988e+00 -1.503000e+01 1.272985e+01
      vertex -5.624988e+00 -1.465440e+01 1.272985e+01
      vertex -5.532594e+00 -1.465440e+01 1.262253e+01
    endloop
  endfacet
  facet normal -7.578275e-01 -0.000000e+00 -6.524549e-01
    outer loop
      vertex -5.624988e+00 -1.503000e+01 1.272985e+01
      vertex -5.532594e+00 -1.465440e+01 1.262253e+01
      vertex -5.532594e+00 -1.503000e+01 1.262253e+01
    endloop
  endfacet
  facet normal -7.988756e-01 0.000000e+00 -6.014962e-01
    outer loop
      vertex -5.532594e+00 -1.503000e+01 1.262253e+01
      vertex -5.532594e+00 -1.465440e+01 1.262253e+01
      vertex -5.447415e+00 -1.465440e+01 1.250940e+01
    endloop
  endfacet
  facet normal -7.988756e-01 -0.000000e+00 -6.014962e-01
    outer loop
      vertex -5.532594e+00 -1.503000e+01 1.262253e+01
      vertex -5.447415e+00 -1.465440e+01 1.250940e+01
      vertex -5.447415e+00 -1.503000e+01 1.250940e+01
    endloop
  endfacet
  facet normal -8.365033e-01 0.000000e+00 -5.479618e-01
    outer loop
      vertex -5.447415e+00 -1.503000e+01 1.250940e+01
      vertex -5.447415e+00 -1.465440e+01 1.250940e+01
      vertex -5.369817e+00 -1.465440e+01 1.239094e+01
    endloop
  endfacet
  facet normal -8.365033e-01 -0.000000e+00 -5.479618e-01
    outer loop
      vertex -5.447415e+00 -1.503000e+01 1.250940e+01
      vertex -5.369817e+00 -1.465440e+01 1.239094e+01
      vertex -5.369817e+00 -1.503000e+01 1.239094e+01
    endloop
  endfacet
  facet normal -8.705541e-01 0.000000e+00 -4.920727e-01
    outer loop
      vertex -5.369817e+00 -1.503000e+01 1.239094e+01
      vertex -5.369817e+00 -1.465440e+01 1.239094e+01
      vertex -5.300133e+00 -1.465440e+01 1.226766e+01
    endloop
  endfacet
  facet normal -8.705541e-01 -0.000000e+00 -4.920727e-01
    outer loop
      vertex -5.369817e+00 -1.503000e+01 1.239094e+01
      vertex -5.300133e+00 -1.465440e+01 1.226766e+01
      vertex -5.300133e+00 -1.503000e+01 1.226766e+01
    endloop
  endfacet
  facet normal -9.008694e-01 0.000000e+00 -4.340902e-01
    outer loop
      vertex -5.300133e+00 -1.503000e+01 1.226766e+01
      vertex -5.300133e+00 -1.465440e+01 1.226766e+01
      vertex -5.238663e+00 -1.465440e+01 1.214009e+01
    endloop
  endfacet
  facet normal -9.008694e-01 -0.000000e+00 -4.340902e-01
    outer loop
      vertex -5.300133e+00 -1.503000e+01 1.226766e+01
      vertex -5.238663e+00 -1.465440e+01 1.214009e+01
      vertex -5.238663e+00 -1.503000e+01 1.214009e+01
    endloop
  endfacet
  facet normal -9.273354e-01 0.000000e+00 -3.742313e-01
    outer loop
      vertex -5.238663e+00 -1.503000e+01 1.214009e+01
      vertex -5.238663e+00 -1.465440e+01 1.214009e+01
      vertex -5.185668e+00 -1.465440e+01 1.200877e+01
    endloop
  endfacet
  facet normal -9.273354e-01 -0.000000e+00 -3.742313e-01
    outer loop
      vertex -5.238663e+00 -1.503000e+01 1.214009e+01
      vertex -5.185668e+00 -1.465440e+01 1.200877e+01
      vertex -5.185668e+00 -1.503000e+01 1.200877e+01
    endloop
  endfacet
  facet normal -9.498222e-01 0.000000e+00 -3.127903e-01
    outer loop
      vertex -5.185668e+00 -1.503000e+01 1.200877e+01
      vertex -5.185668e+00 -1.465440e+01 1.200877e+01
      vertex -5.141372e+00 -1.465440e+01 1.187426e+01
    endloop
  endfacet
  facet normal -9.498222e-01 -0.000000e+00 -3.127903e-01
    outer loop
      vertex -5.185668e+00 -1.503000e+01 1.200877e+01
      vertex -5.141372e+00 -1.465440e+01 1.187426e+01
      vertex -5.141372e+00 -1.503000e+01 1.187426e+01
    endloop
  endfacet
  facet normal -9.682490e-01 0.000000e+00 -2.499880e-01
    outer loop
      vertex -5.141372e+00 -1.503000e+01 1.187426e+01
      vertex -5.141372e+00 -1.465440e+01 1.187426e+01
      vertex -5.105972e+00 -1.465440e+01 1.173715e+01
    endloop
  endfacet
  facet normal -9.682490e-01 -0.000000e+00 -2.499880e-01
    outer loop
      vertex -5.141372e+00 -1.503000e+01 1.187426e+01
      vertex -5.105972e+00 -1.465440e+01 1.173715e+01
      vertex -5.105972e+00 -1.503000e+01 1.173715e+01
    endloop
  endfacet
  facet normal -9.825251e-01 0.000000e+00 -1.861302e-01
    outer loop
      vertex -5.105972e+00 -1.503000e+01 1.173715e+01
      vertex -5.105972e+00 -1.465440e+01 1.173715e+01
      vertex -5.079612e+00 -1.465440e+01 1.159801e+01
    endloop
  endfacet
  facet normal -9.825251e-01 -0.000000e+00 -1.861302e-01
    outer loop
      vertex -5.105972e+00 -1.503000e+01 1.173715e+01
      vertex -5.079612e+00 -1.465440e+01 1.159801e+01
      vertex -5.079612e+00 -1.503000e+01 1.159801e+01
    endloop
  endfacet
  facet normal -9.925940e-01 0.000000e+00 -1.214791e-01
    outer loop
      vertex -5.079612e+00 -1.503000e+01 1.159801e+01
      vertex -5.079612e+00 -1.465440e+01 1.159801e+01
      vertex -5.062409e+00 -1.465440e+01 1.145745e+01
    endloop
  endfacet
  facet normal -9.925940e-01 -0.000000e+00 -1.214791e-01
    outer loop
      vertex -5.079612e+00 -1.503000e+01 1.159801e+01
      vertex -5.062409e+00 -1.465440e+01 1.145745e+01
      vertex -5.062409e+00 -1.503000e+01 1.145745e+01
    endloop
  endfacet
  facet normal -9.984146e-01 0.000000e+00 -5.628685e-02
    outer loop
      vertex -5.062409e+00 -1.503000e+01 1.145745e+01
      vertex -5.062409e+00 -1.465440e+01 1.145745e+01
      vertex -5.054439e+00 -1.465440e+01 1.131606e+01
    endloop
  endfacet
  facet normal -9.984146e-01 -0.000000e+00 -5.628685e-02
    outer loop
      vertex -5.062409e+00 -1.503000e+01 1.145745e+01
      vertex -5.054439e+00 -1.465440e+01 1.131606e+01
      vertex -5.054439e+00 -1.503000e+01 1.131606e+01
    endloop
  endfacet
  facet normal -9.999583e-01 0.000000e+00 9.123811e-03
    outer loop
      vertex -5.054439e+00 -1.503000e+01 1.131606e+01
      vertex -5.054439e+00 -1.465440e+01 1.131606e+01
      vertex -5.055732e+00 -1.465440e+01 1.117446e+01
    endloop
  endfacet
  facet normal -9.999583e-01 0.000000e+00 9.123811e-03
    outer loop
      vertex -5.054439e+00 -1.503000e+01 1.131606e+01
      vertex -5.055732e+00 -1.465440e+01 1.117446e+01
      vertex -5.055732e+00 -1.503000e+01 1.117446e+01
    endloop
  endfacet
  facet normal -9.972208e-01 0.000000e+00 7.450245e-02
    outer loop
      vertex -5.055732e+00 -1.503000e+01 1.117446e+01
      vertex -5.055732e+00 -1.465440e+01 1.117446e+01
      vertex -5.066283e+00 -1.465440e+01 1.103324e+01
    endloop
  endfacet
  facet normal -9.972208e-01 0.000000e+00 7.450245e-02
    outer loop
      vertex -5.055732e+00 -1.503000e+01 1.117446e+01
      vertex -5.066283e+00 -1.465440e+01 1.103324e+01
      vertex -5.066283e+00 -1.503000e+01 1.103324e+01
    endloop
  endfacet
  facet normal -9.902119e-01 0.000000e+00 1.395724e-01
    outer loop
      vertex -5.066283e+00 -1.503000e+01 1.103324e+01
      vertex -5.066283e+00 -1.465440e+01 1.103324e+01
      vertex -5.086047e+00 -1.465440e+01 1.089302e+01
    endloop
  endfacet
  facet normal -9.902119e-01 0.000000e+00 1.395724e-01
    outer loop
      vertex -5.066283e+00 -1.503000e+01 1.103324e+01
      vertex -5.086047e+00 -1.465440e+01 1.089302e+01
      vertex -5.086047e+00 -1.503000e+01 1.089302e+01
    endloop
  endfacet
  facet normal -9.789644e-01 0.000000e+00 2.040311e-01
    outer loop
      vertex -5.086047e+00 -1.503000e+01 1.089302e+01
      vertex -5.086047e+00 -1.465440e+01 1.089302e+01
      vertex -5.114940e+00 -1.465440e+01 1.075438e+01
    endloop
  endfacet
  facet normal -9.789644e-01 0.000000e+00 2.040311e-01
    outer loop
      vertex -5.086047e+00 -1.503000e+01 1.089302e+01
      vertex -5.114940e+00 -1.465440e+01 1.075438e+01
      vertex -5.114940e+00 -1.503000e+01 1.075438e+01
    endloop
  endfacet
  facet normal -9.635240e-01 0.000000e+00 2.676222e-01
    outer loop
      vertex -5.114940e+00 -1.503000e+01 1.075438e+01
      vertex -5.114940e+00 -1.465440e+01 1.075438e+01
      vertex -5.152838e+00 -1.465440e+01 1.061794e+01
    endloop
  endfacet
  facet normal -9.635240e-01 0.000000e+00 2.676222e-01
    outer loop
      vertex -5.114940e+00 -1.503000e+01 1.075438e+01
      vertex -5.152838e+00 -1.465440e+01 1.061794e+01
      vertex -5.152838e+00 -1.503000e+01 1.061794e+01
    endloop
  endfacet
  facet normal -9.439577e-01 0.000000e+00 3.300664e-01
    outer loop
      vertex -5.152838e+00 -1.503000e+01 1.061794e+01
      vertex -5.152838e+00 -1.465440e+01 1.061794e+01
      vertex -5.199578e+00 -1.465440e+01 1.048427e+01
    endloop
  endfacet
  facet normal -9.439577e-01 0.000000e+00 3.300664e-01
    outer loop
      vertex -5.152838e+00 -1.503000e+01 1.061794e+01
      vertex -5.199578e+00 -1.465440e+01 1.048427e+01
      vertex -5.199578e+00 -1.503000e+01 1.048427e+01
    endloop
  endfacet
  facet normal -9.203458e-01 0.000000e+00 3.911056e-01
    outer loop
      vertex -5.199578e+00 -1.503000e+01 1.048427e+01
      vertex -5.199578e+00 -1.465440e+01 1.048427e+01
      vertex -5.254964e+00 -1.465440e+01 1.035393e+01
    endloop
  endfacet
  facet normal -9.203458e-01 0.000000e+00 3.911056e-01
    outer loop
      vertex -5.199578e+00 -1.503000e+01 1.048427e+01
      vertex -5.254964e+00 -1.465440e+01 1.035393e+01
      vertex -5.254964e+00 -1.503000e+01 1.035393e+01
    endloop
  endfacet
  facet normal -8.928002e-01 0.000000e+00 4.504529e-01
    outer loop
      vertex -5.254964e+00 -1.503000e+01 1.035393e+01
      vertex -5.254964e+00 -1.465440e+01 1.035393e+01
      vertex -5.318754e+00 -1.465440e+01 1.022750e+01
    endloop
  endfacet
  facet normal -8.928002e-01 0.000000e+00 4.504529e-01
    outer loop
      vertex -5.254964e+00 -1.503000e+01 1.035393e+01
      vertex -5.318754e+00 -1.465440e+01 1.022750e+01
      vertex -5.318754e+00 -1.503000e+01 1.022750e+01
    endloop
  endfacet
  facet normal -5.078883e-01 0.000000e+00 -8.614230e-01
    outer loop
      vertex -6.058395e+00 -1.465440e+01 1.309220e+01
      vertex -6.180381e+00 -1.503000e+01 1.316413e+01
      vertex -6.180381e+00 -1.465440e+01 1.316413e+01
    endloop
  endfacet
  facet normal -4.504545e-01 -0.000000e+00 -8.927994e-01
    outer loop
      vertex -6.180381e+00 -1.465440e+01 1.316413e+01
      vertex -6.180381e+00 -1.503000e+01 1.316413e+01
      vertex -6.306813e+00 -1.503000e+01 1.322791e+01
    endloop
  endfacet
  facet normal -4.504545e-01 0.000000e+00 -8.927994e-01
    outer loop
      vertex -6.180381e+00 -1.465440e+01 1.316413e+01
      vertex -6.306813e+00 -1.503000e+01 1.322791e+01
      vertex -6.306813e+00 -1.465440e+01 1.322791e+01
    endloop
  endfacet
  facet normal -3.910972e-01 -0.000000e+00 -9.203494e-01
    outer loop
      vertex -6.306813e+00 -1.465440e+01 1.322791e+01
      vertex -6.306813e+00 -1.503000e+01 1.322791e+01
      vertex -6.437145e+00 -1.503000e+01 1.328330e+01
    endloop
  endfacet
  facet normal -3.910972e-01 0.000000e+00 -9.203494e-01
    outer loop
      vertex -6.306813e+00 -1.465440e+01 1.322791e+01
      vertex -6.437145e+00 -1.503000e+01 1.328330e+01
      vertex -6.437145e+00 -1.465440e+01 1.328330e+01
    endloop
  endfacet
  facet normal -3.300677e-01 -0.000000e+00 -9.439573e-01
    outer loop
      vertex -6.437145e+00 -1.465440e+01 1.328330e+01
      vertex -6.437145e+00 -1.503000e+01 1.328330e+01
      vertex -6.570819e+00 -1.503000e+01 1.333004e+01
    endloop
  endfacet
  facet normal -3.300677e-01 0.000000e+00 -9.439573e-01
    outer loop
      vertex -6.437145e+00 -1.465440e+01 1.328330e+01
      vertex -6.570819e+00 -1.503000e+01 1.333004e+01
      vertex -6.570819e+00 -1.465440e+01 1.333004e+01
    endloop
  endfacet
  facet normal -2.676222e-01 -0.000000e+00 -9.635240e-01
    outer loop
      vertex -6.570819e+00 -1.465440e+01 1.333004e+01
      vertex -6.570819e+00 -1.503000e+01 1.333004e+01
      vertex -6.707265e+00 -1.503000e+01 1.336794e+01
    endloop
  endfacet
  facet normal -2.676222e-01 0.000000e+00 -9.635240e-01
    outer loop
      vertex -6.570819e+00 -1.465440e+01 1.333004e+01
      vertex -6.707265e+00 -1.503000e+01 1.336794e+01
      vertex -6.707265e+00 -1.465440e+01 1.336794e+01
    endloop
  endfacet
  facet normal -2.040302e-01 -0.000000e+00 -9.789646e-01
    outer loop
      vertex -6.707265e+00 -1.465440e+01 1.336794e+01
      vertex -6.707265e+00 -1.503000e+01 1.336794e+01
      vertex -6.845895e+00 -1.503000e+01 1.339683e+01
    endloop
  endfacet
  facet normal -2.040302e-01 0.000000e+00 -9.789646e-01
    outer loop
      vertex -6.707265e+00 -1.465440e+01 1.336794e+01
      vertex -6.845895e+00 -1.503000e+01 1.339683e+01
      vertex -6.845895e+00 -1.465440e+01 1.339683e+01
    endloop
  endfacet
  facet normal -1.395730e-01 -0.000000e+00 -9.902118e-01
    outer loop
      vertex -6.845895e+00 -1.465440e+01 1.339683e+01
      vertex -6.845895e+00 -1.503000e+01 1.339683e+01
      vertex -6.986121e+00 -1.503000e+01 1.341660e+01
    endloop
  endfacet
  facet normal -1.395730e-01 0.000000e+00 -9.902118e-01
    outer loop
      vertex -6.845895e+00 -1.465440e+01 1.339683e+01
      vertex -6.986121e+00 -1.503000e+01 1.341660e+01
      vertex -6.986121e+00 -1.465440e+01 1.341660e+01
    endloop
  endfacet
  facet normal -7.450216e-02 -0.000000e+00 -9.972208e-01
    outer loop
      vertex -6.986121e+00 -1.465440e+01 1.341660e+01
      vertex -6.986121e+00 -1.503000e+01 1.341660e+01
      vertex -7.127337e+00 -1.503000e+01 1.342715e+01
    endloop
  endfacet
  facet normal -7.450216e-02 0.000000e+00 -9.972208e-01
    outer loop
      vertex -6.986121e+00 -1.465440e+01 1.341660e+01
      vertex -7.127337e+00 -1.503000e+01 1.342715e+01
      vertex -7.127337e+00 -1.465440e+01 1.342715e+01
    endloop
  endfacet
  facet normal -9.131928e-03 -0.000000e+00 -9.999583e-01
    outer loop
      vertex -7.127337e+00 -1.465440e+01 1.342715e+01
      vertex -7.127337e+00 -1.503000e+01 1.342715e+01
      vertex -7.268943e+00 -1.503000e+01 1.342844e+01
    endloop
  endfacet
  facet normal -9.131928e-03 0.000000e+00 -9.999583e-01
    outer loop
      vertex -7.127337e+00 -1.465440e+01 1.342715e+01
      vertex -7.268943e+00 -1.503000e+01 1.342844e+01
      vertex -7.268943e+00 -1.465440e+01 1.342844e+01
    endloop
  endfacet
  facet normal 5.629489e-02 0.000000e+00 -9.984142e-01
    outer loop
      vertex -7.268943e+00 -1.465440e+01 1.342844e+01
      vertex -7.268943e+00 -1.503000e+01 1.342844e+01
      vertex -7.410330e+00 -1.503000e+01 1.342047e+01
    endloop
  endfacet
  facet normal 5.629489e-02 0.000000e+00 -9.984142e-01
    outer loop
      vertex -7.268943e+00 -1.465440e+01 1.342844e+01
      vertex -7.410330e+00 -1.503000e+01 1.342047e+01
      vertex -7.410330e+00 -1.465440e+01 1.342047e+01
    endloop
  endfacet
  facet normal 1.214707e-01 0.000000e+00 -9.925950e-01
    outer loop
      vertex -7.410330e+00 -1.465440e+01 1.342047e+01
      vertex -7.410330e+00 -1.503000e+01 1.342047e+01
      vertex -7.550892e+00 -1.503000e+01 1.340327e+01
    endloop
  endfacet
  facet normal 1.214707e-01 0.000000e+00 -9.925950e-01
    outer loop
      vertex -7.410330e+00 -1.465440e+01 1.342047e+01
      vertex -7.550892e+00 -1.503000e+01 1.340327e+01
      vertex -7.550892e+00 -1.465440e+01 1.340327e+01
    endloop
  endfacet
  facet normal 1.861380e-01 0.000000e+00 -9.825236e-01
    outer loop
      vertex -7.550892e+00 -1.465440e+01 1.340327e+01
      vertex -7.550892e+00 -1.503000e+01 1.340327e+01
      vertex -7.690029e+00 -1.503000e+01 1.337691e+01
    endloop
  endfacet
  facet normal 1.861380e-01 0.000000e+00 -9.825236e-01
    outer loop
      vertex -7.550892e+00 -1.465440e+01 1.340327e+01
      vertex -7.690029e+00 -1.503000e+01 1.337691e+01
      vertex -7.690029e+00 -1.465440e+01 1.337691e+01
    endloop
  endfacet
  facet normal 2.499890e-01 0.000000e+00 -9.682487e-01
    outer loop
      vertex -7.690029e+00 -1.465440e+01 1.337691e+01
      vertex -7.690029e+00 -1.503000e+01 1.337691e+01
      vertex -7.827144e+00 -1.503000e+01 1.334151e+01
    endloop
  endfacet
  facet normal 2.499890e-01 0.000000e+00 -9.682487e-01
    outer loop
      vertex -7.690029e+00 -1.465440e+01 1.337691e+01
      vertex -7.827144e+00 -1.503000e+01 1.334151e+01
      vertex -7.827144e+00 -1.465440e+01 1.334151e+01
    endloop
  endfacet
  facet normal 3.127891e-01 0.000000e+00 -9.498226e-01
    outer loop
      vertex -7.827144e+00 -1.465440e+01 1.334151e+01
      vertex -7.827144e+00 -1.503000e+01 1.334151e+01
      vertex -7.961649e+00 -1.503000e+01 1.329721e+01
    endloop
  endfacet
  facet normal 3.127891e-01 0.000000e+00 -9.498226e-01
    outer loop
      vertex -7.827144e+00 -1.465440e+01 1.334151e+01
      vertex -7.961649e+00 -1.503000e+01 1.329721e+01
      vertex -7.961649e+00 -1.465440e+01 1.329721e+01
    endloop
  endfacet
  facet normal 3.742313e-01 0.000000e+00 -9.273354e-01
    outer loop
      vertex -7.961649e+00 -1.465440e+01 1.329721e+01
      vertex -7.961649e+00 -1.503000e+01 1.329721e+01
      vertex -8.092968e+00 -1.503000e+01 1.324422e+01
    endloop
  endfacet
  facet normal 3.742313e-01 0.000000e+00 -9.273354e-01
    outer loop
      vertex -7.961649e+00 -1.465440e+01 1.329721e+01
      vertex -8.092968e+00 -1.503000e+01 1.324422e+01
      vertex -8.092968e+00 -1.465440e+01 1.324422e+01
    endloop
  endfacet
  facet normal 4.340902e-01 0.000000e+00 -9.008694e-01
    outer loop
      vertex -8.092968e+00 -1.465440e+01 1.324422e+01
      vertex -8.092968e+00 -1.503000e+01 1.324422e+01
      vertex -8.220543e+00 -1.503000e+01 1.318274e+01
    endloop
  endfacet
  facet normal 4.340902e-01 0.000000e+00 -9.008694e-01
    outer loop
      vertex -8.092968e+00 -1.465440e+01 1.324422e+01
      vertex -8.220543e+00 -1.503000e+01 1.318274e+01
      vertex -8.220543e+00 -1.465440e+01 1.318274e+01
    endloop
  endfacet
  facet normal 4.920744e-01 0.000000e+00 -8.705531e-01
    outer loop
      vertex -8.220543e+00 -1.465440e+01 1.318274e+01
      vertex -8.220543e+00 -1.503000e+01 1.318274e+01
      vertex -8.343822e+00 -1.503000e+01 1.311306e+01
    endloop
  endfacet
  facet normal 4.920744e-01 0.000000e+00 -8.705531e-01
    outer loop
      vertex -8.220543e+00 -1.465440e+01 1.318274e+01
      vertex -8.343822e+00 -1.503000e+01 1.311306e+01
      vertex -8.343822e+00 -1.465440e+01 1.311306e+01
    endloop
  endfacet
  facet normal 5.479572e-01 0.000000e+00 -8.365064e-01
    outer loop
      vertex -8.343822e+00 -1.465440e+01 1.311306e+01
      vertex -8.343822e+00 -1.503000e+01 1.311306e+01
      vertex -8.462280e+00 -1.503000e+01 1.303546e+01
    endloop
  endfacet
  facet normal 5.479572e-01 0.000000e+00 -8.365064e-01
    outer loop
      vertex -8.343822e+00 -1.465440e+01 1.311306e+01
      vertex -8.462280e+00 -1.503000e+01 1.303546e+01
      vertex -8.462280e+00 -1.465440e+01 1.303546e+01
    endloop
  endfacet
  facet normal 6.014962e-01 0.000000e+00 -7.988756e-01
    outer loop
      vertex -8.462280e+00 -1.465440e+01 1.303546e+01
      vertex -8.462280e+00 -1.503000e+01 1.303546e+01
      vertex -8.575410e+00 -1.503000e+01 1.295029e+01
    endloop
  endfacet
  facet normal 6.014962e-01 0.000000e+00 -7.988756e-01
    outer loop
      vertex -8.462280e+00 -1.465440e+01 1.303546e+01
      vertex -8.575410e+00 -1.503000e+01 1.295029e+01
      vertex -8.575410e+00 -1.465440e+01 1.295029e+01
    endloop
  endfacet
  facet normal 6.524569e-01 0.000000e+00 -7.578258e-01
    outer loop
      vertex -8.575410e+00 -1.465440e+01 1.295029e+01
      vertex -8.575410e+00 -1.503000e+01 1.295029e+01
      vertex -8.682725e+00 -1.503000e+01 1.285789e+01
    endloop
  endfacet
  facet normal 6.524569e-01 0.000000e+00 -7.578258e-01
    outer loop
      vertex -8.575410e+00 -1.465440e+01 1.295029e+01
      vertex -8.682725e+00 -1.503000e+01 1.285789e+01
      vertex -8.682725e+00 -1.465440e+01 1.285789e+01
    endloop
  endfacet
  facet normal 7.006223e-01 0.000000e+00 -7.135323e-01
    outer loop
      vertex -8.682725e+00 -1.465440e+01 1.285789e+01
      vertex -8.682725e+00 -1.503000e+01 1.285789e+01
      vertex -8.783769e+00 -1.503000e+01 1.275868e+01
    endloop
  endfacet
  facet normal 7.006223e-01 0.000000e+00 -7.135323e-01
    outer loop
      vertex -8.682725e+00 -1.465440e+01 1.285789e+01
      vertex -8.783769e+00 -1.503000e+01 1.275868e+01
      vertex -8.783769e+00 -1.465440e+01 1.275868e+01
    endloop
  endfacet
  facet normal 7.457939e-01 0.000000e+00 -6.661767e-01
    outer loop
      vertex -8.783769e+00 -1.465440e+01 1.275868e+01
      vertex -8.783769e+00 -1.503000e+01 1.275868e+01
      vertex -8.878107e+00 -1.503000e+01 1.265306e+01
    endloop
  endfacet
  facet normal 7.457939e-01 0.000000e+00 -6.661767e-01
    outer loop
      vertex -8.783769e+00 -1.465440e+01 1.275868e+01
      vertex -8.878107e+00 -1.503000e+01 1.265306e+01
      vertex -8.878107e+00 -1.465440e+01 1.265306e+01
    endloop
  endfacet
  facet normal 7.877634e-01 0.000000e+00 -6.159779e-01
    outer loop
      vertex -8.878107e+00 -1.465440e+01 1.265306e+01
      vertex -8.878107e+00 -1.503000e+01 1.265306e+01
      vertex -8.965338e+00 -1.503000e+01 1.254151e+01
    endloop
  endfacet
  facet normal 7.877634e-01 0.000000e+00 -6.159779e-01
    outer loop
      vertex -8.878107e+00 -1.465440e+01 1.265306e+01
      vertex -8.965338e+00 -1.503000e+01 1.254151e+01
      vertex -8.965338e+00 -1.465440e+01 1.254151e+01
    endloop
  endfacet
  facet normal 8.263665e-01 0.000000e+00 -5.631327e-01
    outer loop
      vertex -8.965338e+00 -1.465440e+01 1.254151e+01
      vertex -8.965338e+00 -1.503000e+01 1.254151e+01
      vertex -9.045084e+00 -1.503000e+01 1.242449e+01
    endloop
  endfacet
  facet normal 8.263665e-01 0.000000e+00 -5.631327e-01
    outer loop
      vertex -8.965338e+00 -1.465440e+01 1.254151e+01
      vertex -9.045084e+00 -1.503000e+01 1.242449e+01
      vertex -9.045084e+00 -1.465440e+01 1.242449e+01
    endloop
  endfacet
  facet normal 8.614247e-01 0.000000e+00 -5.078853e-01
    outer loop
      vertex -9.045084e+00 -1.465440e+01 1.242449e+01
      vertex -9.045084e+00 -1.503000e+01 1.242449e+01
      vertex -9.117006e+00 -1.503000e+01 1.230250e+01
    endloop
  endfacet
  facet normal 8.614247e-01 0.000000e+00 -5.078853e-01
    outer loop
      vertex -9.045084e+00 -1.465440e+01 1.242449e+01
      vertex -9.117006e+00 -1.503000e+01 1.230250e+01
      vertex -9.117006e+00 -1.465440e+01 1.230250e+01
    endloop
  endfacet
  facet normal 7.644865e-02 -9.960542e-01 -4.507282e-02
    outer loop
      vertex -5.318754e+00 -1.465440e+01 1.022750e+01
      vertex -5.985396e+00 -1.471845e+01 1.051218e+01
      vertex -5.390676e+00 -1.465440e+01 1.010552e+01
    endloop
  endfacet
  facet normal 4.747530e-02 -9.925584e-01 -1.121337e-01
    outer loop
      vertex -5.318754e+00 -1.465440e+01 1.022750e+01
      vertex -5.697543e+00 -1.469589e+01 1.043444e+01
      vertex -5.985396e+00 -1.471845e+01 1.051218e+01
    endloop
  endfacet
  facet normal 7.335477e-02 -9.960523e-01 -4.998806e-02
    outer loop
      vertex -6.023208e+00 -1.471845e+01 1.045352e+01
      vertex -5.470422e+00 -1.465440e+01 9.988494e+00
      vertex -5.390676e+00 -1.465440e+01 1.010552e+01
    endloop
  endfacet
  facet normal 7.445678e-02 -9.960690e-01 -4.798811e-02
    outer loop
      vertex -6.023208e+00 -1.471845e+01 1.045352e+01
      vertex -5.390676e+00 -1.465440e+01 1.010552e+01
      vertex -5.985396e+00 -1.471845e+01 1.051218e+01
    endloop
  endfacet
  facet normal 6.986685e-02 -9.960593e-01 -5.463115e-02
    outer loop
      vertex -6.107103e+00 -1.471845e+01 1.034200e+01
      vertex -5.557650e+00 -1.465440e+01 9.876936e+00
      vertex -5.470422e+00 -1.465440e+01 9.988494e+00
    endloop
  endfacet
  facet normal 6.962518e-02 -9.960523e-01 -5.506511e-02
    outer loop
      vertex -6.063807e+00 -1.471845e+01 1.039675e+01
      vertex -6.107103e+00 -1.471845e+01 1.034200e+01
      vertex -5.470422e+00 -1.465440e+01 9.988494e+00
    endloop
  endfacet
  facet normal 7.205730e-02 -9.960683e-01 -5.153259e-02
    outer loop
      vertex -6.063807e+00 -1.471845e+01 1.039675e+01
      vertex -5.470422e+00 -1.465440e+01 9.988494e+00
      vertex -6.023208e+00 -1.471845e+01 1.045352e+01
    endloop
  endfacet
  facet normal 6.619193e-02 -9.960536e-01 -5.912624e-02
    outer loop
      vertex -6.152994e+00 -1.471845e+01 1.028941e+01
      vertex -5.651988e+00 -1.465440e+01 9.771324e+00
      vertex -5.557650e+00 -1.465440e+01 9.876936e+00
    endloop
  endfacet
  facet normal 6.678129e-02 -9.960642e-01 -5.827723e-02
    outer loop
      vertex -6.152994e+00 -1.471845e+01 1.028941e+01
      vertex -5.557650e+00 -1.465440e+01 9.876936e+00
      vertex -6.107103e+00 -1.471845e+01 1.034200e+01
    endloop
  endfacet
  facet normal 6.219164e-02 -9.960525e-01 -6.333761e-02
    outer loop
      vertex -6.201372e+00 -1.471845e+01 1.023911e+01
      vertex -5.753031e+00 -1.465440e+01 9.672108e+00
      vertex -5.651988e+00 -1.465440e+01 9.771324e+00
    endloop
  endfacet
  facet normal 6.384718e-02 -9.960694e-01 -6.139559e-02
    outer loop
      vertex -6.201372e+00 -1.471845e+01 1.023911e+01
      vertex -5.651988e+00 -1.465440e+01 9.771324e+00
      vertex -6.152994e+00 -1.471845e+01 1.028941e+01
    endloop
  endfacet
  facet normal 5.787652e-02 -9.960579e-01 -6.722291e-02
    outer loop
      vertex -6.305130e+00 -1.471845e+01 1.014579e+01
      vertex -5.860350e+00 -1.465440e+01 9.579714e+00
      vertex -5.753031e+00 -1.465440e+01 9.672108e+00
    endloop
  endfacet
  facet normal 5.772924e-02 -9.960549e-01 -6.739419e-02
    outer loop
      vertex -6.252123e+00 -1.471845e+01 1.019119e+01
      vertex -6.305130e+00 -1.471845e+01 1.014579e+01
      vertex -5.753031e+00 -1.465440e+01 9.672108e+00
    endloop
  endfacet
  facet normal 6.082066e-02 -9.960675e-01 -6.442338e-02
    outer loop
      vertex -6.252123e+00 -1.471845e+01 1.019119e+01
      vertex -5.753031e+00 -1.465440e+01 9.672108e+00
      vertex -6.201372e+00 -1.471845e+01 1.023911e+01
    endloop
  endfacet
  facet normal 5.338882e-02 -9.960530e-01 -7.090821e-02
    outer loop
      vertex -6.360267e+00 -1.471845e+01 1.010300e+01
      vertex -5.973477e+00 -1.465440e+01 9.494535e+00
      vertex -5.860350e+00 -1.465440e+01 9.579714e+00
    endloop
  endfacet
  facet normal 5.433109e-02 -9.960657e-01 -7.000953e-02
    outer loop
      vertex -6.360267e+00 -1.471845e+01 1.010300e+01
      vertex -5.860350e+00 -1.465440e+01 9.579714e+00
      vertex -6.305130e+00 -1.471845e+01 1.014579e+01
    endloop
  endfacet
  facet normal 4.863860e-02 -9.960527e-01 -7.425071e-02
    outer loop
      vertex -6.417411e+00 -1.471845e+01 1.006292e+01
      vertex -6.091938e+00 -1.465440e+01 9.416937e+00
      vertex -5.973477e+00 -1.465440e+01 9.494535e+00
    endloop
  endfacet
  facet normal 5.086098e-02 -9.960695e-01 -7.251684e-02
    outer loop
      vertex -6.417411e+00 -1.471845e+01 1.006292e+01
      vertex -5.973477e+00 -1.465440e+01 9.494535e+00
      vertex -6.360267e+00 -1.471845e+01 1.010300e+01
    endloop
  endfacet
  facet normal 4.365616e-02 -9.960567e-01 -7.723425e-02
    outer loop
      vertex -6.537165e+00 -1.471845e+01 9.991275e+00
      vertex -6.215217e+00 -1.465440e+01 9.347256e+00
      vertex -6.091938e+00 -1.465440e+01 9.416937e+00
    endloop
  endfacet
  facet normal 4.369158e-02 -9.960573e-01 -7.720684e-02
    outer loop
      vertex -6.476421e+00 -1.471845e+01 1.002565e+01
      vertex -6.537165e+00 -1.471845e+01 9.991275e+00
      vertex -6.091938e+00 -1.465440e+01 9.416937e+00
    endloop
  endfacet
  facet normal 4.731629e-02 -9.960665e-01 -7.491831e-02
    outer loop
      vertex -6.476421e+00 -1.471845e+01 1.002565e+01
      vertex -6.091938e+00 -1.465440e+01 9.416937e+00
      vertex -6.417411e+00 -1.471845e+01 1.006292e+01
    endloop
  endfacet
  facet normal 3.853142e-02 -9.960527e-01 -7.996517e-02
    outer loop
      vertex -6.599496e+00 -1.471845e+01 9.959874e+00
      vertex -6.342789e+00 -1.465440e+01 9.285783e+00
      vertex -6.215217e+00 -1.465440e+01 9.347256e+00
    endloop
  endfacet
  facet normal 3.986257e-02 -9.960669e-01 -7.913166e-02
    outer loop
      vertex -6.599496e+00 -1.471845e+01 9.959874e+00
      vertex -6.215217e+00 -1.465440e+01 9.347256e+00
      vertex -6.537165e+00 -1.471845e+01 9.991275e+00
    endloop
  endfacet
  facet normal 3.321639e-02 -9.960532e-01 -8.230845e-02
    outer loop
      vertex -6.663273e+00 -1.471845e+01 9.931524e+00
      vertex -6.474111e+00 -1.465440e+01 9.232788e+00
      vertex -6.342789e+00 -1.465440e+01 9.285783e+00
    endloop
  endfacet
  facet normal 3.598059e-02 -9.960695e-01 -8.093818e-02
    outer loop
      vertex -6.663273e+00 -1.471845e+01 9.931524e+00
      vertex -6.342789e+00 -1.465440e+01 9.285783e+00
      vertex -6.599496e+00 -1.471845e+01 9.959874e+00
    endloop
  endfacet
  facet normal 2.775356e-02 -9.960557e-01 -8.427819e-02
    outer loop
      vertex -6.794562e+00 -1.471845e+01 9.884223e+00
      vertex -6.608616e+00 -1.465440e+01 9.188493e+00
      vertex -6.474111e+00 -1.465440e+01 9.232788e+00
    endloop
  endfacet
  facet normal 2.803652e-02 -9.960595e-01 -8.413938e-02
    outer loop
      vertex -6.728346e+00 -1.471845e+01 9.906285e+00
      vertex -6.794562e+00 -1.471845e+01 9.884223e+00
      vertex -6.474111e+00 -1.465440e+01 9.232788e+00
    endloop
  endfacet
  facet normal 3.204587e-02 -9.960653e-01 -8.262643e-02
    outer loop
      vertex -6.728346e+00 -1.471845e+01 9.906285e+00
      vertex -6.474111e+00 -1.465440e+01 9.232788e+00
      vertex -6.663273e+00 -1.471845e+01 9.931524e+00
    endloop
  endfacet
  facet normal 2.219112e-02 -9.960523e-01 -8.594848e-02
    outer loop
      vertex -6.861764e+00 -1.471845e+01 9.865383e+00
      vertex -6.745731e+00 -1.465440e+01 9.153093e+00
      vertex -6.608616e+00 -1.465440e+01 9.188493e+00
    endloop
  endfacet
  facet normal 2.391493e-02 -9.960678e-01 -8.530524e-02
    outer loop
      vertex -6.861764e+00 -1.471845e+01 9.865383e+00
      vertex -6.608616e+00 -1.465440e+01 9.188493e+00
      vertex -6.794562e+00 -1.471845e+01 9.884223e+00
    endloop
  endfacet
  facet normal 1.651937e-02 -9.960538e-01 -8.720078e-02
    outer loop
      vertex -6.929802e+00 -1.471845e+01 9.849813e+00
      vertex -6.884865e+00 -1.465440e+01 9.126735e+00
      vertex -6.745731e+00 -1.465440e+01 9.153093e+00
    endloop
  endfacet
  facet normal 1.975977e-02 -9.960692e-01 -8.634606e-02
    outer loop
      vertex -6.929802e+00 -1.471845e+01 9.849813e+00
      vertex -6.745731e+00 -1.465440e+01 9.153093e+00
      vertex -6.861764e+00 -1.471845e+01 9.865383e+00
    endloop
  endfacet
  facet normal 1.077973e-02 -9.960548e-01 -8.808341e-02
    outer loop
      vertex -7.067733e+00 -1.471845e+01 9.828615e+00
      vertex -7.025430e+00 -1.465440e+01 9.109533e+00
      vertex -6.884865e+00 -1.465440e+01 9.126735e+00
    endloop
  endfacet
  facet normal 1.134562e-02 -9.960614e-01 -8.793659e-02
    outer loop
      vertex -6.998511e+00 -1.471845e+01 9.837546e+00
      vertex -7.067733e+00 -1.471845e+01 9.828615e+00
      vertex -6.884865e+00 -1.465440e+01 9.126735e+00
    endloop
  endfacet
  facet normal 1.557758e-02 -9.960638e-01 -8.726016e-02
    outer loop
      vertex -6.998511e+00 -1.471845e+01 9.837546e+00
      vertex -6.884865e+00 -1.465440e+01 9.126735e+00
      vertex -6.929802e+00 -1.471845e+01 9.849813e+00
    endloop
  endfacet
  facet normal 4.997185e-03 -9.960523e-01 -8.862721e-02
    outer loop
      vertex -7.137306e+00 -1.471845e+01 9.823038e+00
      vertex -7.166814e+00 -1.465440e+01 9.101559e+00
      vertex -7.025430e+00 -1.465440e+01 9.109533e+00
    endloop
  endfacet
  facet normal 7.078078e-03 -9.960686e-01 -8.830240e-02
    outer loop
      vertex -7.137306e+00 -1.471845e+01 9.823038e+00
      vertex -7.025430e+00 -1.465440e+01 9.109533e+00
      vertex -7.067733e+00 -1.471845e+01 9.828615e+00
    endloop
  endfacet
  facet normal -8.094528e-04 -9.960602e-01 -8.867540e-02
    outer loop
      vertex -7.276851e+00 -1.471845e+01 9.821994e+00
      vertex -7.308420e+00 -1.465440e+01 9.102852e+00
      vertex -7.166814e+00 -1.465440e+01 9.101559e+00
    endloop
  endfacet
  facet normal -1.482060e-03 -9.960504e-01 -8.877725e-02
    outer loop
      vertex -7.207065e+00 -1.471845e+01 9.820830e+00
      vertex -7.276851e+00 -1.471845e+01 9.821994e+00
      vertex -7.166814e+00 -1.465440e+01 9.101559e+00
    endloop
  endfacet
  facet normal 2.804721e-03 -9.960688e-01 -8.853900e-02
    outer loop
      vertex -7.207065e+00 -1.471845e+01 9.820830e+00
      vertex -7.166814e+00 -1.465440e+01 9.101559e+00
      vertex -7.137306e+00 -1.471845e+01 9.823038e+00
    endloop
  endfacet
  facet normal -6.612360e-03 -9.960540e-01 -8.850248e-02
    outer loop
      vertex -7.346499e+00 -1.471845e+01 9.826527e+00
      vertex -7.449636e+00 -1.465440e+01 9.113403e+00
      vertex -7.308420e+00 -1.465440e+01 9.102852e+00
    endloop
  endfacet
  facet normal -5.758757e-03 -9.960632e-01 -8.845840e-02
    outer loop
      vertex -7.346499e+00 -1.471845e+01 9.826527e+00
      vertex -7.308420e+00 -1.465440e+01 9.102852e+00
      vertex -7.276851e+00 -1.471845e+01 9.821994e+00
    endloop
  endfacet
  facet normal -1.238920e-02 -9.960523e-01 -8.789875e-02
    outer loop
      vertex -7.415844e+00 -1.471845e+01 9.834420e+00
      vertex -7.589862e+00 -1.465440e+01 9.133167e+00
      vertex -7.449636e+00 -1.465440e+01 9.113403e+00
    endloop
  endfacet
  facet normal -1.001732e-02 -9.960691e-01 -8.801139e-02
    outer loop
      vertex -7.415844e+00 -1.471845e+01 9.834420e+00
      vertex -7.449636e+00 -1.465440e+01 9.113403e+00
      vertex -7.346499e+00 -1.471845e+01 9.826527e+00
    endloop
  endfacet
  facet normal -1.809685e-02 -9.960588e-01 -8.682942e-02
    outer loop
      vertex -7.552992e+00 -1.471845e+01 9.860208e+00
      vertex -7.728495e+00 -1.465440e+01 9.162063e+00
      vertex -7.589862e+00 -1.465440e+01 9.133167e+00
    endloop
  endfacet
  facet normal -1.850323e-02 -9.960531e-01 -8.680830e-02
    outer loop
      vertex -7.484730e+00 -1.471845e+01 9.845658e+00
      vertex -7.552992e+00 -1.471845e+01 9.860208e+00
      vertex -7.589862e+00 -1.465440e+01 9.133167e+00
    endloop
  endfacet
  facet normal -1.426161e-02 -9.960681e-01 -8.743554e-02
    outer loop
      vertex -7.484730e+00 -1.471845e+01 9.845658e+00
      vertex -7.589862e+00 -1.465440e+01 9.133167e+00
      vertex -7.415844e+00 -1.471845e+01 9.834420e+00
    endloop
  endfacet
  facet normal -2.375315e-02 -9.960533e-01 -8.551881e-02
    outer loop
      vertex -7.620471e+00 -1.471845e+01 9.878036e+00
      vertex -7.864941e+00 -1.465440e+01 9.199959e+00
      vertex -7.728495e+00 -1.465440e+01 9.162063e+00
    endloop
  endfacet
  facet normal -2.264115e-02 -9.960648e-01 -8.568761e-02
    outer loop
      vertex -7.620471e+00 -1.471845e+01 9.878036e+00
      vertex -7.728495e+00 -1.465440e+01 9.162063e+00
      vertex -7.552992e+00 -1.471845e+01 9.860208e+00
    endloop
  endfacet
  facet normal -2.929857e-02 -9.960526e-01 -8.379069e-02
    outer loop
      vertex -7.687011e+00 -1.471845e+01 9.899106e+00
      vertex -7.998615e+00 -1.465440e+01 9.246702e+00
      vertex -7.864941e+00 -1.465440e+01 9.199959e+00
    endloop
  endfacet
  facet normal -2.674066e-02 -9.960694e-01 -8.444323e-02
    outer loop
      vertex -7.687011e+00 -1.471845e+01 9.899106e+00
      vertex -7.864941e+00 -1.465440e+01 9.199959e+00
      vertex -7.620471e+00 -1.471845e+01 9.878036e+00
    endloop
  endfacet
  facet normal -3.469446e-02 -9.960575e-01 -8.164388e-02
    outer loop
      vertex -7.816647e+00 -1.471845e+01 9.950760e+00
      vertex -8.128947e+00 -1.465440e+01 9.302085e+00
      vertex -7.998615e+00 -1.465440e+01 9.246702e+00
    endloop
  endfacet
  facet normal -3.482539e-02 -9.960557e-01 -8.160989e-02
    outer loop
      vertex -7.752453e+00 -1.471845e+01 9.923367e+00
      vertex -7.816647e+00 -1.471845e+01 9.950760e+00
      vertex -7.998615e+00 -1.465440e+01 9.246702e+00
    endloop
  endfacet
  facet normal -3.079717e-02 -9.960671e-01 -8.307637e-02
    outer loop
      vertex -7.752453e+00 -1.471845e+01 9.923367e+00
      vertex -7.998615e+00 -1.465440e+01 9.246702e+00
      vertex -7.687011e+00 -1.471845e+01 9.899106e+00
    endloop
  endfacet
  facet normal -3.998308e-02 -9.960529e-01 -7.924632e-02
    outer loop
      vertex -7.879443e+00 -1.471845e+01 9.981224e+00
      vertex -8.255376e+00 -1.465440e+01 9.365874e+00
      vertex -8.128947e+00 -1.465440e+01 9.302085e+00
    endloop
  endfacet
  facet normal -3.867669e-02 -9.960660e-01 -7.972752e-02
    outer loop
      vertex -7.879443e+00 -1.471845e+01 9.981224e+00
      vertex -8.128947e+00 -1.465440e+01 9.302085e+00
      vertex -7.816647e+00 -1.471845e+01 9.950760e+00
    endloop
  endfacet
  facet normal -4.508048e-02 -9.960529e-01 -7.646164e-02
    outer loop
      vertex -7.940694e+00 -1.471845e+01 1.001469e+01
      vertex -8.377364e+00 -1.465440e+01 9.437796e+00
      vertex -8.255376e+00 -1.465440e+01 9.365874e+00
    endloop
  endfacet
  facet normal -4.246484e-02 -9.960695e-01 -7.773189e-02
    outer loop
      vertex -7.940694e+00 -1.471845e+01 1.001469e+01
      vertex -8.255376e+00 -1.465440e+01 9.365874e+00
      vertex -7.879443e+00 -1.471845e+01 9.981224e+00
    endloop
  endfacet
  facet normal -4.996285e-02 -9.960564e-01 -7.331740e-02
    outer loop
      vertex -8.057994e+00 -1.471845e+01 1.009028e+01
      vertex -8.494385e+00 -1.465440e+01 9.517542e+00
      vertex -8.377364e+00 -1.465440e+01 9.437796e+00
    endloop
  endfacet
  facet normal -4.984117e-02 -9.960581e-01 -7.337712e-02
    outer loop
      vertex -8.000256e+00 -1.471845e+01 1.005107e+01
      vertex -8.057994e+00 -1.471845e+01 1.009028e+01
      vertex -8.377364e+00 -1.465440e+01 9.437796e+00
    endloop
  endfacet
  facet normal -4.619115e-02 -9.960660e-01 -7.562239e-02
    outer loop
      vertex -8.000256e+00 -1.471845e+01 1.005107e+01
      vertex -8.377364e+00 -1.465440e+01 9.437796e+00
      vertex -7.940694e+00 -1.471845e+01 1.001469e+01
    endloop
  endfacet
  facet normal -5.467734e-02 -9.960526e-01 -6.992627e-02
    outer loop
      vertex -8.113767e+00 -1.471845e+01 1.013225e+01
      vertex -8.605941e+00 -1.465440e+01 9.604770e+00
      vertex -8.494385e+00 -1.465440e+01 9.517542e+00
    endloop
  endfacet
  facet normal -5.326696e-02 -9.960671e-01 -7.080107e-02
    outer loop
      vertex -8.113767e+00 -1.471845e+01 1.013225e+01
      vertex -8.494385e+00 -1.465440e+01 9.517542e+00
      vertex -8.057994e+00 -1.471845e+01 1.009028e+01
    endloop
  endfacet
  facet normal -5.912752e-02 -9.960533e-01 -6.619371e-02
    outer loop
      vertex -8.167446e+00 -1.471845e+01 1.017685e+01
      vertex -8.711556e+00 -1.465440e+01 9.699108e+00
      vertex -8.605941e+00 -1.465440e+01 9.604770e+00
    endloop
  endfacet
  facet normal -5.660882e-02 -9.960694e-01 -6.812607e-02
    outer loop
      vertex -8.167446e+00 -1.471845e+01 1.017685e+01
      vertex -8.605941e+00 -1.465440e+01 9.604770e+00
      vertex -8.113767e+00 -1.471845e+01 1.013225e+01
    endloop
  endfacet
  facet normal -6.331436e-02 -9.960553e-01 -6.216917e-02
    outer loop
      vertex -8.268036e+00 -1.471845e+01 1.027358e+01
      vertex -8.810769e+00 -1.465440e+01 9.800154e+00
      vertex -8.711556e+00 -1.465440e+01 9.699108e+00
    endloop
  endfacet
  facet normal -6.299336e-02 -9.960601e-01 -6.241755e-02
    outer loop
      vertex -8.218911e+00 -1.471845e+01 1.022400e+01
      vertex -8.268036e+00 -1.471845e+01 1.027358e+01
      vertex -8.711556e+00 -1.465440e+01 9.699108e+00
    endloop
  endfacet
  facet normal -5.987017e-02 -9.960647e-01 -6.534944e-02
    outer loop
      vertex -8.218911e+00 -1.471845e+01 1.022400e+01
      vertex -8.711556e+00 -1.465440e+01 9.699108e+00
      vertex -8.167446e+00 -1.471845e+01 1.017685e+01
    endloop
  endfacet
  facet normal -6.727049e-02 -9.960523e-01 -5.791683e-02
    outer loop
      vertex -8.314707e+00 -1.471845e+01 1.032547e+01
      vertex -8.903166e+00 -1.465440e+01 9.907470e+00
      vertex -8.810769e+00 -1.465440e+01 9.800154e+00
    endloop
  endfacet
  facet normal -6.586935e-02 -9.960680e-01 -5.924188e-02
    outer loop
      vertex -8.314707e+00 -1.471845e+01 1.032547e+01
      vertex -8.810769e+00 -1.465440e+01 9.800154e+00
      vertex -8.268036e+00 -1.471845e+01 1.027358e+01
    endloop
  endfacet
  facet normal -7.089958e-02 -9.960540e-01 -5.338231e-02
    outer loop
      vertex -8.358819e+00 -1.471845e+01 1.037956e+01
      vertex -8.988345e+00 -1.465440e+01 1.002060e+01
      vertex -8.903166e+00 -1.465440e+01 9.907470e+00
    endloop
  endfacet
  facet normal -6.864652e-02 -9.960691e-01 -5.598227e-02
    outer loop
      vertex -8.358819e+00 -1.471845e+01 1.037956e+01
      vertex -8.903166e+00 -1.465440e+01 9.907470e+00
      vertex -8.314707e+00 -1.471845e+01 1.032547e+01
    endloop
  endfacet
  facet normal -7.423461e-02 -9.960545e-01 -4.862783e-02
    outer loop
      vertex -8.438949e+00 -1.471845e+01 1.049381e+01
      vertex -9.065940e+00 -1.465440e+01 1.013906e+01
      vertex -8.988345e+00 -1.465440e+01 1.002060e+01
    endloop
  endfacet
  facet normal -7.379461e-02 -9.960621e-01 -4.913972e-02
    outer loop
      vertex -8.400267e+00 -1.471845e+01 1.043572e+01
      vertex -8.438949e+00 -1.471845e+01 1.049381e+01
      vertex -8.988345e+00 -1.465440e+01 1.002060e+01
    endloop
  endfacet
  facet normal -7.132336e-02 -9.960632e-01 -5.264077e-02
    outer loop
      vertex -8.400267e+00 -1.471845e+01 1.043572e+01
      vertex -8.988345e+00 -1.465440e+01 1.002060e+01
      vertex -8.358819e+00 -1.471845e+01 1.037956e+01
    endloop
  endfacet
  facet normal -7.727723e-02 -9.960523e-01 -4.368065e-02
    outer loop
      vertex -8.474784e+00 -1.471845e+01 1.055371e+01
      vertex -9.135624e+00 -1.465440e+01 1.026234e+01
      vertex -9.065940e+00 -1.465440e+01 1.013906e+01
    endloop
  endfacet
  facet normal -7.601805e-02 -9.960688e-01 -4.547836e-02
    outer loop
      vertex -8.474784e+00 -1.471845e+01 1.055371e+01
      vertex -9.065940e+00 -1.465440e+01 1.013906e+01
      vertex -8.438949e+00 -1.471845e+01 1.049381e+01
    endloop
  endfacet
  facet normal -7.989351e-02 -9.960598e-01 -3.849689e-02
    outer loop
      vertex -8.537565e+00 -1.471845e+01 1.067834e+01
      vertex -9.197094e+00 -1.465440e+01 1.038991e+01
      vertex -9.135624e+00 -1.465440e+01 1.026234e+01
    endloop
  endfacet
  facet normal -8.022866e-02 -9.960514e-01 -3.801377e-02
    outer loop
      vertex -8.507679e+00 -1.471845e+01 1.061526e+01
      vertex -8.537565e+00 -1.471845e+01 1.067834e+01
      vertex -9.135624e+00 -1.465440e+01 1.026234e+01
    endloop
  endfacet
  facet normal -7.812818e-02 -9.960685e-01 -4.175416e-02
    outer loop
      vertex -8.507679e+00 -1.471845e+01 1.061526e+01
      vertex -9.135624e+00 -1.465440e+01 1.026234e+01
      vertex -8.474784e+00 -1.471845e+01 1.055371e+01
    endloop
  endfacet
  facet normal -8.230253e-02 -9.960537e-01 -3.321400e-02
    outer loop
      vertex -8.564367e+00 -1.471845e+01 1.074278e+01
      vertex -9.250092e+00 -1.465440e+01 1.052123e+01
      vertex -9.197094e+00 -1.465440e+01 1.038991e+01
    endloop
  endfacet
  facet normal -8.184335e-02 -9.960638e-01 -3.403914e-02
    outer loop
      vertex -8.564367e+00 -1.471845e+01 1.074278e+01
      vertex -9.197094e+00 -1.465440e+01 1.038991e+01
      vertex -8.537565e+00 -1.471845e+01 1.067834e+01
    endloop
  endfacet
  facet normal -8.431301e-02 -9.960524e-01 -2.776491e-02
    outer loop
      vertex -8.588025e+00 -1.471845e+01 1.080844e+01
      vertex -9.294384e+00 -1.465440e+01 1.065574e+01
      vertex -9.250092e+00 -1.465440e+01 1.052123e+01
    endloop
  endfacet
  facet normal -8.333452e-02 -9.960693e-01 -3.002427e-02
    outer loop
      vertex -8.588025e+00 -1.471845e+01 1.080844e+01
      vertex -9.250092e+00 -1.465440e+01 1.052123e+01
      vertex -8.564367e+00 -1.471845e+01 1.074278e+01
    endloop
  endfacet
  facet normal -8.588389e-02 -9.960583e-01 -2.217453e-02
    outer loop
      vertex -8.625693e+00 -1.471845e+01 1.094281e+01
      vertex -9.329787e+00 -1.465440e+01 1.079285e+01
      vertex -9.294384e+00 -1.465440e+01 1.065574e+01
    endloop
  endfacet
  facet normal -8.600818e-02 -9.960540e-01 -2.188404e-02
    outer loop
      vertex -8.608482e+00 -1.471845e+01 1.087517e+01
      vertex -8.625693e+00 -1.471845e+01 1.094281e+01
      vertex -9.294384e+00 -1.465440e+01 1.065574e+01
    endloop
  endfacet
  facet normal -8.470279e-02 -9.960678e-01 -2.596837e-02
    outer loop
      vertex -8.608482e+00 -1.471845e+01 1.087517e+01
      vertex -9.294384e+00 -1.465440e+01 1.065574e+01
      vertex -8.588025e+00 -1.471845e+01 1.080844e+01
    endloop
  endfacet
  facet normal -8.720706e-02 -9.960532e-01 -1.652092e-02
    outer loop
      vertex -8.639616e+00 -1.471845e+01 1.101120e+01
      vertex -9.356144e+00 -1.465440e+01 1.093199e+01
      vertex -9.329787e+00 -1.465440e+01 1.079285e+01
    endloop
  endfacet
  facet normal -8.684237e-02 -9.960652e-01 -1.767712e-02
    outer loop
      vertex -8.639616e+00 -1.471845e+01 1.101120e+01
      vertex -9.329787e+00 -1.465440e+01 1.079285e+01
      vertex -8.625693e+00 -1.471845e+01 1.094281e+01
    endloop
  endfacet
  facet normal -8.810700e-02 -9.960527e-01 -1.078230e-02
    outer loop
      vertex -8.650218e+00 -1.471845e+01 1.108019e+01
      vertex -9.373347e+00 -1.465440e+01 1.107255e+01
      vertex -9.356144e+00 -1.465440e+01 1.093199e+01
    endloop
  endfacet
  facet normal -8.754751e-02 -9.960694e-01 -1.345455e-02
    outer loop
      vertex -8.650218e+00 -1.471845e+01 1.108019e+01
      vertex -9.356144e+00 -1.465440e+01 1.093199e+01
      vertex -8.639616e+00 -1.471845e+01 1.101120e+01
    endloop
  endfacet
  facet normal -8.857360e-02 -9.960571e-01 -4.994122e-03
    outer loop
      vertex -8.661366e+00 -1.471845e+01 1.121929e+01
      vertex -9.381318e+00 -1.465440e+01 1.121394e+01
      vertex -9.373347e+00 -1.465440e+01 1.107255e+01
    endloop
  endfacet
  facet normal -8.858269e-02 -9.960566e-01 -4.949709e-03
    outer loop
      vertex -8.657472e+00 -1.471845e+01 1.114961e+01
      vertex -8.661366e+00 -1.471845e+01 1.121929e+01
      vertex -9.373347e+00 -1.465440e+01 1.107255e+01
    endloop
  endfacet
  facet normal -8.812485e-02 -9.960668e-01 -9.211725e-03
    outer loop
      vertex -8.657472e+00 -1.471845e+01 1.114961e+01
      vertex -9.373347e+00 -1.465440e+01 1.107255e+01
      vertex -8.650218e+00 -1.471845e+01 1.108019e+01
    endloop
  endfacet
  facet normal -8.875933e-02 -9.960527e-01 8.102224e-04
    outer loop
      vertex -8.661888e+00 -1.471845e+01 1.128908e+01
      vertex -9.380025e+00 -1.465440e+01 1.135554e+01
      vertex -9.381318e+00 -1.465440e+01 1.121394e+01
    endloop
  endfacet
  facet normal -8.860666e-02 -9.960665e-01 -6.632495e-04
    outer loop
      vertex -8.661888e+00 -1.471845e+01 1.128908e+01
      vertex -9.381318e+00 -1.465440e+01 1.121394e+01
      vertex -8.661366e+00 -1.471845e+01 1.121929e+01
    endloop
  endfacet
  facet normal -8.851334e-02 -9.960530e-01 6.613143e-03
    outer loop
      vertex -8.659041e+00 -1.471845e+01 1.135882e+01
      vertex -9.369474e+00 -1.465440e+01 1.149676e+01
      vertex -9.380025e+00 -1.465440e+01 1.135554e+01
    endloop
  endfacet
  facet normal -8.850116e-02 -9.960695e-01 3.616323e-03
    outer loop
      vertex -8.659041e+00 -1.471845e+01 1.135882e+01
      vertex -9.380025e+00 -1.465440e+01 1.135554e+01
      vertex -8.661888e+00 -1.471845e+01 1.128908e+01
    endloop
  endfacet
  facet normal -8.785824e-02 -9.960560e-01 1.238354e-02
    outer loop
      vertex -8.643258e+00 -1.471845e+01 1.149748e+01
      vertex -9.349710e+00 -1.465440e+01 1.163698e+01
      vertex -9.369474e+00 -1.465440e+01 1.149676e+01
    endloop
  endfacet
  facet normal -8.785826e-02 -9.960588e-01 1.215810e-02
    outer loop
      vertex -8.652825e+00 -1.471845e+01 1.142834e+01
      vertex -8.643258e+00 -1.471845e+01 1.149748e+01
      vertex -9.369474e+00 -1.465440e+01 1.149676e+01
    endloop
  endfacet
  facet normal -8.826614e-02 -9.960657e-01 7.892167e-03
    outer loop
      vertex -8.652825e+00 -1.471845e+01 1.142834e+01
      vertex -9.369474e+00 -1.465440e+01 1.149676e+01
      vertex -8.659041e+00 -1.471845e+01 1.135882e+01
    endloop
  endfacet
  facet normal -8.689906e-02 -9.960524e-01 1.811093e-02
    outer loop
      vertex -8.630361e+00 -1.471845e+01 1.156607e+01
      vertex -9.320817e+00 -1.465440e+01 1.177561e+01
      vertex -9.349710e+00 -1.465440e+01 1.163698e+01
    endloop
  endfacet
  facet normal -8.707196e-02 -9.960675e-01 1.637048e-02
    outer loop
      vertex -8.630361e+00 -1.471845e+01 1.156607e+01
      vertex -9.349710e+00 -1.465440e+01 1.163698e+01
      vertex -8.643258e+00 -1.471845e+01 1.149748e+01
    endloop
  endfacet
  facet normal -8.551656e-02 -9.960536e-01 2.375288e-02
    outer loop
      vertex -8.614164e+00 -1.471845e+01 1.163396e+01
      vertex -9.282918e+00 -1.465440e+01 1.191206e+01
      vertex -9.320817e+00 -1.465440e+01 1.177561e+01
    endloop
  endfacet
  facet normal -8.615937e-02 -9.960693e-01 2.055332e-02
    outer loop
      vertex -8.614164e+00 -1.471845e+01 1.163396e+01
      vertex -9.320817e+00 -1.465440e+01 1.177561e+01
      vertex -8.630361e+00 -1.471845e+01 1.156607e+01
    endloop
  endfacet
  facet normal -8.376430e-02 -9.960550e-01 2.928947e-02
    outer loop
      vertex -8.572038e+00 -1.471845e+01 1.176700e+01
      vertex -9.236178e+00 -1.465440e+01 1.204574e+01
      vertex -9.282918e+00 -1.465440e+01 1.191206e+01
    endloop
  endfacet
  facet normal -8.386385e-02 -9.960608e-01 2.880420e-02
    outer loop
      vertex -8.594709e+00 -1.471845e+01 1.170099e+01
      vertex -8.572038e+00 -1.471845e+01 1.176700e+01
      vertex -9.282918e+00 -1.465440e+01 1.191206e+01
    endloop
  endfacet
  facet normal -8.512064e-02 -9.960642e-01 2.470738e-02
    outer loop
      vertex -8.594709e+00 -1.471845e+01 1.170099e+01
      vertex -9.282918e+00 -1.465440e+01 1.191206e+01
      vertex -8.614164e+00 -1.471845e+01 1.163396e+01
    endloop
  endfacet
  facet normal -8.169748e-02 -9.960523e-01 3.471674e-02
    outer loop
      vertex -8.546202e+00 -1.471845e+01 1.183183e+01
      vertex -9.180795e+00 -1.465440e+01 1.217607e+01
      vertex -9.236178e+00 -1.465440e+01 1.204574e+01
    endloop
  endfacet
  facet normal -8.229585e-02 -9.960684e-01 3.279138e-02
    outer loop
      vertex -8.546202e+00 -1.471845e+01 1.183183e+01
      vertex -9.236178e+00 -1.465440e+01 1.204574e+01
      vertex -8.572038e+00 -1.471845e+01 1.176700e+01
    endloop
  endfacet
  facet normal -8.060961e-02 -9.960689e-01 3.672531e-02
    outer loop
      vertex -8.517264e+00 -1.471845e+01 1.189535e+01
      vertex -9.180795e+00 -1.465440e+01 1.217607e+01
      vertex -8.546202e+00 -1.471845e+01 1.183183e+01
    endloop
  endfacet
  facet normal -1.428759e-02 -9.990793e-01 4.045099e-02
    outer loop
      vertex -7.867983e+00 -1.475691e+01 1.158037e+01
      vertex -7.598394e+00 -1.476511e+01 1.147288e+01
      vertex -7.978737e+00 -1.475127e+01 1.168066e+01
    endloop
  endfacet
  facet normal 7.153600e-02 -9.971400e-01 -2.437919e-02
    outer loop
      vertex -5.697543e+00 -1.469589e+01 1.043444e+01
      vertex -6.077025e+00 -1.472819e+01 1.064175e+01
      vertex -5.985396e+00 -1.471845e+01 1.051218e+01
    endloop
  endfacet
  facet normal 4.175790e-02 -9.990793e-01 9.832932e-03
    outer loop
      vertex -6.837363e+00 -1.476511e+01 1.105712e+01
      vertex -6.601248e+00 -1.475691e+01 1.088835e+01
      vertex -6.457023e+00 -1.475127e+01 1.084934e+01
    endloop
  endfacet
  facet normal -7.907820e-02 -9.892781e-01 -1.227819e-01
    outer loop
      vertex -7.217880e+00 -1.476973e+01 1.126500e+01
      vertex -7.598394e+00 -1.476511e+01 1.147288e+01
      vertex -7.867983e+00 -1.475691e+01 1.158037e+01
    endloop
  endfacet
  facet normal -1.615327e-02 -9.998425e-01 7.359344e-03
    outer loop
      vertex -7.217880e+00 -1.476973e+01 1.126500e+01
      vertex -7.867983e+00 -1.475691e+01 1.158037e+01
      vertex -7.882458e+00 -1.475691e+01 1.154860e+01
    endloop
  endfacet
  facet normal -1.648992e-02 -9.998424e-01 6.570430e-03
    outer loop
      vertex -7.217880e+00 -1.476973e+01 1.126500e+01
      vertex -7.882458e+00 -1.475691e+01 1.154860e+01
      vertex -7.895385e+00 -1.475691e+01 1.151616e+01
    endloop
  endfacet
  facet normal -1.678803e-02 -9.998425e-01 5.766268e-03
    outer loop
      vertex -7.217880e+00 -1.476973e+01 1.126500e+01
      vertex -7.895385e+00 -1.475691e+01 1.151616e+01
      vertex -7.906728e+00 -1.475691e+01 1.148313e+01
    endloop
  endfacet
  facet normal -1.704716e-02 -9.998425e-01 4.947946e-03
    outer loop
      vertex -7.217880e+00 -1.476973e+01 1.126500e+01
      vertex -7.906728e+00 -1.475691e+01 1.148313e+01
      vertex -7.916463e+00 -1.475691e+01 1.144960e+01
    endloop
  endfacet
  facet normal -1.726620e-02 -9.998425e-01 4.119046e-03
    outer loop
      vertex -7.217880e+00 -1.476973e+01 1.126500e+01
      vertex -7.916463e+00 -1.475691e+01 1.144960e+01
      vertex -7.924566e+00 -1.475691e+01 1.141563e+01
    endloop
  endfacet
  facet normal -1.744508e-02 -9.998424e-01 3.279823e-03
    outer loop
      vertex -7.217880e+00 -1.476973e+01 1.126500e+01
      vertex -7.924566e+00 -1.475691e+01 1.141563e+01
      vertex -7.931016e+00 -1.475691e+01 1.138131e+01
    endloop
  endfacet
  facet normal -1.758317e-02 -9.998424e-01 2.433138e-03
    outer loop
      vertex -7.217880e+00 -1.476973e+01 1.126500e+01
      vertex -7.931016e+00 -1.475691e+01 1.138131e+01
      vertex -7.935804e+00 -1.475691e+01 1.134672e+01
    endloop
  endfacet
  facet normal -1.768018e-02 -9.998424e-01 1.580873e-03
    outer loop
      vertex -7.217880e+00 -1.476973e+01 1.126500e+01
      vertex -7.935804e+00 -1.475691e+01 1.134672e+01
      vertex -7.938915e+00 -1.475691e+01 1.131194e+01
    endloop
  endfacet
  facet normal -1.773591e-02 -9.998425e-01 7.248409e-04
    outer loop
      vertex -7.217880e+00 -1.476973e+01 1.126500e+01
      vertex -7.938915e+00 -1.475691e+01 1.131194e+01
      vertex -7.940340e+00 -1.475691e+01 1.127705e+01
    endloop
  endfacet
  facet normal -1.775022e-02 -9.998425e-01 -1.329288e-04
    outer loop
      vertex -7.217880e+00 -1.476973e+01 1.126500e+01
      vertex -7.940340e+00 -1.475691e+01 1.127705e+01
      vertex -7.940079e+00 -1.475691e+01 1.124213e+01
    endloop
  endfacet
  facet normal -1.772307e-02 -9.998425e-01 -9.904000e-04
    outer loop
      vertex -7.217880e+00 -1.476973e+01 1.126500e+01
      vertex -7.940079e+00 -1.475691e+01 1.124213e+01
      vertex -7.938129e+00 -1.475691e+01 1.120727e+01
    endloop
  endfacet
  facet normal -1.765454e-02 -9.998424e-01 -1.845269e-03
    outer loop
      vertex -7.217880e+00 -1.476973e+01 1.126500e+01
      vertex -7.938129e+00 -1.475691e+01 1.120727e+01
      vertex -7.934499e+00 -1.475691e+01 1.117254e+01
    endloop
  endfacet
  facet normal -1.754473e-02 -9.998425e-01 -2.696370e-03
    outer loop
      vertex -7.217880e+00 -1.476973e+01 1.126500e+01
      vertex -7.934499e+00 -1.475691e+01 1.117254e+01
      vertex -7.929195e+00 -1.475691e+01 1.113802e+01
    endloop
  endfacet
  facet normal -1.739400e-02 -9.998425e-01 -3.540755e-03
    outer loop
      vertex -7.217880e+00 -1.476973e+01 1.126500e+01
      vertex -7.929195e+00 -1.475691e+01 1.113802e+01
      vertex -7.922229e+00 -1.475691e+01 1.110380e+01
    endloop
  endfacet
  facet normal -1.720262e-02 -9.998424e-01 -4.377007e-03
    outer loop
      vertex -7.217880e+00 -1.476973e+01 1.126500e+01
      vertex -7.922229e+00 -1.475691e+01 1.110380e+01
      vertex -7.913619e+00 -1.475691e+01 1.106996e+01
    endloop
  endfacet
  facet normal -1.697112e-02 -9.998425e-01 -5.202798e-03
    outer loop
      vertex -7.217880e+00 -1.476973e+01 1.126500e+01
      vertex -7.913619e+00 -1.475691e+01 1.106996e+01
      vertex -7.903383e+00 -1.475691e+01 1.103658e+01
    endloop
  endfacet
  facet normal -1.669985e-02 -9.998424e-01 -6.016882e-03
    outer loop
      vertex -7.217880e+00 -1.476973e+01 1.126500e+01
      vertex -7.903383e+00 -1.475691e+01 1.103658e+01
      vertex -7.891548e+00 -1.475691e+01 1.100372e+01
    endloop
  endfacet
  facet normal -1.638966e-02 -9.998424e-01 -6.816665e-03
    outer loop
      vertex -7.217880e+00 -1.476973e+01 1.126500e+01
      vertex -7.891548e+00 -1.475691e+01 1.100372e+01
      vertex -7.878138e+00 -1.475691e+01 1.097148e+01
    endloop
  endfacet
  facet normal -1.604128e-02 -9.998424e-01 -7.600341e-03
    outer loop
      vertex -7.217880e+00 -1.476973e+01 1.126500e+01
      vertex -7.878138e+00 -1.475691e+01 1.097148e+01
      vertex -7.863186e+00 -1.475691e+01 1.093993e+01
    endloop
  endfacet
  facet normal -1.565516e-02 -9.998424e-01 -8.366848e-03
    outer loop
      vertex -7.217880e+00 -1.476973e+01 1.126500e+01
      vertex -7.863186e+00 -1.475691e+01 1.093993e+01
      vertex -7.846728e+00 -1.475691e+01 1.090913e+01
    endloop
  endfacet
  facet normal -1.523291e-02 -9.998424e-01 -9.112986e-03
    outer loop
      vertex -7.217880e+00 -1.476973e+01 1.126500e+01
      vertex -7.846728e+00 -1.475691e+01 1.090913e+01
      vertex -7.828800e+00 -1.475691e+01 1.087916e+01
    endloop
  endfacet
  facet normal -1.477455e-02 -9.998425e-01 -9.838741e-03
    outer loop
      vertex -7.217880e+00 -1.476973e+01 1.126500e+01
      vertex -7.828800e+00 -1.475691e+01 1.087916e+01
      vertex -7.809444e+00 -1.475691e+01 1.085010e+01
    endloop
  endfacet
  facet normal -1.428218e-02 -9.998424e-01 -1.054075e-02
    outer loop
      vertex -7.217880e+00 -1.476973e+01 1.126500e+01
      vertex -7.809444e+00 -1.475691e+01 1.085010e+01
      vertex -7.788708e+00 -1.475691e+01 1.082200e+01
    endloop
  endfacet
  facet normal -1.375625e-02 -9.998424e-01 -1.121844e-02
    outer loop
      vertex -7.217880e+00 -1.476973e+01 1.126500e+01
      vertex -7.788708e+00 -1.475691e+01 1.082200e+01
      vertex -7.766640e+00 -1.475691e+01 1.079494e+01
    endloop
  endfacet
  facet normal -1.319799e-02 -9.998424e-01 -1.187017e-02
    outer loop
      vertex -7.217880e+00 -1.476973e+01 1.126500e+01
      vertex -7.766640e+00 -1.475691e+01 1.079494e+01
      vertex -7.743288e+00 -1.475691e+01 1.076898e+01
    endloop
  endfacet
  facet normal -1.260926e-02 -9.998424e-01 -1.249378e-02
    outer loop
      vertex -7.217880e+00 -1.476973e+01 1.126500e+01
      vertex -7.743288e+00 -1.475691e+01 1.076898e+01
      vertex -7.718709e+00 -1.475691e+01 1.074417e+01
    endloop
  endfacet
  facet normal -1.199078e-02 -9.998425e-01 -1.308852e-02
    outer loop
      vertex -7.217880e+00 -1.476973e+01 1.126500e+01
      vertex -7.718709e+00 -1.475691e+01 1.074417e+01
      vertex -7.692963e+00 -1.475691e+01 1.072058e+01
    endloop
  endfacet
  facet normal -1.134447e-02 -9.998424e-01 -1.365251e-02
    outer loop
      vertex -7.217880e+00 -1.476973e+01 1.126500e+01
      vertex -7.692963e+00 -1.475691e+01 1.072058e+01
      vertex -7.666104e+00 -1.475691e+01 1.069826e+01
    endloop
  endfacet
  facet normal -1.067155e-02 -9.998424e-01 -1.418472e-02
    outer loop
      vertex -7.217880e+00 -1.476973e+01 1.126500e+01
      vertex -7.666104e+00 -1.475691e+01 1.069826e+01
      vertex -7.638201e+00 -1.475691e+01 1.067727e+01
    endloop
  endfacet
  facet normal -9.973901e-03 -9.998425e-01 -1.468365e-02
    outer loop
      vertex -7.217880e+00 -1.476973e+01 1.126500e+01
      vertex -7.638201e+00 -1.475691e+01 1.067727e+01
      vertex -7.609314e+00 -1.475691e+01 1.065765e+01
    endloop
  endfacet
  facet normal -9.253137e-03 -9.998425e-01 -1.514819e-02
    outer loop
      vertex -7.217880e+00 -1.476973e+01 1.126500e+01
      vertex -7.609314e+00 -1.475691e+01 1.065765e+01
      vertex -7.579515e+00 -1.475691e+01 1.063945e+01
    endloop
  endfacet
  facet normal -8.509751e-03 -9.998424e-01 -1.557794e-02
    outer loop
      vertex -7.217880e+00 -1.476973e+01 1.126500e+01
      vertex -7.579515e+00 -1.475691e+01 1.063945e+01
      vertex -7.548870e+00 -1.475691e+01 1.062271e+01
    endloop
  endfacet
  facet normal -7.747571e-03 -9.998424e-01 -1.597071e-02
    outer loop
      vertex -7.217880e+00 -1.476973e+01 1.126500e+01
      vertex -7.548870e+00 -1.475691e+01 1.062271e+01
      vertex -7.517451e+00 -1.475691e+01 1.060747e+01
    endloop
  endfacet
  facet normal -6.966968e-03 -9.998424e-01 -1.632636e-02
    outer loop
      vertex -7.217880e+00 -1.476973e+01 1.126500e+01
      vertex -7.517451e+00 -1.475691e+01 1.060747e+01
      vertex -7.485333e+00 -1.475691e+01 1.059376e+01
    endloop
  endfacet
  facet normal -6.170461e-03 -9.998425e-01 -1.664372e-02
    outer loop
      vertex -7.217880e+00 -1.476973e+01 1.126500e+01
      vertex -7.485333e+00 -1.475691e+01 1.059376e+01
      vertex -7.452591e+00 -1.475691e+01 1.058162e+01
    endloop
  endfacet
  facet normal -5.358438e-03 -9.998424e-01 -1.692262e-02
    outer loop
      vertex -7.217880e+00 -1.476973e+01 1.126500e+01
      vertex -7.452591e+00 -1.475691e+01 1.058162e+01
      vertex -7.419303e+00 -1.475691e+01 1.057108e+01
    endloop
  endfacet
  facet normal -4.534693e-03 -9.998425e-01 -1.716173e-02
    outer loop
      vertex -7.217880e+00 -1.476973e+01 1.126500e+01
      vertex -7.419303e+00 -1.475691e+01 1.057108e+01
      vertex -7.385541e+00 -1.475691e+01 1.056216e+01
    endloop
  endfacet
  facet normal -3.700422e-03 -9.998424e-01 -1.736075e-02
    outer loop
      vertex -7.217880e+00 -1.476973e+01 1.126500e+01
      vertex -7.385541e+00 -1.475691e+01 1.056216e+01
      vertex -7.351389e+00 -1.475691e+01 1.055488e+01
    endloop
  endfacet
  facet normal -2.857480e-03 -9.998424e-01 -1.751923e-02
    outer loop
      vertex -7.217880e+00 -1.476973e+01 1.126500e+01
      vertex -7.351389e+00 -1.475691e+01 1.055488e+01
      vertex -7.316925e+00 -1.475691e+01 1.054926e+01
    endloop
  endfacet
  facet normal -2.007610e-03 -9.998425e-01 -1.763683e-02
    outer loop
      vertex -7.217880e+00 -1.476973e+01 1.126500e+01
      vertex -7.316925e+00 -1.475691e+01 1.054926e+01
      vertex -7.282230e+00 -1.475691e+01 1.054531e+01
    endloop
  endfacet
  facet normal -1.153577e-03 -9.998425e-01 -1.771320e-02
    outer loop
      vertex -7.217880e+00 -1.476973e+01 1.126500e+01
      vertex -7.282230e+00 -1.475691e+01 1.054531e+01
      vertex -7.247382e+00 -1.475691e+01 1.054304e+01
    endloop
  endfacet
  facet normal -2.955232e-04 -9.998425e-01 -1.774826e-02
    outer loop
      vertex -7.217880e+00 -1.476973e+01 1.126500e+01
      vertex -7.247382e+00 -1.475691e+01 1.054304e+01
      vertex -7.212468e+00 -1.475691e+01 1.054246e+01
    endloop
  endfacet
  facet normal 5.613863e-04 -9.998425e-01 -1.774184e-02
    outer loop
      vertex -7.217880e+00 -1.476973e+01 1.126500e+01
      vertex -7.212468e+00 -1.475691e+01 1.054246e+01
      vertex -7.177566e+00 -1.475691e+01 1.054356e+01
    endloop
  endfacet
  facet normal 1.418263e-03 -9.998424e-01 -1.769396e-02
    outer loop
      vertex -7.217880e+00 -1.476973e+01 1.126500e+01
      vertex -7.177566e+00 -1.475691e+01 1.054356e+01
      vertex -7.142757e+00 -1.475691e+01 1.054635e+01
    endloop
  endfacet
  facet normal 2.271713e-03 -9.998424e-01 -1.760475e-02
    outer loop
      vertex -7.217880e+00 -1.476973e+01 1.126500e+01
      vertex -7.142757e+00 -1.475691e+01 1.054635e+01
      vertex -7.108125e+00 -1.475691e+01 1.055082e+01
    endloop
  endfacet
  facet normal 3.119273e-03 -9.998424e-01 -1.747450e-02
    outer loop
      vertex -7.217880e+00 -1.476973e+01 1.126500e+01
      vertex -7.108125e+00 -1.475691e+01 1.055082e+01
      vertex -7.073751e+00 -1.475691e+01 1.055696e+01
    endloop
  endfacet
  facet normal 3.959928e-03 -9.998424e-01 -1.730338e-02
    outer loop
      vertex -7.217880e+00 -1.476973e+01 1.126500e+01
      vertex -7.073751e+00 -1.475691e+01 1.055696e+01
      vertex -7.039710e+00 -1.475691e+01 1.056475e+01
    endloop
  endfacet
  facet normal 4.791769e-03 -9.998424e-01 -1.709173e-02
    outer loop
      vertex -7.217880e+00 -1.476973e+01 1.126500e+01
      vertex -7.039710e+00 -1.475691e+01 1.056475e+01
      vertex -7.006086e+00 -1.475691e+01 1.057417e+01
    endloop
  endfacet
  facet normal 5.611442e-03 -9.998425e-01 -1.684043e-02
    outer loop
      vertex -7.217880e+00 -1.476973e+01 1.126500e+01
      vertex -7.006086e+00 -1.475691e+01 1.057417e+01
      vertex -6.972957e+00 -1.475691e+01 1.058521e+01
    endloop
  endfacet
  facet normal 6.418366e-03 -9.998424e-01 -1.654970e-02
    outer loop
      vertex -7.217880e+00 -1.476973e+01 1.126500e+01
      vertex -6.972957e+00 -1.475691e+01 1.058521e+01
      vertex -6.940401e+00 -1.475691e+01 1.059784e+01
    endloop
  endfacet
  facet normal 7.210706e-03 -9.998424e-01 -1.622016e-02
    outer loop
      vertex -7.217880e+00 -1.476973e+01 1.126500e+01
      vertex -6.940401e+00 -1.475691e+01 1.059784e+01
      vertex -6.908493e+00 -1.475691e+01 1.061203e+01
    endloop
  endfacet
  facet normal 7.986031e-03 -9.998424e-01 -1.585281e-02
    outer loop
      vertex -7.217880e+00 -1.476973e+01 1.126500e+01
      vertex -6.908493e+00 -1.475691e+01 1.061203e+01
      vertex -6.877308e+00 -1.475691e+01 1.062774e+01
    endloop
  endfacet
  facet normal 8.742472e-03 -9.998425e-01 -1.544854e-02
    outer loop
      vertex -7.217880e+00 -1.476973e+01 1.126500e+01
      vertex -6.877308e+00 -1.475691e+01 1.062774e+01
      vertex -6.846917e+00 -1.475691e+01 1.064494e+01
    endloop
  endfacet
  facet normal 9.478721e-03 -9.998425e-01 -1.500807e-02
    outer loop
      vertex -7.217880e+00 -1.476973e+01 1.126500e+01
      vertex -6.846917e+00 -1.475691e+01 1.064494e+01
      vertex -6.817392e+00 -1.475691e+01 1.066358e+01
    endloop
  endfacet
  facet normal 1.019276e-02 -9.998424e-01 -1.453259e-02
    outer loop
      vertex -7.217880e+00 -1.476973e+01 1.126500e+01
      vertex -6.817392e+00 -1.475691e+01 1.066358e+01
      vertex -6.788802e+00 -1.475691e+01 1.068363e+01
    endloop
  endfacet
  facet normal 1.088262e-02 -9.998424e-01 -1.402344e-02
    outer loop
      vertex -7.217880e+00 -1.476973e+01 1.126500e+01
      vertex -6.788802e+00 -1.475691e+01 1.068363e+01
      vertex -6.761217e+00 -1.475691e+01 1.070504e+01
    endloop
  endfacet
  facet normal 1.154765e-02 -9.998424e-01 -1.348109e-02
    outer loop
      vertex -7.217880e+00 -1.476973e+01 1.126500e+01
      vertex -6.761217e+00 -1.475691e+01 1.070504e+01
      vertex -6.734697e+00 -1.475691e+01 1.072776e+01
    endloop
  endfacet
  facet normal 1.218565e-02 -9.998425e-01 -1.290729e-02
    outer loop
      vertex -7.217880e+00 -1.476973e+01 1.126500e+01
      vertex -6.734697e+00 -1.475691e+01 1.072776e+01
      vertex -6.709305e+00 -1.475691e+01 1.075173e+01
    endloop
  endfacet
  facet normal 1.279475e-02 -9.998425e-01 -1.230376e-02
    outer loop
      vertex -7.217880e+00 -1.476973e+01 1.126500e+01
      vertex -6.709305e+00 -1.475691e+01 1.075173e+01
      vertex -6.685101e+00 -1.475691e+01 1.077690e+01
    endloop
  endfacet
  facet normal 1.337451e-02 -9.998425e-01 -1.167092e-02
    outer loop
      vertex -7.217880e+00 -1.476973e+01 1.126500e+01
      vertex -6.685101e+00 -1.475691e+01 1.077690e+01
      vertex -6.662142e+00 -1.475691e+01 1.080321e+01
    endloop
  endfacet
  facet normal 1.392252e-02 -9.998424e-01 -1.101143e-02
    outer loop
      vertex -7.217880e+00 -1.476973e+01 1.126500e+01
      vertex -6.662142e+00 -1.475691e+01 1.080321e+01
      vertex -6.640479e+00 -1.475691e+01 1.083060e+01
    endloop
  endfacet
  facet normal 1.443846e-02 -9.998425e-01 -1.032565e-02
    outer loop
      vertex -7.217880e+00 -1.476973e+01 1.126500e+01
      vertex -6.640479e+00 -1.475691e+01 1.083060e+01
      vertex -6.620166e+00 -1.475691e+01 1.085900e+01
    endloop
  endfacet
  facet normal 1.492023e-02 -9.998424e-01 -9.616382e-03
    outer loop
      vertex -7.217880e+00 -1.476973e+01 1.126500e+01
      vertex -6.620166e+00 -1.475691e+01 1.085900e+01
      vertex -6.601248e+00 -1.475691e+01 1.088835e+01
    endloop
  endfacet
  facet normal -6.058842e-02 -9.892789e-01 -1.328766e-01
    outer loop
      vertex -7.217880e+00 -1.476973e+01 1.126500e+01
      vertex -6.601248e+00 -1.475691e+01 1.088835e+01
      vertex -6.837363e+00 -1.476511e+01 1.105712e+01
    endloop
  endfacet
  facet normal -8.548388e-02 -9.954055e-01 4.313038e-02
    outer loop
      vertex -9.117006e+00 -1.465440e+01 1.230250e+01
      vertex -9.180795e+00 -1.465440e+01 1.217607e+01
      vertex -8.738214e+00 -1.469589e+01 1.209556e+01
    endloop
  endfacet
  facet normal -9.128480e-02 -9.957593e-01 1.142174e-02
    outer loop
      vertex -8.738214e+00 -1.469589e+01 1.209556e+01
      vertex -9.180795e+00 -1.465440e+01 1.217607e+01
      vertex -8.517264e+00 -1.471845e+01 1.189535e+01
    endloop
  endfacet
  facet normal -5.916535e-02 -9.971400e-01 4.702355e-02
    outer loop
      vertex -8.738214e+00 -1.469589e+01 1.209556e+01
      vertex -8.517264e+00 -1.471845e+01 1.189535e+01
      vertex -8.358735e+00 -1.472819e+01 1.188825e+01
    endloop
  endfacet
  facet normal 3.196556e-02 -9.981125e-01 -5.243647e-02
    outer loop
      vertex -6.077025e+00 -1.472819e+01 1.064175e+01
      vertex -6.457023e+00 -1.475127e+01 1.084934e+01
      vertex -5.985396e+00 -1.471845e+01 1.051218e+01
    endloop
  endfacet
  facet normal 2.054776e-02 -9.974502e-01 -6.834354e-02
    outer loop
      vertex -5.985396e+00 -1.471845e+01 1.051218e+01
      vertex -6.457023e+00 -1.475127e+01 1.084934e+01
      vertex -6.601248e+00 -1.475691e+01 1.088835e+01
    endloop
  endfacet
  facet normal 4.474756e-02 -9.985819e-01 -2.884024e-02
    outer loop
      vertex -5.985396e+00 -1.471845e+01 1.051218e+01
      vertex -6.601248e+00 -1.475691e+01 1.088835e+01
      vertex -6.023208e+00 -1.471845e+01 1.045352e+01
    endloop
  endfacet
  facet normal 4.474732e-02 -9.985819e-01 -2.884053e-02
    outer loop
      vertex -6.023208e+00 -1.471845e+01 1.045352e+01
      vertex -6.601248e+00 -1.475691e+01 1.088835e+01
      vertex -6.620166e+00 -1.475691e+01 1.085900e+01
    endloop
  endfacet
  facet normal 4.330220e-02 -9.985819e-01 -3.096806e-02
    outer loop
      vertex -6.023208e+00 -1.471845e+01 1.045352e+01
      vertex -6.620166e+00 -1.475691e+01 1.085900e+01
      vertex -6.063807e+00 -1.471845e+01 1.039675e+01
    endloop
  endfacet
  facet normal 4.330248e-02 -9.985819e-01 -3.096773e-02
    outer loop
      vertex -6.063807e+00 -1.471845e+01 1.039675e+01
      vertex -6.620166e+00 -1.475691e+01 1.085900e+01
      vertex -6.640479e+00 -1.475691e+01 1.083060e+01
    endloop
  endfacet
  facet normal 4.175569e-02 -9.985819e-01 -3.302371e-02
    outer loop
      vertex -6.063807e+00 -1.471845e+01 1.039675e+01
      vertex -6.640479e+00 -1.475691e+01 1.083060e+01
      vertex -6.107103e+00 -1.471845e+01 1.034200e+01
    endloop
  endfacet
  facet normal 4.175506e-02 -9.985819e-01 -3.302439e-02
    outer loop
      vertex -6.107103e+00 -1.471845e+01 1.034200e+01
      vertex -6.640479e+00 -1.475691e+01 1.083060e+01
      vertex -6.662142e+00 -1.475691e+01 1.080321e+01
    endloop
  endfacet
  facet normal 4.011087e-02 -9.985819e-01 -3.500307e-02
    outer loop
      vertex -6.107103e+00 -1.471845e+01 1.034200e+01
      vertex -6.662142e+00 -1.475691e+01 1.080321e+01
      vertex -6.152994e+00 -1.471845e+01 1.028941e+01
    endloop
  endfacet
  facet normal 4.011162e-02 -9.985819e-01 -3.500235e-02
    outer loop
      vertex -6.152994e+00 -1.471845e+01 1.028941e+01
      vertex -6.662142e+00 -1.475691e+01 1.080321e+01
      vertex -6.685101e+00 -1.475691e+01 1.077690e+01
    endloop
  endfacet
  facet normal 3.837326e-02 -9.985819e-01 -3.689982e-02
    outer loop
      vertex -6.152994e+00 -1.471845e+01 1.028941e+01
      vertex -6.685101e+00 -1.475691e+01 1.077690e+01
      vertex -6.201372e+00 -1.471845e+01 1.023911e+01
    endloop
  endfacet
  facet normal 3.837277e-02 -9.985819e-01 -3.690025e-02
    outer loop
      vertex -6.201372e+00 -1.471845e+01 1.023911e+01
      vertex -6.685101e+00 -1.475691e+01 1.077690e+01
      vertex -6.709305e+00 -1.475691e+01 1.075173e+01
    endloop
  endfacet
  facet normal 3.654577e-02 -9.985819e-01 -3.871055e-02
    outer loop
      vertex -6.201372e+00 -1.471845e+01 1.023911e+01
      vertex -6.709305e+00 -1.475691e+01 1.075173e+01
      vertex -6.252123e+00 -1.471845e+01 1.019119e+01
    endloop
  endfacet
  facet normal 3.654605e-02 -9.985819e-01 -3.871033e-02
    outer loop
      vertex -6.252123e+00 -1.471845e+01 1.019119e+01
      vertex -6.709305e+00 -1.475691e+01 1.075173e+01
      vertex -6.734697e+00 -1.475691e+01 1.072776e+01
    endloop
  endfacet
  facet normal 3.463284e-02 -9.985819e-01 -4.043102e-02
    outer loop
      vertex -6.252123e+00 -1.471845e+01 1.019119e+01
      vertex -6.734697e+00 -1.475691e+01 1.072776e+01
      vertex -6.305130e+00 -1.471845e+01 1.014579e+01
    endloop
  endfacet
  facet normal 3.463262e-02 -9.985819e-01 -4.043118e-02
    outer loop
      vertex -6.305130e+00 -1.471845e+01 1.014579e+01
      vertex -6.734697e+00 -1.475691e+01 1.072776e+01
      vertex -6.761217e+00 -1.475691e+01 1.070504e+01
    endloop
  endfacet
  facet normal 3.263868e-02 -9.985819e-01 -4.205731e-02
    outer loop
      vertex -6.305130e+00 -1.471845e+01 1.014579e+01
      vertex -6.761217e+00 -1.475691e+01 1.070504e+01
      vertex -6.360267e+00 -1.471845e+01 1.010300e+01
    endloop
  endfacet
  facet normal 3.263807e-02 -9.985819e-01 -4.205771e-02
    outer loop
      vertex -6.360267e+00 -1.471845e+01 1.010300e+01
      vertex -6.761217e+00 -1.475691e+01 1.070504e+01
      vertex -6.788802e+00 -1.475691e+01 1.068363e+01
    endloop
  endfacet
  facet normal 3.056898e-02 -9.985819e-01 -4.358480e-02
    outer loop
      vertex -6.360267e+00 -1.471845e+01 1.010300e+01
      vertex -6.788802e+00 -1.475691e+01 1.068363e+01
      vertex -6.417411e+00 -1.471845e+01 1.006292e+01
    endloop
  endfacet
  facet normal 3.056913e-02 -9.985819e-01 -4.358469e-02
    outer loop
      vertex -6.417411e+00 -1.471845e+01 1.006292e+01
      vertex -6.788802e+00 -1.475691e+01 1.068363e+01
      vertex -6.817392e+00 -1.475691e+01 1.066358e+01
    endloop
  endfacet
  facet normal 2.842754e-02 -9.985819e-01 -4.501079e-02
    outer loop
      vertex -6.417411e+00 -1.471845e+01 1.006292e+01
      vertex -6.817392e+00 -1.475691e+01 1.066358e+01
      vertex -6.476421e+00 -1.471845e+01 1.002565e+01
    endloop
  endfacet
  facet normal 2.842765e-02 -9.985819e-01 -4.501073e-02
    outer loop
      vertex -6.476421e+00 -1.471845e+01 1.002565e+01
      vertex -6.817392e+00 -1.475691e+01 1.066358e+01
      vertex -6.846917e+00 -1.475691e+01 1.064494e+01
    endloop
  endfacet
  facet normal 2.621935e-02 -9.985819e-01 -4.633188e-02
    outer loop
      vertex -6.476421e+00 -1.471845e+01 1.002565e+01
      vertex -6.846917e+00 -1.475691e+01 1.064494e+01
      vertex -6.537165e+00 -1.471845e+01 9.991275e+00
    endloop
  endfacet
  facet normal 2.621957e-02 -9.985819e-01 -4.633177e-02
    outer loop
      vertex -6.537165e+00 -1.471845e+01 9.991275e+00
      vertex -6.846917e+00 -1.475691e+01 1.064494e+01
      vertex -6.877308e+00 -1.475691e+01 1.062774e+01
    endloop
  endfacet
  facet normal 2.395050e-02 -9.985819e-01 -4.754443e-02
    outer loop
      vertex -6.537165e+00 -1.471845e+01 9.991275e+00
      vertex -6.877308e+00 -1.475691e+01 1.062774e+01
      vertex -6.599496e+00 -1.471845e+01 9.959874e+00
    endloop
  endfacet
  facet normal 2.395095e-02 -9.985819e-01 -4.754425e-02
    outer loop
      vertex -6.599496e+00 -1.471845e+01 9.959874e+00
      vertex -6.877308e+00 -1.475691e+01 1.062774e+01
      vertex -6.908493e+00 -1.475691e+01 1.061203e+01
    endloop
  endfacet
  facet normal 2.162535e-02 -9.985819e-01 -4.864615e-02
    outer loop
      vertex -6.599496e+00 -1.471845e+01 9.959874e+00
      vertex -6.908493e+00 -1.475691e+01 1.061203e+01
      vertex -6.663273e+00 -1.471845e+01 9.931524e+00
    endloop
  endfacet
  facet normal 2.162568e-02 -9.985819e-01 -4.864602e-02
    outer loop
      vertex -6.663273e+00 -1.471845e+01 9.931524e+00
      vertex -6.908493e+00 -1.475691e+01 1.061203e+01
      vertex -6.940401e+00 -1.475691e+01 1.059784e+01
    endloop
  endfacet
  facet normal 1.925009e-02 -9.985819e-01 -4.963404e-02
    outer loop
      vertex -6.663273e+00 -1.471845e+01 9.931524e+00
      vertex -6.940401e+00 -1.475691e+01 1.059784e+01
      vertex -6.728346e+00 -1.471845e+01 9.906285e+00
    endloop
  endfacet
  facet normal 1.924934e-02 -9.985819e-01 -4.963428e-02
    outer loop
      vertex -6.728346e+00 -1.471845e+01 9.906285e+00
      vertex -6.940401e+00 -1.475691e+01 1.059784e+01
      vertex -6.972957e+00 -1.475691e+01 1.058521e+01
    endloop
  endfacet
  facet normal 1.682942e-02 -9.985819e-01 -5.050616e-02
    outer loop
      vertex -6.728346e+00 -1.471845e+01 9.906285e+00
      vertex -6.972957e+00 -1.475691e+01 1.058521e+01
      vertex -6.794562e+00 -1.471845e+01 9.884223e+00
    endloop
  endfacet
  facet normal 1.682929e-02 -9.985819e-01 -5.050619e-02
    outer loop
      vertex -6.794562e+00 -1.471845e+01 9.884223e+00
      vertex -6.972957e+00 -1.475691e+01 1.058521e+01
      vertex -7.006086e+00 -1.475691e+01 1.057417e+01
    endloop
  endfacet
  facet normal 1.437050e-02 -9.985819e-01 -5.125999e-02
    outer loop
      vertex -6.794562e+00 -1.471845e+01 9.884223e+00
      vertex -7.006086e+00 -1.475691e+01 1.057417e+01
      vertex -6.861764e+00 -1.471845e+01 9.865383e+00
    endloop
  endfacet
  facet normal 1.437102e-02 -9.985819e-01 -5.125989e-02
    outer loop
      vertex -6.861764e+00 -1.471845e+01 9.865383e+00
      vertex -7.006086e+00 -1.475691e+01 1.057417e+01
      vertex -7.039710e+00 -1.475691e+01 1.056475e+01
    endloop
  endfacet
  facet normal 1.187580e-02 -9.985819e-01 -5.189477e-02
    outer loop
      vertex -6.861764e+00 -1.471845e+01 9.865383e+00
      vertex -7.039710e+00 -1.475691e+01 1.056475e+01
      vertex -6.929802e+00 -1.471845e+01 9.849813e+00
    endloop
  endfacet
  facet normal 1.187625e-02 -9.985819e-01 -5.189470e-02
    outer loop
      vertex -6.929802e+00 -1.471845e+01 9.849813e+00
      vertex -7.039710e+00 -1.475691e+01 1.056475e+01
      vertex -7.073751e+00 -1.475691e+01 1.055696e+01
    endloop
  endfacet
  facet normal 9.355771e-03 -9.985819e-01 -5.240777e-02
    outer loop
      vertex -6.929802e+00 -1.471845e+01 9.849813e+00
      vertex -7.073751e+00 -1.475691e+01 1.055696e+01
      vertex -6.998511e+00 -1.471845e+01 9.837546e+00
    endloop
  endfacet
  facet normal 9.355024e-03 -9.985819e-01 -5.240784e-02
    outer loop
      vertex -6.998511e+00 -1.471845e+01 9.837546e+00
      vertex -7.073751e+00 -1.475691e+01 1.055696e+01
      vertex -7.108125e+00 -1.475691e+01 1.055082e+01
    endloop
  endfacet
  facet normal 6.812108e-03 -9.985819e-01 -5.279863e-02
    outer loop
      vertex -6.998511e+00 -1.471845e+01 9.837546e+00
      vertex -7.108125e+00 -1.475691e+01 1.055082e+01
      vertex -7.067733e+00 -1.471845e+01 9.828615e+00
    endloop
  endfacet
  facet normal 6.813115e-03 -9.985819e-01 -5.279859e-02
    outer loop
      vertex -7.067733e+00 -1.471845e+01 9.828615e+00
      vertex -7.108125e+00 -1.475691e+01 1.055082e+01
      vertex -7.142757e+00 -1.475691e+01 1.054635e+01
    endloop
  endfacet
  facet normal 4.253635e-03 -9.985819e-01 -5.306612e-02
    outer loop
      vertex -7.067733e+00 -1.471845e+01 9.828615e+00
      vertex -7.142757e+00 -1.475691e+01 1.054635e+01
      vertex -7.137306e+00 -1.471845e+01 9.823038e+00
    endloop
  endfacet
  facet normal 4.253525e-03 -9.985819e-01 -5.306613e-02
    outer loop
      vertex -7.137306e+00 -1.471845e+01 9.823038e+00
      vertex -7.142757e+00 -1.475691e+01 1.054635e+01
      vertex -7.177566e+00 -1.475691e+01 1.054356e+01
    endloop
  endfacet
  facet normal 1.685564e-03 -9.985819e-01 -5.320961e-02
    outer loop
      vertex -7.137306e+00 -1.471845e+01 9.823038e+00
      vertex -7.177566e+00 -1.475691e+01 1.054356e+01
      vertex -7.207065e+00 -1.471845e+01 9.820830e+00
    endloop
  endfacet
  facet normal 1.683653e-03 -9.985819e-01 -5.320954e-02
    outer loop
      vertex -7.207065e+00 -1.471845e+01 9.820830e+00
      vertex -7.177566e+00 -1.475691e+01 1.054356e+01
      vertex -7.212468e+00 -1.475691e+01 1.054246e+01
    endloop
  endfacet
  facet normal -8.886089e-04 -9.985819e-01 -5.322881e-02
    outer loop
      vertex -7.207065e+00 -1.471845e+01 9.820830e+00
      vertex -7.212468e+00 -1.475691e+01 1.054246e+01
      vertex -7.276851e+00 -1.471845e+01 9.821994e+00
    endloop
  endfacet
  facet normal -8.863070e-04 -9.985819e-01 -5.322902e-02
    outer loop
      vertex -7.276851e+00 -1.471845e+01 9.821994e+00
      vertex -7.212468e+00 -1.475691e+01 1.054246e+01
      vertex -7.247382e+00 -1.475691e+01 1.054304e+01
    endloop
  endfacet
  facet normal -3.458434e-03 -9.985819e-01 -5.312390e-02
    outer loop
      vertex -7.276851e+00 -1.471845e+01 9.821994e+00
      vertex -7.247382e+00 -1.475691e+01 1.054304e+01
      vertex -7.346499e+00 -1.471845e+01 9.826527e+00
    endloop
  endfacet
  facet normal -3.459699e-03 -9.985819e-01 -5.312373e-02
    outer loop
      vertex -7.346499e+00 -1.471845e+01 9.826527e+00
      vertex -7.247382e+00 -1.475691e+01 1.054304e+01
      vertex -7.282230e+00 -1.475691e+01 1.054531e+01
    endloop
  endfacet
  facet normal -6.020400e-03 -9.985819e-01 -5.289476e-02
    outer loop
      vertex -7.346499e+00 -1.471845e+01 9.826527e+00
      vertex -7.282230e+00 -1.475691e+01 1.054531e+01
      vertex -7.415844e+00 -1.471845e+01 9.834420e+00
    endloop
  endfacet
  facet normal -6.021025e-03 -9.985819e-01 -5.289463e-02
    outer loop
      vertex -7.415844e+00 -1.471845e+01 9.834420e+00
      vertex -7.282230e+00 -1.475691e+01 1.054531e+01
      vertex -7.316925e+00 -1.475691e+01 1.054926e+01
    endloop
  endfacet
  facet normal -8.570109e-03 -9.985819e-01 -5.254190e-02
    outer loop
      vertex -7.415844e+00 -1.471845e+01 9.834420e+00
      vertex -7.316925e+00 -1.475691e+01 1.054926e+01
      vertex -7.484730e+00 -1.471845e+01 9.845658e+00
    endloop
  endfacet
  facet normal -8.569875e-03 -9.985819e-01 -5.254195e-02
    outer loop
      vertex -7.484730e+00 -1.471845e+01 9.845658e+00
      vertex -7.316925e+00 -1.475691e+01 1.054926e+01
      vertex -7.351389e+00 -1.475691e+01 1.055488e+01
    endloop
  endfacet
  facet normal -1.109803e-02 -9.985819e-01 -5.206662e-02
    outer loop
      vertex -7.484730e+00 -1.471845e+01 9.845658e+00
      vertex -7.351389e+00 -1.475691e+01 1.055488e+01
      vertex -7.552992e+00 -1.471845e+01 9.860208e+00
    endloop
  endfacet
  facet normal -1.109794e-02 -9.985819e-01 -5.206666e-02
    outer loop
      vertex -7.552992e+00 -1.471845e+01 9.860208e+00
      vertex -7.351389e+00 -1.475691e+01 1.055488e+01
      vertex -7.385541e+00 -1.475691e+01 1.056216e+01
    endloop
  endfacet
  facet normal -1.359982e-02 -9.985819e-01 -5.146983e-02
    outer loop
      vertex -7.552992e+00 -1.471845e+01 9.860208e+00
      vertex -7.385541e+00 -1.475691e+01 1.056216e+01
      vertex -7.620471e+00 -1.471845e+01 9.878036e+00
    endloop
  endfacet
  facet normal -1.360000e-02 -9.985819e-01 -5.146977e-02
    outer loop
      vertex -7.620471e+00 -1.471845e+01 9.878036e+00
      vertex -7.385541e+00 -1.475691e+01 1.056216e+01
      vertex -7.419303e+00 -1.475691e+01 1.057108e+01
    endloop
  endfacet
  facet normal -1.607174e-02 -9.985819e-01 -5.075230e-02
    outer loop
      vertex -7.620471e+00 -1.471845e+01 9.878036e+00
      vertex -7.419303e+00 -1.475691e+01 1.057108e+01
      vertex -7.687011e+00 -1.471845e+01 9.899106e+00
    endloop
  endfacet
  facet normal -1.607054e-02 -9.985819e-01 -5.075279e-02
    outer loop
      vertex -7.687011e+00 -1.471845e+01 9.899106e+00
      vertex -7.419303e+00 -1.475691e+01 1.057108e+01
      vertex -7.452591e+00 -1.475691e+01 1.058162e+01
    endloop
  endfacet
  facet normal -1.850460e-02 -9.985819e-01 -4.991677e-02
    outer loop
      vertex -7.687011e+00 -1.471845e+01 9.899106e+00
      vertex -7.452591e+00 -1.475691e+01 1.058162e+01
      vertex -7.752453e+00 -1.471845e+01 9.923367e+00
    endloop
  endfacet
  facet normal -1.850584e-02 -9.985819e-01 -4.991622e-02
    outer loop
      vertex -7.752453e+00 -1.471845e+01 9.923367e+00
      vertex -7.452591e+00 -1.475691e+01 1.058162e+01
      vertex -7.485333e+00 -1.475691e+01 1.059376e+01
    endloop
  endfacet
  facet normal -2.089459e-02 -9.985819e-01 -4.896442e-02
    outer loop
      vertex -7.752453e+00 -1.471845e+01 9.923367e+00
      vertex -7.485333e+00 -1.475691e+01 1.059376e+01
      vertex -7.816647e+00 -1.471845e+01 9.950760e+00
    endloop
  endfacet
  facet normal -2.089464e-02 -9.985819e-01 -4.896440e-02
    outer loop
      vertex -7.816647e+00 -1.471845e+01 9.950760e+00
      vertex -7.485333e+00 -1.475691e+01 1.059376e+01
      vertex -7.517451e+00 -1.475691e+01 1.060747e+01
    endloop
  endfacet
  facet normal -2.323573e-02 -9.985819e-01 -4.789778e-02
    outer loop
      vertex -7.816647e+00 -1.471845e+01 9.950760e+00
      vertex -7.517451e+00 -1.475691e+01 1.060747e+01
      vertex -7.879443e+00 -1.471845e+01 9.981224e+00
    endloop
  endfacet
  facet normal -2.323575e-02 -9.985819e-01 -4.789778e-02
    outer loop
      vertex -7.879443e+00 -1.471845e+01 9.981224e+00
      vertex -7.517451e+00 -1.475691e+01 1.060747e+01
      vertex -7.548870e+00 -1.475691e+01 1.062271e+01
    endloop
  endfacet
  facet normal -2.552267e-02 -9.985819e-01 -4.671926e-02
    outer loop
      vertex -7.879443e+00 -1.471845e+01 9.981224e+00
      vertex -7.548870e+00 -1.475691e+01 1.062271e+01
      vertex -7.940694e+00 -1.471845e+01 1.001469e+01
    endloop
  endfacet
  facet normal -2.552165e-02 -9.985819e-01 -4.671991e-02
    outer loop
      vertex -7.940694e+00 -1.471845e+01 1.001469e+01
      vertex -7.548870e+00 -1.475691e+01 1.062271e+01
      vertex -7.579515e+00 -1.475691e+01 1.063945e+01
    endloop
  endfacet
  facet normal -2.775021e-02 -9.985819e-01 -4.543158e-02
    outer loop
      vertex -7.940694e+00 -1.471845e+01 1.001469e+01
      vertex -7.579515e+00 -1.475691e+01 1.063945e+01
      vertex -8.000256e+00 -1.471845e+01 1.005107e+01
    endloop
  endfacet
  facet normal -2.775109e-02 -9.985819e-01 -4.543094e-02
    outer loop
      vertex -8.000256e+00 -1.471845e+01 1.005107e+01
      vertex -7.579515e+00 -1.475691e+01 1.063945e+01
      vertex -7.609314e+00 -1.475691e+01 1.065765e+01
    endloop
  endfacet
  facet normal -2.991258e-02 -9.985819e-01 -4.403787e-02
    outer loop
      vertex -8.000256e+00 -1.471845e+01 1.005107e+01
      vertex -7.609314e+00 -1.475691e+01 1.065765e+01
      vertex -8.057994e+00 -1.471845e+01 1.009028e+01
    endloop
  endfacet
  facet normal -2.991273e-02 -9.985819e-01 -4.403776e-02
    outer loop
      vertex -8.057994e+00 -1.471845e+01 1.009028e+01
      vertex -7.609314e+00 -1.475691e+01 1.065765e+01
      vertex -7.638201e+00 -1.475691e+01 1.067727e+01
    endloop
  endfacet
  facet normal -3.200559e-02 -9.985819e-01 -4.254101e-02
    outer loop
      vertex -8.057994e+00 -1.471845e+01 1.009028e+01
      vertex -7.638201e+00 -1.475691e+01 1.067727e+01
      vertex -8.113767e+00 -1.471845e+01 1.013225e+01
    endloop
  endfacet
  facet normal -3.200511e-02 -9.985819e-01 -4.254146e-02
    outer loop
      vertex -8.113767e+00 -1.471845e+01 1.013225e+01
      vertex -7.638201e+00 -1.475691e+01 1.067727e+01
      vertex -7.666104e+00 -1.475691e+01 1.069826e+01
    endloop
  endfacet
  facet normal -3.402321e-02 -9.985819e-01 -4.094534e-02
    outer loop
      vertex -8.113767e+00 -1.471845e+01 1.013225e+01
      vertex -7.666104e+00 -1.475691e+01 1.069826e+01
      vertex -8.167446e+00 -1.471845e+01 1.017685e+01
    endloop
  endfacet
  facet normal -3.402324e-02 -9.985819e-01 -4.094532e-02
    outer loop
      vertex -8.167446e+00 -1.471845e+01 1.017685e+01
      vertex -7.666104e+00 -1.475691e+01 1.069826e+01
      vertex -7.692963e+00 -1.475691e+01 1.072058e+01
    endloop
  endfacet
  facet normal -3.596212e-02 -9.985819e-01 -3.925335e-02
    outer loop
      vertex -8.167446e+00 -1.471845e+01 1.017685e+01
      vertex -7.692963e+00 -1.475691e+01 1.072058e+01
      vertex -8.218911e+00 -1.471845e+01 1.022400e+01
    endloop
  endfacet
  facet normal -3.596164e-02 -9.985819e-01 -3.925387e-02
    outer loop
      vertex -8.218911e+00 -1.471845e+01 1.022400e+01
      vertex -7.692963e+00 -1.475691e+01 1.072058e+01
      vertex -7.718709e+00 -1.475691e+01 1.074417e+01
    endloop
  endfacet
  facet normal -3.781619e-02 -9.985819e-01 -3.747052e-02
    outer loop
      vertex -8.218911e+00 -1.471845e+01 1.022400e+01
      vertex -7.718709e+00 -1.475691e+01 1.074417e+01
      vertex -8.268036e+00 -1.471845e+01 1.027358e+01
    endloop
  endfacet
  facet normal -3.781649e-02 -9.985819e-01 -3.747017e-02
    outer loop
      vertex -8.268036e+00 -1.471845e+01 1.027358e+01
      vertex -7.718709e+00 -1.475691e+01 1.074417e+01
      vertex -7.743288e+00 -1.475691e+01 1.076898e+01
    endloop
  endfacet
  facet normal -3.958231e-02 -9.985819e-01 -3.559973e-02
    outer loop
      vertex -8.268036e+00 -1.471845e+01 1.027358e+01
      vertex -7.743288e+00 -1.475691e+01 1.076898e+01
      vertex -8.314707e+00 -1.471845e+01 1.032547e+01
    endloop
  endfacet
  facet normal -3.958220e-02 -9.985819e-01 -3.559989e-02
    outer loop
      vertex -8.314707e+00 -1.471845e+01 1.032547e+01
      vertex -7.743288e+00 -1.475691e+01 1.076898e+01
      vertex -7.766640e+00 -1.475691e+01 1.079494e+01
    endloop
  endfacet
  facet normal -4.125648e-02 -9.985819e-01 -3.364528e-02
    outer loop
      vertex -8.314707e+00 -1.471845e+01 1.032547e+01
      vertex -7.766640e+00 -1.475691e+01 1.079494e+01
      vertex -8.358819e+00 -1.471845e+01 1.037956e+01
    endloop
  endfacet
  facet normal -4.125647e-02 -9.985819e-01 -3.364529e-02
    outer loop
      vertex -8.358819e+00 -1.471845e+01 1.037956e+01
      vertex -7.766640e+00 -1.475691e+01 1.079494e+01
      vertex -7.788708e+00 -1.475691e+01 1.082200e+01
    endloop
  endfacet
  facet normal -4.283329e-02 -9.985819e-01 -3.161346e-02
    outer loop
      vertex -8.358819e+00 -1.471845e+01 1.037956e+01
      vertex -7.788708e+00 -1.475691e+01 1.082200e+01
      vertex -8.400267e+00 -1.471845e+01 1.043572e+01
    endloop
  endfacet
  facet normal -4.283373e-02 -9.985819e-01 -3.161279e-02
    outer loop
      vertex -8.400267e+00 -1.471845e+01 1.043572e+01
      vertex -7.788708e+00 -1.475691e+01 1.082200e+01
      vertex -7.809444e+00 -1.475691e+01 1.085010e+01
    endloop
  endfacet
  facet normal -4.431093e-02 -9.985819e-01 -2.950658e-02
    outer loop
      vertex -8.400267e+00 -1.471845e+01 1.043572e+01
      vertex -7.809444e+00 -1.475691e+01 1.085010e+01
      vertex -8.438949e+00 -1.471845e+01 1.049381e+01
    endloop
  endfacet
  facet normal -4.431045e-02 -9.985819e-01 -2.950745e-02
    outer loop
      vertex -8.438949e+00 -1.471845e+01 1.049381e+01
      vertex -7.809444e+00 -1.475691e+01 1.085010e+01
      vertex -7.828800e+00 -1.475691e+01 1.087916e+01
    endloop
  endfacet
  facet normal -4.568484e-02 -9.985819e-01 -2.733129e-02
    outer loop
      vertex -8.438949e+00 -1.471845e+01 1.049381e+01
      vertex -7.828800e+00 -1.475691e+01 1.087916e+01
      vertex -8.474784e+00 -1.471845e+01 1.055371e+01
    endloop
  endfacet
  facet normal -4.568508e-02 -9.985819e-01 -2.733079e-02
    outer loop
      vertex -8.474784e+00 -1.471845e+01 1.055371e+01
      vertex -7.828800e+00 -1.475691e+01 1.087916e+01
      vertex -7.846728e+00 -1.475691e+01 1.090913e+01
    endloop
  endfacet
  facet normal -4.695177e-02 -9.985819e-01 -2.509250e-02
    outer loop
      vertex -8.474784e+00 -1.471845e+01 1.055371e+01
      vertex -7.846728e+00 -1.475691e+01 1.090913e+01
      vertex -8.507679e+00 -1.471845e+01 1.061526e+01
    endloop
  endfacet
  facet normal -4.695150e-02 -9.985819e-01 -2.509308e-02
    outer loop
      vertex -8.507679e+00 -1.471845e+01 1.061526e+01
      vertex -7.846728e+00 -1.475691e+01 1.090913e+01
      vertex -7.863186e+00 -1.475691e+01 1.093993e+01
    endloop
  endfacet
  facet normal -4.810916e-02 -9.985819e-01 -2.279499e-02
    outer loop
      vertex -8.507679e+00 -1.471845e+01 1.061526e+01
      vertex -7.863186e+00 -1.475691e+01 1.093993e+01
      vertex -8.537565e+00 -1.471845e+01 1.067834e+01
    endloop
  endfacet
  facet normal -4.810948e-02 -9.985819e-01 -2.279420e-02
    outer loop
      vertex -8.537565e+00 -1.471845e+01 1.067834e+01
      vertex -7.863186e+00 -1.475691e+01 1.093993e+01
      vertex -7.878138e+00 -1.475691e+01 1.097148e+01
    endloop
  endfacet
  facet normal -4.915443e-02 -9.985819e-01 -2.044362e-02
    outer loop
      vertex -8.537565e+00 -1.471845e+01 1.067834e+01
      vertex -7.878138e+00 -1.475691e+01 1.097148e+01
      vertex -8.564367e+00 -1.471845e+01 1.074278e+01
    endloop
  endfacet
  facet normal -4.915434e-02 -9.985819e-01 -2.044390e-02
    outer loop
      vertex -8.564367e+00 -1.471845e+01 1.074278e+01
      vertex -7.878138e+00 -1.475691e+01 1.097148e+01
      vertex -7.891548e+00 -1.475691e+01 1.100372e+01
    endloop
  endfacet
  facet normal -5.008478e-02 -9.985819e-01 -1.804486e-02
    outer loop
      vertex -8.564367e+00 -1.471845e+01 1.074278e+01
      vertex -7.891548e+00 -1.475691e+01 1.100372e+01
      vertex -8.588025e+00 -1.471845e+01 1.080844e+01
    endloop
  endfacet
  facet normal -5.008465e-02 -9.985819e-01 -1.804527e-02
    outer loop
      vertex -8.588025e+00 -1.471845e+01 1.080844e+01
      vertex -7.891548e+00 -1.475691e+01 1.100372e+01
      vertex -7.903383e+00 -1.475691e+01 1.103658e+01
    endloop
  endfacet
  facet normal -5.089800e-02 -9.985819e-01 -1.560442e-02
    outer loop
      vertex -8.588025e+00 -1.471845e+01 1.080844e+01
      vertex -7.903383e+00 -1.475691e+01 1.103658e+01
      vertex -8.608482e+00 -1.471845e+01 1.087517e+01
    endloop
  endfacet
  facet normal -5.089816e-02 -9.985819e-01 -1.560373e-02
    outer loop
      vertex -8.608482e+00 -1.471845e+01 1.087517e+01
      vertex -7.903383e+00 -1.475691e+01 1.103658e+01
      vertex -7.913619e+00 -1.475691e+01 1.106996e+01
    endloop
  endfacet
  facet normal -5.159238e-02 -9.985819e-01 -1.312724e-02
    outer loop
      vertex -8.608482e+00 -1.471845e+01 1.087517e+01
      vertex -7.913619e+00 -1.475691e+01 1.106996e+01
      vertex -8.625693e+00 -1.471845e+01 1.094281e+01
    endloop
  endfacet
  facet normal -5.159241e-02 -9.985819e-01 -1.312709e-02
    outer loop
      vertex -8.625693e+00 -1.471845e+01 1.094281e+01
      vertex -7.913619e+00 -1.475691e+01 1.106996e+01
      vertex -7.922229e+00 -1.475691e+01 1.110380e+01
    endloop
  endfacet
  facet normal -5.216649e-02 -9.985819e-01 -1.061870e-02
    outer loop
      vertex -8.625693e+00 -1.471845e+01 1.094281e+01
      vertex -7.922229e+00 -1.475691e+01 1.110380e+01
      vertex -8.639616e+00 -1.471845e+01 1.101120e+01
    endloop
  endfacet
  facet normal -5.216642e-02 -9.985819e-01 -1.061909e-02
    outer loop
      vertex -8.639616e+00 -1.471845e+01 1.101120e+01
      vertex -7.922229e+00 -1.475691e+01 1.110380e+01
      vertex -7.929195e+00 -1.475691e+01 1.113802e+01
    endloop
  endfacet
  facet normal -5.261851e-02 -9.985819e-01 -8.086561e-03
    outer loop
      vertex -8.639616e+00 -1.471845e+01 1.101120e+01
      vertex -7.929195e+00 -1.475691e+01 1.113802e+01
      vertex -8.650218e+00 -1.471845e+01 1.108019e+01
    endloop
  endfacet
  facet normal -5.261851e-02 -9.985819e-01 -8.086700e-03
    outer loop
      vertex -8.650218e+00 -1.471845e+01 1.108019e+01
      vertex -7.929195e+00 -1.475691e+01 1.113802e+01
      vertex -7.934499e+00 -1.475691e+01 1.117254e+01
    endloop
  endfacet
  facet normal -5.294779e-02 -9.985819e-01 -5.534654e-03
    outer loop
      vertex -8.650218e+00 -1.471845e+01 1.108019e+01
      vertex -7.934499e+00 -1.475691e+01 1.117254e+01
      vertex -8.657472e+00 -1.471845e+01 1.114961e+01
    endloop
  endfacet
  facet normal -5.294780e-02 -9.985819e-01 -5.534152e-03
    outer loop
      vertex -8.657472e+00 -1.471845e+01 1.114961e+01
      vertex -7.934499e+00 -1.475691e+01 1.117254e+01
      vertex -7.938129e+00 -1.475691e+01 1.120727e+01
    endloop
  endfacet
  facet normal -5.315334e-02 -9.985819e-01 -2.970034e-03
    outer loop
      vertex -8.657472e+00 -1.471845e+01 1.114961e+01
      vertex -7.938129e+00 -1.475691e+01 1.120727e+01
      vertex -8.661366e+00 -1.471845e+01 1.121929e+01
    endloop
  endfacet
  facet normal -5.315335e-02 -9.985819e-01 -2.970313e-03
    outer loop
      vertex -8.661366e+00 -1.471845e+01 1.121929e+01
      vertex -7.938129e+00 -1.475691e+01 1.120727e+01
      vertex -7.940079e+00 -1.475691e+01 1.124213e+01
    endloop
  endfacet
  facet normal -5.323478e-02 -9.985819e-01 -3.984797e-04
    outer loop
      vertex -8.661366e+00 -1.471845e+01 1.121929e+01
      vertex -7.940079e+00 -1.475691e+01 1.124213e+01
      vertex -8.661888e+00 -1.471845e+01 1.128908e+01
    endloop
  endfacet
  facet normal -5.323478e-02 -9.985819e-01 -3.986678e-04
    outer loop
      vertex -8.661888e+00 -1.471845e+01 1.128908e+01
      vertex -7.940079e+00 -1.475691e+01 1.124213e+01
      vertex -7.940340e+00 -1.475691e+01 1.127705e+01
    endloop
  endfacet
  facet normal -5.319188e-02 -9.985819e-01 2.173520e-03
    outer loop
      vertex -8.661888e+00 -1.471845e+01 1.128908e+01
      vertex -7.940340e+00 -1.475691e+01 1.127705e+01
      vertex -8.659041e+00 -1.471845e+01 1.135882e+01
    endloop
  endfacet
  facet normal -5.319186e-02 -9.985819e-01 2.173873e-03
    outer loop
      vertex -8.659041e+00 -1.471845e+01 1.135882e+01
      vertex -7.940340e+00 -1.475691e+01 1.127705e+01
      vertex -7.938915e+00 -1.475691e+01 1.131194e+01
    endloop
  endfacet
  facet normal -5.302471e-02 -9.985819e-01 4.741115e-03
    outer loop
      vertex -8.659041e+00 -1.471845e+01 1.135882e+01
      vertex -7.938915e+00 -1.475691e+01 1.131194e+01
      vertex -8.652825e+00 -1.471845e+01 1.142834e+01
    endloop
  endfacet
  facet normal -5.302471e-02 -9.985819e-01 4.741204e-03
    outer loop
      vertex -8.652825e+00 -1.471845e+01 1.142834e+01
      vertex -7.938915e+00 -1.475691e+01 1.131194e+01
      vertex -7.935804e+00 -1.475691e+01 1.134672e+01
    endloop
  endfacet
  facet normal -5.273373e-02 -9.985819e-01 7.297457e-03
    outer loop
      vertex -8.652825e+00 -1.471845e+01 1.142834e+01
      vertex -7.935804e+00 -1.475691e+01 1.134672e+01
      vertex -8.643258e+00 -1.471845e+01 1.149748e+01
    endloop
  endfacet
  facet normal -5.273378e-02 -9.985819e-01 7.297238e-03
    outer loop
      vertex -8.643258e+00 -1.471845e+01 1.149748e+01
      vertex -7.935804e+00 -1.475691e+01 1.134672e+01
      vertex -7.931016e+00 -1.475691e+01 1.138131e+01
    endloop
  endfacet
  facet normal -5.231961e-02 -9.985819e-01 9.836658e-03
    outer loop
      vertex -8.643258e+00 -1.471845e+01 1.149748e+01
      vertex -7.931016e+00 -1.475691e+01 1.138131e+01
      vertex -8.630361e+00 -1.471845e+01 1.156607e+01
    endloop
  endfacet
  facet normal -5.231963e-02 -9.985819e-01 9.836538e-03
    outer loop
      vertex -8.630361e+00 -1.471845e+01 1.156607e+01
      vertex -7.931016e+00 -1.475691e+01 1.138131e+01
      vertex -7.924566e+00 -1.475691e+01 1.141563e+01
    endloop
  endfacet
  facet normal -5.178327e-02 -9.985819e-01 1.235290e-02
    outer loop
      vertex -8.630361e+00 -1.471845e+01 1.156607e+01
      vertex -7.924566e+00 -1.475691e+01 1.141563e+01
      vertex -8.614164e+00 -1.471845e+01 1.163396e+01
    endloop
  endfacet
  facet normal -5.178311e-02 -9.985819e-01 1.235344e-02
    outer loop
      vertex -8.614164e+00 -1.471845e+01 1.163396e+01
      vertex -7.924566e+00 -1.475691e+01 1.141563e+01
      vertex -7.916463e+00 -1.475691e+01 1.144960e+01
    endloop
  endfacet
  facet normal -5.112604e-02 -9.985819e-01 1.484000e-02
    outer loop
      vertex -8.614164e+00 -1.471845e+01 1.163396e+01
      vertex -7.916463e+00 -1.475691e+01 1.144960e+01
      vertex -8.594709e+00 -1.471845e+01 1.170099e+01
    endloop
  endfacet
  facet normal -5.112626e-02 -9.985819e-01 1.483942e-02
    outer loop
      vertex -8.594709e+00 -1.471845e+01 1.170099e+01
      vertex -7.916463e+00 -1.475691e+01 1.144960e+01
      vertex -7.906728e+00 -1.475691e+01 1.148313e+01
    endloop
  endfacet
  facet normal -5.034925e-02 -9.985819e-01 1.729316e-02
    outer loop
      vertex -8.594709e+00 -1.471845e+01 1.170099e+01
      vertex -7.906728e+00 -1.475691e+01 1.148313e+01
      vertex -8.572038e+00 -1.471845e+01 1.176700e+01
    endloop
  endfacet
  facet normal -5.034906e-02 -9.985819e-01 1.729364e-02
    outer loop
      vertex -8.572038e+00 -1.471845e+01 1.176700e+01
      vertex -7.906728e+00 -1.475691e+01 1.148313e+01
      vertex -7.895385e+00 -1.475691e+01 1.151616e+01
    endloop
  endfacet
  facet normal -4.945489e-02 -9.985819e-01 1.970567e-02
    outer loop
      vertex -8.572038e+00 -1.471845e+01 1.176700e+01
      vertex -7.895385e+00 -1.475691e+01 1.151616e+01
      vertex -8.546202e+00 -1.471845e+01 1.183183e+01
    endloop
  endfacet
  facet normal -4.945502e-02 -9.985819e-01 1.970541e-02
    outer loop
      vertex -8.546202e+00 -1.471845e+01 1.183183e+01
      vertex -7.895385e+00 -1.475691e+01 1.151616e+01
      vertex -7.882458e+00 -1.475691e+01 1.154860e+01
    endloop
  endfacet
  facet normal -4.844536e-02 -9.985819e-01 2.207144e-02
    outer loop
      vertex -8.546202e+00 -1.471845e+01 1.183183e+01
      vertex -7.882458e+00 -1.475691e+01 1.154860e+01
      vertex -8.517264e+00 -1.471845e+01 1.189535e+01
    endloop
  endfacet
  facet normal -4.844536e-02 -9.985819e-01 2.207145e-02
    outer loop
      vertex -8.517264e+00 -1.471845e+01 1.189535e+01
      vertex -7.882458e+00 -1.475691e+01 1.154860e+01
      vertex -7.867983e+00 -1.475691e+01 1.158037e+01
    endloop
  endfacet
  facet normal -6.155376e-02 -9.980912e-01 -5.009732e-03
    outer loop
      vertex -8.517264e+00 -1.471845e+01 1.189535e+01
      vertex -7.867983e+00 -1.475691e+01 1.158037e+01
      vertex -8.358735e+00 -1.472819e+01 1.188825e+01
    endloop
  endfacet
  facet normal -7.533652e-02 -9.967898e-01 -2.710060e-02
    outer loop
      vertex -8.358735e+00 -1.472819e+01 1.188825e+01
      vertex -7.867983e+00 -1.475691e+01 1.158037e+01
      vertex -7.978737e+00 -1.475127e+01 1.168066e+01
    endloop
  endfacet
  facet normal -7.644849e-02 -9.960542e-01 4.507308e-02
    outer loop
      vertex -9.117006e+00 -1.465440e+01 1.230250e+01
      vertex -8.450361e+00 -1.471845e+01 1.201782e+01
      vertex -9.045084e+00 -1.465440e+01 1.242449e+01
    endloop
  endfacet
  facet normal -4.747538e-02 -9.925584e-01 1.121335e-01
    outer loop
      vertex -9.117006e+00 -1.465440e+01 1.230250e+01
      vertex -8.738214e+00 -1.469589e+01 1.209556e+01
      vertex -8.450361e+00 -1.471845e+01 1.201782e+01
    endloop
  endfacet
  facet normal -7.335483e-02 -9.960523e-01 4.998811e-02
    outer loop
      vertex -8.412552e+00 -1.471845e+01 1.207648e+01
      vertex -8.965338e+00 -1.465440e+01 1.254151e+01
      vertex -9.045084e+00 -1.465440e+01 1.242449e+01
    endloop
  endfacet
  facet normal -7.445721e-02 -9.960689e-01 4.798746e-02
    outer loop
      vertex -8.412552e+00 -1.471845e+01 1.207648e+01
      vertex -9.045084e+00 -1.465440e+01 1.242449e+01
      vertex -8.450361e+00 -1.471845e+01 1.201782e+01
    endloop
  endfacet
  facet normal -6.986685e-02 -9.960593e-01 5.463115e-02
    outer loop
      vertex -8.328654e+00 -1.471845e+01 1.218800e+01
      vertex -8.878107e+00 -1.465440e+01 1.265306e+01
      vertex -8.965338e+00 -1.465440e+01 1.254151e+01
    endloop
  endfacet
  facet normal -6.962473e-02 -9.960523e-01 5.506590e-02
    outer loop
      vertex -8.371950e+00 -1.471845e+01 1.213325e+01
      vertex -8.328654e+00 -1.471845e+01 1.218800e+01
      vertex -8.965338e+00 -1.465440e+01 1.254151e+01
    endloop
  endfacet
  facet normal -7.205736e-02 -9.960683e-01 5.153264e-02
    outer loop
      vertex -8.371950e+00 -1.471845e+01 1.213325e+01
      vertex -8.965338e+00 -1.465440e+01 1.254151e+01
      vertex -8.412552e+00 -1.471845e+01 1.207648e+01
    endloop
  endfacet
  facet normal -6.619227e-02 -9.960536e-01 5.912592e-02
    outer loop
      vertex -8.282766e+00 -1.471845e+01 1.224058e+01
      vertex -8.783769e+00 -1.465440e+01 1.275868e+01
      vertex -8.878107e+00 -1.465440e+01 1.265306e+01
    endloop
  endfacet
  facet normal -6.678193e-02 -9.960642e-01 5.827650e-02
    outer loop
      vertex -8.282766e+00 -1.471845e+01 1.224058e+01
      vertex -8.878107e+00 -1.465440e+01 1.265306e+01
      vertex -8.328654e+00 -1.471845e+01 1.218800e+01
    endloop
  endfacet
  facet normal -6.219157e-02 -9.960525e-01 6.333754e-02
    outer loop
      vertex -8.234388e+00 -1.471845e+01 1.229089e+01
      vertex -8.682725e+00 -1.465440e+01 1.285789e+01
      vertex -8.783769e+00 -1.465440e+01 1.275868e+01
    endloop
  endfacet
  facet normal -6.384645e-02 -9.960694e-01 6.139629e-02
    outer loop
      vertex -8.234388e+00 -1.471845e+01 1.229089e+01
      vertex -8.783769e+00 -1.465440e+01 1.275868e+01
      vertex -8.282766e+00 -1.471845e+01 1.224058e+01
    endloop
  endfacet
  facet normal -5.787629e-02 -9.960579e-01 6.722303e-02
    outer loop
      vertex -8.130630e+00 -1.471845e+01 1.238421e+01
      vertex -8.575410e+00 -1.465440e+01 1.295029e+01
      vertex -8.682725e+00 -1.465440e+01 1.285789e+01
    endloop
  endfacet
  facet normal -5.772917e-02 -9.960549e-01 6.739409e-02
    outer loop
      vertex -8.183637e+00 -1.471845e+01 1.233880e+01
      vertex -8.130630e+00 -1.471845e+01 1.238421e+01
      vertex -8.682725e+00 -1.465440e+01 1.285789e+01
    endloop
  endfacet
  facet normal -6.082060e-02 -9.960675e-01 6.442332e-02
    outer loop
      vertex -8.183637e+00 -1.471845e+01 1.233880e+01
      vertex -8.682725e+00 -1.465440e+01 1.285789e+01
      vertex -8.234388e+00 -1.471845e+01 1.229089e+01
    endloop
  endfacet
  facet normal -5.338878e-02 -9.960530e-01 7.090816e-02
    outer loop
      vertex -8.075490e+00 -1.471845e+01 1.242700e+01
      vertex -8.462280e+00 -1.465440e+01 1.303546e+01
      vertex -8.575410e+00 -1.465440e+01 1.295029e+01
    endloop
  endfacet
  facet normal -5.433106e-02 -9.960657e-01 7.000948e-02
    outer loop
      vertex -8.075490e+00 -1.471845e+01 1.242700e+01
      vertex -8.575410e+00 -1.465440e+01 1.295029e+01
      vertex -8.130630e+00 -1.471845e+01 1.238421e+01
    endloop
  endfacet
  facet normal -4.863834e-02 -9.960527e-01 7.425084e-02
    outer loop
      vertex -8.018349e+00 -1.471845e+01 1.246708e+01
      vertex -8.343822e+00 -1.465440e+01 1.311306e+01
      vertex -8.462280e+00 -1.465440e+01 1.303546e+01
    endloop
  endfacet
  facet normal -5.086095e-02 -9.960695e-01 7.251677e-02
    outer loop
      vertex -8.018349e+00 -1.471845e+01 1.246708e+01
      vertex -8.462280e+00 -1.465440e+01 1.303546e+01
      vertex -8.075490e+00 -1.471845e+01 1.242700e+01
    endloop
  endfacet
  facet normal -4.365616e-02 -9.960567e-01 7.723425e-02
    outer loop
      vertex -7.898595e+00 -1.471845e+01 1.253872e+01
      vertex -8.220543e+00 -1.465440e+01 1.318274e+01
      vertex -8.343822e+00 -1.465440e+01 1.311306e+01
    endloop
  endfacet
  facet normal -4.369158e-02 -9.960573e-01 7.720684e-02
    outer loop
      vertex -7.959336e+00 -1.471845e+01 1.250435e+01
      vertex -7.898595e+00 -1.471845e+01 1.253872e+01
      vertex -8.343822e+00 -1.465440e+01 1.311306e+01
    endloop
  endfacet
  facet normal -4.731629e-02 -9.960665e-01 7.491831e-02
    outer loop
      vertex -7.959336e+00 -1.471845e+01 1.250435e+01
      vertex -8.343822e+00 -1.465440e+01 1.311306e+01
      vertex -8.018349e+00 -1.471845e+01 1.246708e+01
    endloop
  endfacet
  facet normal -3.853169e-02 -9.960526e-01 7.996500e-02
    outer loop
      vertex -7.836261e+00 -1.471845e+01 1.257012e+01
      vertex -8.092968e+00 -1.465440e+01 1.324422e+01
      vertex -8.220543e+00 -1.465440e+01 1.318274e+01
    endloop
  endfacet
  facet normal -3.986257e-02 -9.960669e-01 7.913166e-02
    outer loop
      vertex -7.836261e+00 -1.471845e+01 1.257012e+01
      vertex -8.220543e+00 -1.465440e+01 1.318274e+01
      vertex -7.898595e+00 -1.471845e+01 1.253872e+01
    endloop
  endfacet
  facet normal -3.321612e-02 -9.960531e-01 8.230865e-02
    outer loop
      vertex -7.772484e+00 -1.471845e+01 1.259848e+01
      vertex -7.961649e+00 -1.465440e+01 1.329721e+01
      vertex -8.092968e+00 -1.465440e+01 1.324422e+01
    endloop
  endfacet
  facet normal -3.598181e-02 -9.960695e-01 8.093764e-02
    outer loop
      vertex -7.772484e+00 -1.471845e+01 1.259848e+01
      vertex -8.092968e+00 -1.465440e+01 1.324422e+01
      vertex -7.836261e+00 -1.471845e+01 1.257012e+01
    endloop
  endfacet
  facet normal -2.775391e-02 -9.960557e-01 8.427817e-02
    outer loop
      vertex -7.641195e+00 -1.471845e+01 1.264578e+01
      vertex -7.827144e+00 -1.465440e+01 1.334151e+01
      vertex -7.961649e+00 -1.465440e+01 1.329721e+01
    endloop
  endfacet
  facet normal -2.803656e-02 -9.960595e-01 8.413951e-02
    outer loop
      vertex -7.707411e+00 -1.471845e+01 1.262371e+01
      vertex -7.641195e+00 -1.471845e+01 1.264578e+01
      vertex -7.961649e+00 -1.465440e+01 1.329721e+01
    endloop
  endfacet
  facet normal -3.204593e-02 -9.960653e-01 8.262655e-02
    outer loop
      vertex -7.707411e+00 -1.471845e+01 1.262371e+01
      vertex -7.961649e+00 -1.465440e+01 1.329721e+01
      vertex -7.772484e+00 -1.471845e+01 1.259848e+01
    endloop
  endfacet
  facet normal -2.219077e-02 -9.960524e-01 8.594854e-02
    outer loop
      vertex -7.573992e+00 -1.471845e+01 1.266462e+01
      vertex -7.690029e+00 -1.465440e+01 1.337691e+01
      vertex -7.827144e+00 -1.465440e+01 1.334151e+01
    endloop
  endfacet
  facet normal -2.391360e-02 -9.960678e-01 8.530568e-02
    outer loop
      vertex -7.573992e+00 -1.471845e+01 1.266462e+01
      vertex -7.827144e+00 -1.465440e+01 1.334151e+01
      vertex -7.641195e+00 -1.471845e+01 1.264578e+01
    endloop
  endfacet
  facet normal -1.652008e-02 -9.960537e-01 8.720072e-02
    outer loop
      vertex -7.505955e+00 -1.471845e+01 1.268019e+01
      vertex -7.550892e+00 -1.465440e+01 1.340327e+01
      vertex -7.690029e+00 -1.465440e+01 1.337691e+01
    endloop
  endfacet
  facet normal -1.976117e-02 -9.960692e-01 8.634583e-02
    outer loop
      vertex -7.505955e+00 -1.471845e+01 1.268019e+01
      vertex -7.690029e+00 -1.465440e+01 1.337691e+01
      vertex -7.573992e+00 -1.471845e+01 1.266462e+01
    endloop
  endfacet
  facet normal -1.077938e-02 -9.960547e-01 8.808349e-02
    outer loop
      vertex -7.368027e+00 -1.471845e+01 1.270139e+01
      vertex -7.410330e+00 -1.465440e+01 1.342047e+01
      vertex -7.550892e+00 -1.465440e+01 1.340327e+01
    endloop
  endfacet
  facet normal -1.134703e-02 -9.960615e-01 8.793623e-02
    outer loop
      vertex -7.437246e+00 -1.471845e+01 1.269245e+01
      vertex -7.368027e+00 -1.471845e+01 1.270139e+01
      vertex -7.550892e+00 -1.465440e+01 1.340327e+01
    endloop
  endfacet
  facet normal -1.557614e-02 -9.960638e-01 8.726026e-02
    outer loop
      vertex -7.437246e+00 -1.471845e+01 1.269245e+01
      vertex -7.550892e+00 -1.465440e+01 1.340327e+01
      vertex -7.505955e+00 -1.471845e+01 1.268019e+01
    endloop
  endfacet
  facet normal -4.997189e-03 -9.960523e-01 8.862729e-02
    outer loop
      vertex -7.298454e+00 -1.471845e+01 1.270696e+01
      vertex -7.268943e+00 -1.465440e+01 1.342844e+01
      vertex -7.410330e+00 -1.465440e+01 1.342047e+01
    endloop
  endfacet
  facet normal -7.078084e-03 -9.960685e-01 8.830247e-02
    outer loop
      vertex -7.298454e+00 -1.471845e+01 1.270696e+01
      vertex -7.410330e+00 -1.465440e+01 1.342047e+01
      vertex -7.368027e+00 -1.471845e+01 1.270139e+01
    endloop
  endfacet
  facet normal 8.098123e-04 -9.960602e-01 8.867552e-02
    outer loop
      vertex -7.158909e+00 -1.471845e+01 1.270801e+01
      vertex -7.127337e+00 -1.465440e+01 1.342715e+01
      vertex -7.268943e+00 -1.465440e+01 1.342844e+01
    endloop
  endfacet
  facet normal 1.480601e-03 -9.960504e-01 8.877710e-02
    outer loop
      vertex -7.228692e+00 -1.471845e+01 1.270917e+01
      vertex -7.158909e+00 -1.471845e+01 1.270801e+01
      vertex -7.268943e+00 -1.465440e+01 1.342844e+01
    endloop
  endfacet
  facet normal -2.803270e-03 -9.960687e-01 8.853902e-02
    outer loop
      vertex -7.228692e+00 -1.471845e+01 1.270917e+01
      vertex -7.268943e+00 -1.465440e+01 1.342844e+01
      vertex -7.298454e+00 -1.471845e+01 1.270696e+01
    endloop
  endfacet
  facet normal 6.612012e-03 -9.960540e-01 8.850262e-02
    outer loop
      vertex -7.089261e+00 -1.471845e+01 1.270347e+01
      vertex -6.986121e+00 -1.465440e+01 1.341660e+01
      vertex -7.127337e+00 -1.465440e+01 1.342715e+01
    endloop
  endfacet
  facet normal 5.758766e-03 -9.960632e-01 8.845852e-02
    outer loop
      vertex -7.089261e+00 -1.471845e+01 1.270347e+01
      vertex -7.127337e+00 -1.465440e+01 1.342715e+01
      vertex -7.158909e+00 -1.471845e+01 1.270801e+01
    endloop
  endfacet
  facet normal 1.238955e-02 -9.960523e-01 8.789865e-02
    outer loop
      vertex -7.019913e+00 -1.471845e+01 1.269558e+01
      vertex -6.845895e+00 -1.465440e+01 1.339683e+01
      vertex -6.986121e+00 -1.465440e+01 1.341660e+01
    endloop
  endfacet
  facet normal 1.001876e-02 -9.960691e-01 8.801126e-02
    outer loop
      vertex -7.019913e+00 -1.471845e+01 1.269558e+01
      vertex -6.986121e+00 -1.465440e+01 1.341660e+01
      vertex -7.089261e+00 -1.471845e+01 1.270347e+01
    endloop
  endfacet
  facet normal 1.809653e-02 -9.960588e-01 8.682958e-02
    outer loop
      vertex -6.882765e+00 -1.471845e+01 1.266980e+01
      vertex -6.707265e+00 -1.465440e+01 1.336794e+01
      vertex -6.845895e+00 -1.465440e+01 1.339683e+01
    endloop
  endfacet
  facet normal 1.850326e-02 -9.960531e-01 8.680844e-02
    outer loop
      vertex -6.951027e+00 -1.471845e+01 1.268435e+01
      vertex -6.882765e+00 -1.471845e+01 1.266980e+01
      vertex -6.845895e+00 -1.465440e+01 1.339683e+01
    endloop
  endfacet
  facet normal 1.426022e-02 -9.960681e-01 8.743588e-02
    outer loop
      vertex -6.951027e+00 -1.471845e+01 1.268435e+01
      vertex -6.845895e+00 -1.465440e+01 1.339683e+01
      vertex -7.019913e+00 -1.471845e+01 1.269558e+01
    endloop
  endfacet
  facet normal 2.375313e-02 -9.960533e-01 8.551874e-02
    outer loop
      vertex -6.815286e+00 -1.471845e+01 1.265196e+01
      vertex -6.570819e+00 -1.465440e+01 1.333004e+01
      vertex -6.707265e+00 -1.465440e+01 1.336794e+01
    endloop
  endfacet
  facet normal 2.264253e-02 -9.960648e-01 8.568734e-02
    outer loop
      vertex -6.815286e+00 -1.471845e+01 1.265196e+01
      vertex -6.707265e+00 -1.465440e+01 1.336794e+01
      vertex -6.882765e+00 -1.471845e+01 1.266980e+01
    endloop
  endfacet
  facet normal 2.929855e-02 -9.960526e-01 8.379065e-02
    outer loop
      vertex -6.748749e+00 -1.471845e+01 1.263089e+01
      vertex -6.437145e+00 -1.465440e+01 1.328330e+01
      vertex -6.570819e+00 -1.465440e+01 1.333004e+01
    endloop
  endfacet
  facet normal 2.674064e-02 -9.960694e-01 8.444317e-02
    outer loop
      vertex -6.748749e+00 -1.471845e+01 1.263089e+01
      vertex -6.570819e+00 -1.465440e+01 1.333004e+01
      vertex -6.815286e+00 -1.471845e+01 1.265196e+01
    endloop
  endfacet
  facet normal 3.469412e-02 -9.960575e-01 8.164391e-02
    outer loop
      vertex -6.619110e+00 -1.471845e+01 1.257924e+01
      vertex -6.306813e+00 -1.465440e+01 1.322791e+01
      vertex -6.437145e+00 -1.465440e+01 1.328330e+01
    endloop
  endfacet
  facet normal 3.482537e-02 -9.960557e-01 8.160983e-02
    outer loop
      vertex -6.683307e+00 -1.471845e+01 1.260663e+01
      vertex -6.619110e+00 -1.471845e+01 1.257924e+01
      vertex -6.437145e+00 -1.465440e+01 1.328330e+01
    endloop
  endfacet
  facet normal 3.079715e-02 -9.960672e-01 8.307631e-02
    outer loop
      vertex -6.683307e+00 -1.471845e+01 1.260663e+01
      vertex -6.437145e+00 -1.465440e+01 1.328330e+01
      vertex -6.748749e+00 -1.471845e+01 1.263089e+01
    endloop
  endfacet
  facet normal 3.998302e-02 -9.960530e-01 7.924623e-02
    outer loop
      vertex -6.556314e+00 -1.471845e+01 1.254878e+01
      vertex -6.180381e+00 -1.465440e+01 1.316413e+01
      vertex -6.306813e+00 -1.465440e+01 1.322791e+01
    endloop
  endfacet
  facet normal 3.867663e-02 -9.960661e-01 7.972740e-02
    outer loop
      vertex -6.556314e+00 -1.471845e+01 1.254878e+01
      vertex -6.306813e+00 -1.465440e+01 1.322791e+01
      vertex -6.619110e+00 -1.471845e+01 1.257924e+01
    endloop
  endfacet
  facet normal 4.508097e-02 -9.960530e-01 7.646126e-02
    outer loop
      vertex -6.495063e+00 -1.471845e+01 1.251531e+01
      vertex -6.058395e+00 -1.465440e+01 1.309220e+01
      vertex -6.180381e+00 -1.465440e+01 1.316413e+01
    endloop
  endfacet
  facet normal 4.246478e-02 -9.960695e-01 7.773179e-02
    outer loop
      vertex -6.495063e+00 -1.471845e+01 1.251531e+01
      vertex -6.180381e+00 -1.465440e+01 1.316413e+01
      vertex -6.556314e+00 -1.471845e+01 1.254878e+01
    endloop
  endfacet
  facet normal 4.996285e-02 -9.960564e-01 7.331740e-02
    outer loop
      vertex -6.377766e+00 -1.471845e+01 1.243972e+01
      vertex -5.941371e+00 -1.465440e+01 1.301246e+01
      vertex -6.058395e+00 -1.465440e+01 1.309220e+01
    endloop
  endfacet
  facet normal 4.984117e-02 -9.960581e-01 7.337712e-02
    outer loop
      vertex -6.435501e+00 -1.471845e+01 1.247893e+01
      vertex -6.377766e+00 -1.471845e+01 1.243972e+01
      vertex -6.058395e+00 -1.465440e+01 1.309220e+01
    endloop
  endfacet
  facet normal 4.619115e-02 -9.960660e-01 7.562239e-02
    outer loop
      vertex -6.435501e+00 -1.471845e+01 1.247893e+01
      vertex -6.058395e+00 -1.465440e+01 1.309220e+01
      vertex -6.495063e+00 -1.471845e+01 1.251531e+01
    endloop
  endfacet
  facet normal 5.467734e-02 -9.960526e-01 6.992627e-02
    outer loop
      vertex -6.321993e+00 -1.471845e+01 1.239776e+01
      vertex -5.829816e+00 -1.465440e+01 1.292523e+01
      vertex -5.941371e+00 -1.465440e+01 1.301246e+01
    endloop
  endfacet
  facet normal 5.326696e-02 -9.960671e-01 7.080107e-02
    outer loop
      vertex -6.321993e+00 -1.471845e+01 1.239776e+01
      vertex -5.941371e+00 -1.465440e+01 1.301246e+01
      vertex -6.377766e+00 -1.471845e+01 1.243972e+01
    endloop
  endfacet
  facet normal 5.912752e-02 -9.960533e-01 6.619371e-02
    outer loop
      vertex -6.268311e+00 -1.471845e+01 1.235315e+01
      vertex -5.724204e+00 -1.465440e+01 1.283089e+01
      vertex -5.829816e+00 -1.465440e+01 1.292523e+01
    endloop
  endfacet
  facet normal 5.660882e-02 -9.960694e-01 6.812607e-02
    outer loop
      vertex -6.268311e+00 -1.471845e+01 1.235315e+01
      vertex -5.829816e+00 -1.465440e+01 1.292523e+01
      vertex -6.321993e+00 -1.471845e+01 1.239776e+01
    endloop
  endfacet
  facet normal 6.331436e-02 -9.960553e-01 6.216917e-02
    outer loop
      vertex -6.167724e+00 -1.471845e+01 1.225642e+01
      vertex -5.624988e+00 -1.465440e+01 1.272985e+01
      vertex -5.724204e+00 -1.465440e+01 1.283089e+01
    endloop
  endfacet
  facet normal 6.299417e-02 -9.960601e-01 6.241691e-02
    outer loop
      vertex -6.216849e+00 -1.471845e+01 1.230600e+01
      vertex -6.167724e+00 -1.471845e+01 1.225642e+01
      vertex -5.724204e+00 -1.465440e+01 1.283089e+01
    endloop
  endfacet
  facet normal 5.986946e-02 -9.960647e-01 6.535026e-02
    outer loop
      vertex -6.216849e+00 -1.471845e+01 1.230600e+01
      vertex -5.724204e+00 -1.465440e+01 1.283089e+01
      vertex -6.268311e+00 -1.471845e+01 1.235315e+01
    endloop
  endfacet
  facet normal 6.727049e-02 -9.960523e-01 5.791683e-02
    outer loop
      vertex -6.121050e+00 -1.471845e+01 1.220453e+01
      vertex -5.532594e+00 -1.465440e+01 1.262253e+01
      vertex -5.624988e+00 -1.465440e+01 1.272985e+01
    endloop
  endfacet
  facet normal 6.586935e-02 -9.960680e-01 5.924188e-02
    outer loop
      vertex -6.121050e+00 -1.471845e+01 1.220453e+01
      vertex -5.624988e+00 -1.465440e+01 1.272985e+01
      vertex -6.167724e+00 -1.471845e+01 1.225642e+01
    endloop
  endfacet
  facet normal 7.089965e-02 -9.960540e-01 5.338237e-02
    outer loop
      vertex -6.076938e+00 -1.471845e+01 1.215044e+01
      vertex -5.447415e+00 -1.465440e+01 1.250940e+01
      vertex -5.532594e+00 -1.465440e+01 1.262253e+01
    endloop
  endfacet
  facet normal 6.864598e-02 -9.960691e-01 5.598301e-02
    outer loop
      vertex -6.076938e+00 -1.471845e+01 1.215044e+01
      vertex -5.532594e+00 -1.465440e+01 1.262253e+01
      vertex -6.121050e+00 -1.471845e+01 1.220453e+01
    endloop
  endfacet
  facet normal 7.423435e-02 -9.960544e-01 4.862813e-02
    outer loop
      vertex -5.996808e+00 -1.471845e+01 1.203619e+01
      vertex -5.369817e+00 -1.465440e+01 1.239094e+01
      vertex -5.447415e+00 -1.465440e+01 1.250940e+01
    endloop
  endfacet
  facet normal 7.379461e-02 -9.960621e-01 4.913972e-02
    outer loop
      vertex -6.035493e+00 -1.471845e+01 1.209428e+01
      vertex -5.996808e+00 -1.471845e+01 1.203619e+01
      vertex -5.447415e+00 -1.465440e+01 1.250940e+01
    endloop
  endfacet
  facet normal 7.132386e-02 -9.960632e-01 5.264007e-02
    outer loop
      vertex -6.035493e+00 -1.471845e+01 1.209428e+01
      vertex -5.447415e+00 -1.465440e+01 1.250940e+01
      vertex -6.076938e+00 -1.471845e+01 1.215044e+01
    endloop
  endfacet
  facet normal 7.727742e-02 -9.960523e-01 4.368035e-02
    outer loop
      vertex -5.960976e+00 -1.471845e+01 1.197629e+01
      vertex -5.300133e+00 -1.465440e+01 1.226766e+01
      vertex -5.369817e+00 -1.465440e+01 1.239094e+01
    endloop
  endfacet
  facet normal 7.601761e-02 -9.960687e-01 4.547898e-02
    outer loop
      vertex -5.960976e+00 -1.471845e+01 1.197629e+01
      vertex -5.369817e+00 -1.465440e+01 1.239094e+01
      vertex -5.996808e+00 -1.471845e+01 1.203619e+01
    endloop
  endfacet
  facet normal 7.989333e-02 -9.960598e-01 3.849715e-02
    outer loop
      vertex -5.898192e+00 -1.471845e+01 1.185167e+01
      vertex -5.238663e+00 -1.465440e+01 1.214009e+01
      vertex -5.300133e+00 -1.465440e+01 1.226766e+01
    endloop
  endfacet
  facet normal 8.022866e-02 -9.960514e-01 3.801377e-02
    outer loop
      vertex -5.928078e+00 -1.471845e+01 1.191474e+01
      vertex -5.898192e+00 -1.471845e+01 1.185167e+01
      vertex -5.300133e+00 -1.465440e+01 1.226766e+01
    endloop
  endfacet
  facet normal 7.812852e-02 -9.960685e-01 4.175356e-02
    outer loop
      vertex -5.928078e+00 -1.471845e+01 1.191474e+01
      vertex -5.300133e+00 -1.465440e+01 1.226766e+01
      vertex -5.960976e+00 -1.471845e+01 1.197629e+01
    endloop
  endfacet
  facet normal 8.230262e-02 -9.960537e-01 3.321368e-02
    outer loop
      vertex -5.871390e+00 -1.471845e+01 1.178722e+01
      vertex -5.185668e+00 -1.465440e+01 1.200877e+01
      vertex -5.238663e+00 -1.465440e+01 1.214009e+01
    endloop
  endfacet
  facet normal 8.184328e-02 -9.960638e-01 3.403912e-02
    outer loop
      vertex -5.871390e+00 -1.471845e+01 1.178722e+01
      vertex -5.238663e+00 -1.465440e+01 1.214009e+01
      vertex -5.898192e+00 -1.471845e+01 1.185167e+01
    endloop
  endfacet
  facet normal 8.431283e-02 -9.960524e-01 2.776544e-02
    outer loop
      vertex -5.847732e+00 -1.471845e+01 1.172156e+01
      vertex -5.141372e+00 -1.465440e+01 1.187426e+01
      vertex -5.185668e+00 -1.465440e+01 1.200877e+01
    endloop
  endfacet
  facet normal 8.333435e-02 -9.960692e-01 3.002474e-02
    outer loop
      vertex -5.847732e+00 -1.471845e+01 1.172156e+01
      vertex -5.185668e+00 -1.465440e+01 1.200877e+01
      vertex -5.871390e+00 -1.471845e+01 1.178722e+01
    endloop
  endfacet
  facet normal 8.588400e-02 -9.960583e-01 2.217402e-02
    outer loop
      vertex -5.810064e+00 -1.471845e+01 1.158719e+01
      vertex -5.105972e+00 -1.465440e+01 1.173715e+01
      vertex -5.141372e+00 -1.465440e+01 1.187426e+01
    endloop
  endfacet
  facet normal 8.600824e-02 -9.960540e-01 2.188368e-02
    outer loop
      vertex -5.827275e+00 -1.471845e+01 1.165483e+01
      vertex -5.810064e+00 -1.471845e+01 1.158719e+01
      vertex -5.141372e+00 -1.465440e+01 1.187426e+01
    endloop
  endfacet
  facet normal 8.470275e-02 -9.960678e-01 2.596835e-02
    outer loop
      vertex -5.827275e+00 -1.471845e+01 1.165483e+01
      vertex -5.141372e+00 -1.465440e+01 1.187426e+01
      vertex -5.847732e+00 -1.471845e+01 1.172156e+01
    endloop
  endfacet
  facet normal 8.720721e-02 -9.960531e-01 1.652059e-02
    outer loop
      vertex -5.796144e+00 -1.471845e+01 1.151880e+01
      vertex -5.079612e+00 -1.465440e+01 1.159801e+01
      vertex -5.105972e+00 -1.465440e+01 1.173715e+01
    endloop
  endfacet
  facet normal 8.684232e-02 -9.960653e-01 1.767740e-02
    outer loop
      vertex -5.796144e+00 -1.471845e+01 1.151880e+01
      vertex -5.105972e+00 -1.465440e+01 1.173715e+01
      vertex -5.810064e+00 -1.471845e+01 1.158719e+01
    endloop
  endfacet
  facet normal 8.810692e-02 -9.960526e-01 1.078301e-02
    outer loop
      vertex -5.785541e+00 -1.471845e+01 1.144981e+01
      vertex -5.062409e+00 -1.465440e+01 1.145745e+01
      vertex -5.079612e+00 -1.465440e+01 1.159801e+01
    endloop
  endfacet
  facet normal 8.754764e-02 -9.960694e-01 1.345434e-02
    outer loop
      vertex -5.785541e+00 -1.471845e+01 1.144981e+01
      vertex -5.079612e+00 -1.465440e+01 1.159801e+01
      vertex -5.796144e+00 -1.471845e+01 1.151880e+01
    endloop
  endfacet
  facet normal 8.857366e-02 -9.960572e-01 4.993448e-03
    outer loop
      vertex -5.774391e+00 -1.471845e+01 1.131071e+01
      vertex -5.054439e+00 -1.465440e+01 1.131606e+01
      vertex -5.062409e+00 -1.465440e+01 1.145745e+01
    endloop
  endfacet
  facet normal 8.858262e-02 -9.960565e-01 4.949706e-03
    outer loop
      vertex -5.778285e+00 -1.471845e+01 1.138040e+01
      vertex -5.774391e+00 -1.471845e+01 1.131071e+01
      vertex -5.062409e+00 -1.465440e+01 1.145745e+01
    endloop
  endfacet
  facet normal 8.812478e-02 -9.960668e-01 9.211718e-03
    outer loop
      vertex -5.778285e+00 -1.471845e+01 1.138040e+01
      vertex -5.062409e+00 -1.465440e+01 1.145745e+01
      vertex -5.785541e+00 -1.471845e+01 1.144981e+01
    endloop
  endfacet
  facet normal 8.875936e-02 -9.960527e-01 -8.098574e-04
    outer loop
      vertex -5.773869e+00 -1.471845e+01 1.124092e+01
      vertex -5.055732e+00 -1.465440e+01 1.117446e+01
      vertex -5.054439e+00 -1.465440e+01 1.131606e+01
    endloop
  endfacet
  facet normal 8.860672e-02 -9.960665e-01 6.632499e-04
    outer loop
      vertex -5.773869e+00 -1.471845e+01 1.124092e+01
      vertex -5.054439e+00 -1.465440e+01 1.131606e+01
      vertex -5.774391e+00 -1.471845e+01 1.131071e+01
    endloop
  endfacet
  facet normal 8.851334e-02 -9.960530e-01 -6.612838e-03
    outer loop
      vertex -5.776719e+00 -1.471845e+01 1.117118e+01
      vertex -5.066283e+00 -1.465440e+01 1.103324e+01
      vertex -5.055732e+00 -1.465440e+01 1.117446e+01
    endloop
  endfacet
  facet normal 8.850116e-02 -9.960695e-01 -3.616323e-03
    outer loop
      vertex -5.776719e+00 -1.471845e+01 1.117118e+01
      vertex -5.055732e+00 -1.465440e+01 1.117446e+01
      vertex -5.773869e+00 -1.471845e+01 1.124092e+01
    endloop
  endfacet
  facet normal 8.785819e-02 -9.960560e-01 -1.238380e-02
    outer loop
      vertex -5.792502e+00 -1.471845e+01 1.103252e+01
      vertex -5.086047e+00 -1.465440e+01 1.089302e+01
      vertex -5.066283e+00 -1.465440e+01 1.103324e+01
    endloop
  endfacet
  facet normal 8.785820e-02 -9.960588e-01 -1.215809e-02
    outer loop
      vertex -5.782935e+00 -1.471845e+01 1.110166e+01
      vertex -5.792502e+00 -1.471845e+01 1.103252e+01
      vertex -5.066283e+00 -1.465440e+01 1.103324e+01
    endloop
  endfacet
  facet normal 8.826609e-02 -9.960657e-01 -7.892163e-03
    outer loop
      vertex -5.782935e+00 -1.471845e+01 1.110166e+01
      vertex -5.066283e+00 -1.465440e+01 1.103324e+01
      vertex -5.776719e+00 -1.471845e+01 1.117118e+01
    endloop
  endfacet
  facet normal 8.689902e-02 -9.960525e-01 -1.811108e-02
    outer loop
      vertex -5.805399e+00 -1.471845e+01 1.096393e+01
      vertex -5.114940e+00 -1.465440e+01 1.075438e+01
      vertex -5.086047e+00 -1.465440e+01 1.089302e+01
    endloop
  endfacet
  facet normal 8.707196e-02 -9.960675e-01 -1.637048e-02
    outer loop
      vertex -5.805399e+00 -1.471845e+01 1.096393e+01
      vertex -5.086047e+00 -1.465440e+01 1.089302e+01
      vertex -5.792502e+00 -1.471845e+01 1.103252e+01
    endloop
  endfacet
  facet normal 8.551665e-02 -9.960536e-01 -2.375256e-02
    outer loop
      vertex -5.821593e+00 -1.471845e+01 1.089604e+01
      vertex -5.152838e+00 -1.465440e+01 1.061794e+01
      vertex -5.114940e+00 -1.465440e+01 1.075438e+01
    endloop
  endfacet
  facet normal 8.615940e-02 -9.960694e-01 -2.055332e-02
    outer loop
      vertex -5.821593e+00 -1.471845e+01 1.089604e+01
      vertex -5.114940e+00 -1.465440e+01 1.075438e+01
      vertex -5.805399e+00 -1.471845e+01 1.096393e+01
    endloop
  endfacet
  facet normal 8.376433e-02 -9.960550e-01 -2.928923e-02
    outer loop
      vertex -5.863722e+00 -1.471845e+01 1.076300e+01
      vertex -5.199578e+00 -1.465440e+01 1.048427e+01
      vertex -5.152838e+00 -1.465440e+01 1.061794e+01
    endloop
  endfacet
  facet normal 8.386393e-02 -9.960608e-01 -2.880373e-02
    outer loop
      vertex -5.841048e+00 -1.471845e+01 1.082901e+01
      vertex -5.863722e+00 -1.471845e+01 1.076300e+01
      vertex -5.152838e+00 -1.465440e+01 1.061794e+01
    endloop
  endfacet
  facet normal 8.512048e-02 -9.960642e-01 -2.470775e-02
    outer loop
      vertex -5.841048e+00 -1.471845e+01 1.082901e+01
      vertex -5.152838e+00 -1.465440e+01 1.061794e+01
      vertex -5.821593e+00 -1.471845e+01 1.089604e+01
    endloop
  endfacet
  facet normal 8.169714e-02 -9.960523e-01 -3.471760e-02
    outer loop
      vertex -5.889555e+00 -1.471845e+01 1.069816e+01
      vertex -5.254964e+00 -1.465440e+01 1.035393e+01
      vertex -5.199578e+00 -1.465440e+01 1.048427e+01
    endloop
  endfacet
  facet normal 8.229579e-02 -9.960684e-01 -3.279136e-02
    outer loop
      vertex -5.889555e+00 -1.471845e+01 1.069816e+01
      vertex -5.199578e+00 -1.465440e+01 1.048427e+01
      vertex -5.863722e+00 -1.471845e+01 1.076300e+01
    endloop
  endfacet
  facet normal 8.060944e-02 -9.960690e-01 -3.672589e-02
    outer loop
      vertex -5.918493e+00 -1.471845e+01 1.063465e+01
      vertex -5.254964e+00 -1.465440e+01 1.035393e+01
      vertex -5.889555e+00 -1.471845e+01 1.069816e+01
    endloop
  endfacet
  facet normal 1.428759e-02 -9.990793e-01 -4.045099e-02
    outer loop
      vertex -6.567777e+00 -1.475691e+01 1.094962e+01
      vertex -6.837363e+00 -1.476511e+01 1.105712e+01
      vertex -6.457023e+00 -1.475127e+01 1.084934e+01
    endloop
  endfacet
  facet normal -7.153600e-02 -9.971400e-01 2.437919e-02
    outer loop
      vertex -8.738214e+00 -1.469589e+01 1.209556e+01
      vertex -8.358735e+00 -1.472819e+01 1.188825e+01
      vertex -8.450361e+00 -1.471845e+01 1.201782e+01
    endloop
  endfacet
  facet normal -4.175790e-02 -9.990793e-01 -9.832932e-03
    outer loop
      vertex -7.598394e+00 -1.476511e+01 1.147288e+01
      vertex -7.834509e+00 -1.475691e+01 1.164164e+01
      vertex -7.978737e+00 -1.475127e+01 1.168066e+01
    endloop
  endfacet
  facet normal 7.907820e-02 -9.892781e-01 1.227819e-01
    outer loop
      vertex -7.217880e+00 -1.476973e+01 1.126500e+01
      vertex -6.837363e+00 -1.476511e+01 1.105712e+01
      vertex -6.567777e+00 -1.475691e+01 1.094962e+01
    endloop
  endfacet
  facet normal 1.615337e-02 -9.998424e-01 -7.359127e-03
    outer loop
      vertex -7.217880e+00 -1.476973e+01 1.126500e+01
      vertex -6.567777e+00 -1.475691e+01 1.094962e+01
      vertex -6.553299e+00 -1.475691e+01 1.098140e+01
    endloop
  endfacet
  facet normal 1.648984e-02 -9.998424e-01 -6.570633e-03
    outer loop
      vertex -7.217880e+00 -1.476973e+01 1.126500e+01
      vertex -6.553299e+00 -1.475691e+01 1.098140e+01
      vertex -6.540372e+00 -1.475691e+01 1.101384e+01
    endloop
  endfacet
  facet normal 1.678810e-02 -9.998424e-01 -5.766090e-03
    outer loop
      vertex -7.217880e+00 -1.476973e+01 1.126500e+01
      vertex -6.540372e+00 -1.475691e+01 1.101384e+01
      vertex -6.529029e+00 -1.475691e+01 1.104687e+01
    endloop
  endfacet
  facet normal 1.704717e-02 -9.998424e-01 -4.947950e-03
    outer loop
      vertex -7.217880e+00 -1.476973e+01 1.126500e+01
      vertex -6.529029e+00 -1.475691e+01 1.104687e+01
      vertex -6.519297e+00 -1.475691e+01 1.108040e+01
    endloop
  endfacet
  facet normal 1.726620e-02 -9.998424e-01 -4.119047e-03
    outer loop
      vertex -7.217880e+00 -1.476973e+01 1.126500e+01
      vertex -6.519297e+00 -1.475691e+01 1.108040e+01
      vertex -6.511194e+00 -1.475691e+01 1.111437e+01
    endloop
  endfacet
  facet normal 1.744508e-02 -9.998425e-01 -3.279824e-03
    outer loop
      vertex -7.217880e+00 -1.476973e+01 1.126500e+01
      vertex -6.511194e+00 -1.475691e+01 1.111437e+01
      vertex -6.504741e+00 -1.475691e+01 1.114869e+01
    endloop
  endfacet
  facet normal 1.758317e-02 -9.998424e-01 -2.433139e-03
    outer loop
      vertex -7.217880e+00 -1.476973e+01 1.126500e+01
      vertex -6.504741e+00 -1.475691e+01 1.114869e+01
      vertex -6.499956e+00 -1.475691e+01 1.118328e+01
    endloop
  endfacet
  facet normal 1.768018e-02 -9.998425e-01 -1.580873e-03
    outer loop
      vertex -7.217880e+00 -1.476973e+01 1.126500e+01
      vertex -6.499956e+00 -1.475691e+01 1.118328e+01
      vertex -6.496845e+00 -1.475691e+01 1.121806e+01
    endloop
  endfacet
  facet normal 1.773591e-02 -9.998425e-01 -7.248646e-04
    outer loop
      vertex -7.217880e+00 -1.476973e+01 1.126500e+01
      vertex -6.496845e+00 -1.475691e+01 1.121806e+01
      vertex -6.495420e+00 -1.475691e+01 1.125295e+01
    endloop
  endfacet
  facet normal 1.775022e-02 -9.998425e-01 1.329245e-04
    outer loop
      vertex -7.217880e+00 -1.476973e+01 1.126500e+01
      vertex -6.495420e+00 -1.475691e+01 1.125295e+01
      vertex -6.495681e+00 -1.475691e+01 1.128787e+01
    endloop
  endfacet
  facet normal 1.772306e-02 -9.998425e-01 9.904323e-04
    outer loop
      vertex -7.217880e+00 -1.476973e+01 1.126500e+01
      vertex -6.495681e+00 -1.475691e+01 1.128787e+01
      vertex -6.497628e+00 -1.475691e+01 1.132273e+01
    endloop
  endfacet
  facet normal 1.765454e-02 -9.998424e-01 1.845269e-03
    outer loop
      vertex -7.217880e+00 -1.476973e+01 1.126500e+01
      vertex -6.497628e+00 -1.475691e+01 1.132273e+01
      vertex -6.501258e+00 -1.475691e+01 1.135746e+01
    endloop
  endfacet
  facet normal 1.754473e-02 -9.998425e-01 2.696370e-03
    outer loop
      vertex -7.217880e+00 -1.476973e+01 1.126500e+01
      vertex -6.501258e+00 -1.475691e+01 1.135746e+01
      vertex -6.506562e+00 -1.475691e+01 1.139198e+01
    endloop
  endfacet
  facet normal 1.739400e-02 -9.998425e-01 3.540755e-03
    outer loop
      vertex -7.217880e+00 -1.476973e+01 1.126500e+01
      vertex -6.506562e+00 -1.475691e+01 1.139198e+01
      vertex -6.513528e+00 -1.475691e+01 1.142620e+01
    endloop
  endfacet
  facet normal 1.720262e-02 -9.998424e-01 4.377007e-03
    outer loop
      vertex -7.217880e+00 -1.476973e+01 1.126500e+01
      vertex -6.513528e+00 -1.475691e+01 1.142620e+01
      vertex -6.522138e+00 -1.475691e+01 1.146004e+01
    endloop
  endfacet
  facet normal 1.697112e-02 -9.998425e-01 5.202798e-03
    outer loop
      vertex -7.217880e+00 -1.476973e+01 1.126500e+01
      vertex -6.522138e+00 -1.475691e+01 1.146004e+01
      vertex -6.532374e+00 -1.475691e+01 1.149342e+01
    endloop
  endfacet
  facet normal 1.669985e-02 -9.998424e-01 6.016882e-03
    outer loop
      vertex -7.217880e+00 -1.476973e+01 1.126500e+01
      vertex -6.532374e+00 -1.475691e+01 1.149342e+01
      vertex -6.544212e+00 -1.475691e+01 1.152628e+01
    endloop
  endfacet
  facet normal 1.638975e-02 -9.998424e-01 6.816457e-03
    outer loop
      vertex -7.217880e+00 -1.476973e+01 1.126500e+01
      vertex -6.544212e+00 -1.475691e+01 1.152628e+01
      vertex -6.557619e+00 -1.475691e+01 1.155852e+01
    endloop
  endfacet
  facet normal 1.604117e-02 -9.998425e-01 7.600563e-03
    outer loop
      vertex -7.217880e+00 -1.476973e+01 1.126500e+01
      vertex -6.557619e+00 -1.475691e+01 1.155852e+01
      vertex -6.572571e+00 -1.475691e+01 1.159007e+01
    endloop
  endfacet
  facet normal 1.565516e-02 -9.998424e-01 8.366848e-03
    outer loop
      vertex -7.217880e+00 -1.476973e+01 1.126500e+01
      vertex -6.572571e+00 -1.475691e+01 1.159007e+01
      vertex -6.589032e+00 -1.475691e+01 1.162087e+01
    endloop
  endfacet
  facet normal 1.523291e-02 -9.998424e-01 9.112986e-03
    outer loop
      vertex -7.217880e+00 -1.476973e+01 1.126500e+01
      vertex -6.589032e+00 -1.475691e+01 1.162087e+01
      vertex -6.606959e+00 -1.475691e+01 1.165084e+01
    endloop
  endfacet
  facet normal 1.477472e-02 -9.998424e-01 9.838468e-03
    outer loop
      vertex -7.217880e+00 -1.476973e+01 1.126500e+01
      vertex -6.606959e+00 -1.475691e+01 1.165084e+01
      vertex -6.626313e+00 -1.475691e+01 1.167990e+01
    endloop
  endfacet
  facet normal 1.428197e-02 -9.998424e-01 1.054102e-02
    outer loop
      vertex -7.217880e+00 -1.476973e+01 1.126500e+01
      vertex -6.626313e+00 -1.475691e+01 1.167990e+01
      vertex -6.647049e+00 -1.475691e+01 1.170800e+01
    endloop
  endfacet
  facet normal 1.375625e-02 -9.998424e-01 1.121844e-02
    outer loop
      vertex -7.217880e+00 -1.476973e+01 1.126500e+01
      vertex -6.647049e+00 -1.475691e+01 1.170800e+01
      vertex -6.669120e+00 -1.475691e+01 1.173506e+01
    endloop
  endfacet
  facet normal 1.319799e-02 -9.998424e-01 1.187017e-02
    outer loop
      vertex -7.217880e+00 -1.476973e+01 1.126500e+01
      vertex -6.669120e+00 -1.475691e+01 1.173506e+01
      vertex -6.692469e+00 -1.475691e+01 1.176102e+01
    endloop
  endfacet
  facet normal 1.260926e-02 -9.998424e-01 1.249378e-02
    outer loop
      vertex -7.217880e+00 -1.476973e+01 1.126500e+01
      vertex -6.692469e+00 -1.475691e+01 1.176102e+01
      vertex -6.717048e+00 -1.475691e+01 1.178583e+01
    endloop
  endfacet
  facet normal 1.199078e-02 -9.998425e-01 1.308852e-02
    outer loop
      vertex -7.217880e+00 -1.476973e+01 1.126500e+01
      vertex -6.717048e+00 -1.475691e+01 1.178583e+01
      vertex -6.742797e+00 -1.475691e+01 1.180942e+01
    endloop
  endfacet
  facet normal 1.134447e-02 -9.998424e-01 1.365251e-02
    outer loop
      vertex -7.217880e+00 -1.476973e+01 1.126500e+01
      vertex -6.742797e+00 -1.475691e+01 1.180942e+01
      vertex -6.769653e+00 -1.475691e+01 1.183173e+01
    endloop
  endfacet
  facet normal 1.067192e-02 -9.998425e-01 1.418443e-02
    outer loop
      vertex -7.217880e+00 -1.476973e+01 1.126500e+01
      vertex -6.769653e+00 -1.475691e+01 1.183173e+01
      vertex -6.797559e+00 -1.475691e+01 1.185273e+01
    endloop
  endfacet
  facet normal 9.973886e-03 -9.998425e-01 1.468363e-02
    outer loop
      vertex -7.217880e+00 -1.476973e+01 1.126500e+01
      vertex -6.797559e+00 -1.475691e+01 1.185273e+01
      vertex -6.826443e+00 -1.475691e+01 1.187235e+01
    endloop
  endfacet
  facet normal 9.252705e-03 -9.998425e-01 1.514843e-02
    outer loop
      vertex -7.217880e+00 -1.476973e+01 1.126500e+01
      vertex -6.826443e+00 -1.475691e+01 1.187235e+01
      vertex -6.856245e+00 -1.475691e+01 1.189055e+01
    endloop
  endfacet
  facet normal 8.510194e-03 -9.998424e-01 1.557769e-02
    outer loop
      vertex -7.217880e+00 -1.476973e+01 1.126500e+01
      vertex -6.856245e+00 -1.475691e+01 1.189055e+01
      vertex -6.886890e+00 -1.475691e+01 1.190729e+01
    endloop
  endfacet
  facet normal 7.747560e-03 -9.998425e-01 1.597069e-02
    outer loop
      vertex -7.217880e+00 -1.476973e+01 1.126500e+01
      vertex -6.886890e+00 -1.475691e+01 1.190729e+01
      vertex -6.918306e+00 -1.475691e+01 1.192253e+01
    endloop
  endfacet
  facet normal 6.966957e-03 -9.998425e-01 1.632633e-02
    outer loop
      vertex -7.217880e+00 -1.476973e+01 1.126500e+01
      vertex -6.918306e+00 -1.475691e+01 1.192253e+01
      vertex -6.950424e+00 -1.475691e+01 1.193624e+01
    endloop
  endfacet
  facet normal 6.169945e-03 -9.998424e-01 1.664390e-02
    outer loop
      vertex -7.217880e+00 -1.476973e+01 1.126500e+01
      vertex -6.950424e+00 -1.475691e+01 1.193624e+01
      vertex -6.983166e+00 -1.475691e+01 1.194838e+01
    endloop
  endfacet
  facet normal 5.358963e-03 -9.998424e-01 1.692244e-02
    outer loop
      vertex -7.217880e+00 -1.476973e+01 1.126500e+01
      vertex -6.983166e+00 -1.475691e+01 1.194838e+01
      vertex -7.016457e+00 -1.475691e+01 1.195892e+01
    endloop
  endfacet
  facet normal 4.534685e-03 -9.998425e-01 1.716170e-02
    outer loop
      vertex -7.217880e+00 -1.476973e+01 1.126500e+01
      vertex -7.016457e+00 -1.475691e+01 1.195892e+01
      vertex -7.050215e+00 -1.475691e+01 1.196784e+01
    endloop
  endfacet
  facet normal 3.700417e-03 -9.998425e-01 1.736072e-02
    outer loop
      vertex -7.217880e+00 -1.476973e+01 1.126500e+01
      vertex -7.050215e+00 -1.475691e+01 1.196784e+01
      vertex -7.084368e+00 -1.475691e+01 1.197512e+01
    endloop
  endfacet
  facet normal 2.857476e-03 -9.998424e-01 1.751920e-02
    outer loop
      vertex -7.217880e+00 -1.476973e+01 1.126500e+01
      vertex -7.084368e+00 -1.475691e+01 1.197512e+01
      vertex -7.118835e+00 -1.475691e+01 1.198074e+01
    endloop
  endfacet
  facet normal 2.007607e-03 -9.998425e-01 1.763681e-02
    outer loop
      vertex -7.217880e+00 -1.476973e+01 1.126500e+01
      vertex -7.118835e+00 -1.475691e+01 1.198074e+01
      vertex -7.153530e+00 -1.475691e+01 1.198469e+01
    endloop
  endfacet
  facet normal 1.152997e-03 -9.998425e-01 1.771322e-02
    outer loop
      vertex -7.217880e+00 -1.476973e+01 1.126500e+01
      vertex -7.153530e+00 -1.475691e+01 1.198469e+01
      vertex -7.188375e+00 -1.475691e+01 1.198696e+01
    endloop
  endfacet
  facet normal 2.961045e-04 -9.998425e-01 1.774824e-02
    outer loop
      vertex -7.217880e+00 -1.476973e+01 1.126500e+01
      vertex -7.188375e+00 -1.475691e+01 1.198696e+01
      vertex -7.223288e+00 -1.475691e+01 1.198754e+01
    endloop
  endfacet
  facet normal -5.619671e-04 -9.998425e-01 1.774181e-02
    outer loop
      vertex -7.217880e+00 -1.476973e+01 1.126500e+01
      vertex -7.223288e+00 -1.475691e+01 1.198754e+01
      vertex -7.258191e+00 -1.475691e+01 1.198643e+01
    endloop
  endfacet
  facet normal -1.418263e-03 -9.998424e-01 1.769396e-02
    outer loop
      vertex -7.217880e+00 -1.476973e+01 1.126500e+01
      vertex -7.258191e+00 -1.475691e+01 1.198643e+01
      vertex -7.293000e+00 -1.475691e+01 1.198364e+01
    endloop
  endfacet
  facet normal -2.271713e-03 -9.998424e-01 1.760475e-02
    outer loop
      vertex -7.217880e+00 -1.476973e+01 1.126500e+01
      vertex -7.293000e+00 -1.475691e+01 1.198364e+01
      vertex -7.327632e+00 -1.475691e+01 1.197918e+01
    endloop
  endfacet
  facet normal -3.119273e-03 -9.998424e-01 1.747450e-02
    outer loop
      vertex -7.217880e+00 -1.476973e+01 1.126500e+01
      vertex -7.327632e+00 -1.475691e+01 1.197918e+01
      vertex -7.362009e+00 -1.475691e+01 1.197304e+01
    endloop
  endfacet
  facet normal -3.959928e-03 -9.998424e-01 1.730338e-02
    outer loop
      vertex -7.217880e+00 -1.476973e+01 1.126500e+01
      vertex -7.362009e+00 -1.475691e+01 1.197304e+01
      vertex -7.396047e+00 -1.475691e+01 1.196525e+01
    endloop
  endfacet
  facet normal -4.791225e-03 -9.998424e-01 1.709186e-02
    outer loop
      vertex -7.217880e+00 -1.476973e+01 1.126500e+01
      vertex -7.396047e+00 -1.475691e+01 1.196525e+01
      vertex -7.429671e+00 -1.475691e+01 1.195582e+01
    endloop
  endfacet
  facet normal -5.611433e-03 -9.998425e-01 1.684041e-02
    outer loop
      vertex -7.217880e+00 -1.476973e+01 1.126500e+01
      vertex -7.429671e+00 -1.475691e+01 1.195582e+01
      vertex -7.462800e+00 -1.475691e+01 1.194478e+01
    endloop
  endfacet
  facet normal -6.418868e-03 -9.998424e-01 1.654950e-02
    outer loop
      vertex -7.217880e+00 -1.476973e+01 1.126500e+01
      vertex -7.462800e+00 -1.475691e+01 1.194478e+01
      vertex -7.495356e+00 -1.475691e+01 1.193216e+01
    endloop
  endfacet
  facet normal -7.210706e-03 -9.998424e-01 1.622016e-02
    outer loop
      vertex -7.217880e+00 -1.476973e+01 1.126500e+01
      vertex -7.495356e+00 -1.475691e+01 1.193216e+01
      vertex -7.527264e+00 -1.475691e+01 1.191797e+01
    endloop
  endfacet
  facet normal -7.985561e-03 -9.998424e-01 1.585303e-02
    outer loop
      vertex -7.217880e+00 -1.476973e+01 1.126500e+01
      vertex -7.527264e+00 -1.475691e+01 1.191797e+01
      vertex -7.558452e+00 -1.475691e+01 1.190226e+01
    endloop
  endfacet
  facet normal -8.742906e-03 -9.998425e-01 1.544828e-02
    outer loop
      vertex -7.217880e+00 -1.476973e+01 1.126500e+01
      vertex -7.558452e+00 -1.475691e+01 1.190226e+01
      vertex -7.588842e+00 -1.475691e+01 1.188506e+01
    endloop
  endfacet
  facet normal -9.478298e-03 -9.998425e-01 1.500832e-02
    outer loop
      vertex -7.217880e+00 -1.476973e+01 1.126500e+01
      vertex -7.588842e+00 -1.475691e+01 1.188506e+01
      vertex -7.618365e+00 -1.475691e+01 1.186642e+01
    endloop
  endfacet
  facet normal -1.019275e-02 -9.998425e-01 1.453257e-02
    outer loop
      vertex -7.217880e+00 -1.476973e+01 1.126500e+01
      vertex -7.618365e+00 -1.475691e+01 1.186642e+01
      vertex -7.646954e+00 -1.475691e+01 1.184637e+01
    endloop
  endfacet
  facet normal -1.088298e-02 -9.998425e-01 1.402315e-02
    outer loop
      vertex -7.217880e+00 -1.476973e+01 1.126500e+01
      vertex -7.646954e+00 -1.475691e+01 1.184637e+01
      vertex -7.674543e+00 -1.475691e+01 1.182496e+01
    endloop
  endfacet
  facet normal -1.154765e-02 -9.998424e-01 1.348109e-02
    outer loop
      vertex -7.217880e+00 -1.476973e+01 1.126500e+01
      vertex -7.674543e+00 -1.475691e+01 1.182496e+01
      vertex -7.701063e+00 -1.475691e+01 1.180224e+01
    endloop
  endfacet
  facet normal -1.218565e-02 -9.998425e-01 1.290729e-02
    outer loop
      vertex -7.217880e+00 -1.476973e+01 1.126500e+01
      vertex -7.701063e+00 -1.475691e+01 1.180224e+01
      vertex -7.726452e+00 -1.475691e+01 1.177827e+01
    endloop
  endfacet
  facet normal -1.279475e-02 -9.998425e-01 1.230376e-02
    outer loop
      vertex -7.217880e+00 -1.476973e+01 1.126500e+01
      vertex -7.726452e+00 -1.475691e+01 1.177827e+01
      vertex -7.750659e+00 -1.475691e+01 1.175310e+01
    endloop
  endfacet
  facet normal -1.337426e-02 -9.998425e-01 1.167121e-02
    outer loop
      vertex -7.217880e+00 -1.476973e+01 1.126500e+01
      vertex -7.750659e+00 -1.475691e+01 1.175310e+01
      vertex -7.773618e+00 -1.475691e+01 1.172679e+01
    endloop
  endfacet
  facet normal -1.392274e-02 -9.998424e-01 1.101114e-02
    outer loop
      vertex -7.217880e+00 -1.476973e+01 1.126500e+01
      vertex -7.773618e+00 -1.475691e+01 1.172679e+01
      vertex -7.795278e+00 -1.475691e+01 1.169940e+01
    endloop
  endfacet
  facet normal -1.443826e-02 -9.998424e-01 1.032592e-02
    outer loop
      vertex -7.217880e+00 -1.476973e+01 1.126500e+01
      vertex -7.795278e+00 -1.475691e+01 1.169940e+01
      vertex -7.815591e+00 -1.475691e+01 1.167100e+01
    endloop
  endfacet
  facet normal -1.492039e-02 -9.998425e-01 9.616114e-03
    outer loop
      vertex -7.217880e+00 -1.476973e+01 1.126500e+01
      vertex -7.815591e+00 -1.475691e+01 1.167100e+01
      vertex -7.834509e+00 -1.475691e+01 1.164164e+01
    endloop
  endfacet
  facet normal 6.058842e-02 -9.892789e-01 1.328766e-01
    outer loop
      vertex -7.217880e+00 -1.476973e+01 1.126500e+01
      vertex -7.834509e+00 -1.475691e+01 1.164164e+01
      vertex -7.598394e+00 -1.476511e+01 1.147288e+01
    endloop
  endfacet
  facet normal 8.548415e-02 -9.954056e-01 -4.313013e-02
    outer loop
      vertex -5.318754e+00 -1.465440e+01 1.022750e+01
      vertex -5.254964e+00 -1.465440e+01 1.035393e+01
      vertex -5.697543e+00 -1.469589e+01 1.043444e+01
    endloop
  endfacet
  facet normal 9.128501e-02 -9.957593e-01 -1.142146e-02
    outer loop
      vertex -5.697543e+00 -1.469589e+01 1.043444e+01
      vertex -5.254964e+00 -1.465440e+01 1.035393e+01
      vertex -5.918493e+00 -1.471845e+01 1.063465e+01
    endloop
  endfacet
  facet normal 5.916572e-02 -9.971400e-01 -4.702287e-02
    outer loop
      vertex -5.697543e+00 -1.469589e+01 1.043444e+01
      vertex -5.918493e+00 -1.471845e+01 1.063465e+01
      vertex -6.077025e+00 -1.472819e+01 1.064175e+01
    endloop
  endfacet
  facet normal -3.196556e-02 -9.981125e-01 5.243647e-02
    outer loop
      vertex -8.358735e+00 -1.472819e+01 1.188825e+01
      vertex -7.978737e+00 -1.475127e+01 1.168066e+01
      vertex -8.450361e+00 -1.471845e+01 1.201782e+01
    endloop
  endfacet
  facet normal -2.054776e-02 -9.974502e-01 6.834354e-02
    outer loop
      vertex -8.450361e+00 -1.471845e+01 1.201782e+01
      vertex -7.978737e+00 -1.475127e+01 1.168066e+01
      vertex -7.834509e+00 -1.475691e+01 1.164164e+01
    endloop
  endfacet
  facet normal -4.474780e-02 -9.985819e-01 2.883983e-02
    outer loop
      vertex -8.450361e+00 -1.471845e+01 1.201782e+01
      vertex -7.834509e+00 -1.475691e+01 1.164164e+01
      vertex -8.412552e+00 -1.471845e+01 1.207648e+01
    endloop
  endfacet
  facet normal -4.474786e-02 -9.985819e-01 2.883975e-02
    outer loop
      vertex -8.412552e+00 -1.471845e+01 1.207648e+01
      vertex -7.834509e+00 -1.475691e+01 1.164164e+01
      vertex -7.815591e+00 -1.475691e+01 1.167100e+01
    endloop
  endfacet
  facet normal -4.330220e-02 -9.985819e-01 3.096806e-02
    outer loop
      vertex -8.412552e+00 -1.471845e+01 1.207648e+01
      vertex -7.815591e+00 -1.475691e+01 1.167100e+01
      vertex -8.371950e+00 -1.471845e+01 1.213325e+01
    endloop
  endfacet
  facet normal -4.330183e-02 -9.985819e-01 3.096851e-02
    outer loop
      vertex -8.371950e+00 -1.471845e+01 1.213325e+01
      vertex -7.815591e+00 -1.475691e+01 1.167100e+01
      vertex -7.795278e+00 -1.475691e+01 1.169940e+01
    endloop
  endfacet
  facet normal -4.175531e-02 -9.985819e-01 3.302411e-02
    outer loop
      vertex -8.371950e+00 -1.471845e+01 1.213325e+01
      vertex -7.795278e+00 -1.475691e+01 1.169940e+01
      vertex -8.328654e+00 -1.471845e+01 1.218800e+01
    endloop
  endfacet
  facet normal -4.175580e-02 -9.985819e-01 3.302359e-02
    outer loop
      vertex -8.328654e+00 -1.471845e+01 1.218800e+01
      vertex -7.795278e+00 -1.475691e+01 1.169940e+01
      vertex -7.773618e+00 -1.475691e+01 1.172679e+01
    endloop
  endfacet
  facet normal -4.011128e-02 -9.985819e-01 3.500266e-02
    outer loop
      vertex -8.328654e+00 -1.471845e+01 1.218800e+01
      vertex -7.773618e+00 -1.475691e+01 1.172679e+01
      vertex -8.282766e+00 -1.471845e+01 1.224058e+01
    endloop
  endfacet
  facet normal -4.011080e-02 -9.985819e-01 3.500316e-02
    outer loop
      vertex -8.282766e+00 -1.471845e+01 1.224058e+01
      vertex -7.773618e+00 -1.475691e+01 1.172679e+01
      vertex -7.750659e+00 -1.475691e+01 1.175310e+01
    endloop
  endfacet
  facet normal -3.837281e-02 -9.985819e-01 3.690021e-02
    outer loop
      vertex -8.282766e+00 -1.471845e+01 1.224058e+01
      vertex -7.750659e+00 -1.475691e+01 1.175310e+01
      vertex -8.234388e+00 -1.471845e+01 1.229089e+01
    endloop
  endfacet
  facet normal -3.837277e-02 -9.985819e-01 3.690025e-02
    outer loop
      vertex -8.234388e+00 -1.471845e+01 1.229089e+01
      vertex -7.750659e+00 -1.475691e+01 1.175310e+01
      vertex -7.726452e+00 -1.475691e+01 1.177827e+01
    endloop
  endfacet
  facet normal -3.654577e-02 -9.985819e-01 3.871055e-02
    outer loop
      vertex -8.234388e+00 -1.471845e+01 1.229089e+01
      vertex -7.726452e+00 -1.475691e+01 1.177827e+01
      vertex -8.183637e+00 -1.471845e+01 1.233880e+01
    endloop
  endfacet
  facet normal -3.654605e-02 -9.985819e-01 3.871033e-02
    outer loop
      vertex -8.183637e+00 -1.471845e+01 1.233880e+01
      vertex -7.726452e+00 -1.475691e+01 1.177827e+01
      vertex -7.701063e+00 -1.475691e+01 1.180224e+01
    endloop
  endfacet
  facet normal -3.463284e-02 -9.985819e-01 4.043102e-02
    outer loop
      vertex -8.183637e+00 -1.471845e+01 1.233880e+01
      vertex -7.701063e+00 -1.475691e+01 1.180224e+01
      vertex -8.130630e+00 -1.471845e+01 1.238421e+01
    endloop
  endfacet
  facet normal -3.463262e-02 -9.985819e-01 4.043118e-02
    outer loop
      vertex -8.130630e+00 -1.471845e+01 1.238421e+01
      vertex -7.701063e+00 -1.475691e+01 1.180224e+01
      vertex -7.674543e+00 -1.475691e+01 1.182496e+01
    endloop
  endfacet
  facet normal -3.263868e-02 -9.985819e-01 4.205731e-02
    outer loop
      vertex -8.130630e+00 -1.471845e+01 1.238421e+01
      vertex -7.674543e+00 -1.475691e+01 1.182496e+01
      vertex -8.075490e+00 -1.471845e+01 1.242700e+01
    endloop
  endfacet
  facet normal -3.263922e-02 -9.985819e-01 4.205693e-02
    outer loop
      vertex -8.075490e+00 -1.471845e+01 1.242700e+01
      vertex -7.674543e+00 -1.475691e+01 1.182496e+01
      vertex -7.646954e+00 -1.475691e+01 1.184637e+01
    endloop
  endfacet
  facet normal -3.056901e-02 -9.985819e-01 4.358484e-02
    outer loop
      vertex -8.075490e+00 -1.471845e+01 1.242700e+01
      vertex -7.646954e+00 -1.475691e+01 1.184637e+01
      vertex -8.018349e+00 -1.471845e+01 1.246708e+01
    endloop
  endfacet
  facet normal -3.056917e-02 -9.985819e-01 4.358475e-02
    outer loop
      vertex -8.018349e+00 -1.471845e+01 1.246708e+01
      vertex -7.646954e+00 -1.475691e+01 1.184637e+01
      vertex -7.618365e+00 -1.475691e+01 1.186642e+01
    endloop
  endfacet
  facet normal -2.842758e-02 -9.985819e-01 4.501084e-02
    outer loop
      vertex -8.018349e+00 -1.471845e+01 1.246708e+01
      vertex -7.618365e+00 -1.475691e+01 1.186642e+01
      vertex -7.959336e+00 -1.471845e+01 1.250435e+01
    endloop
  endfacet
  facet normal -2.842638e-02 -9.985819e-01 4.501149e-02
    outer loop
      vertex -7.959336e+00 -1.471845e+01 1.250435e+01
      vertex -7.618365e+00 -1.475691e+01 1.186642e+01
      vertex -7.588842e+00 -1.475691e+01 1.188506e+01
    endloop
  endfacet
  facet normal -2.621935e-02 -9.985819e-01 4.633188e-02
    outer loop
      vertex -7.959336e+00 -1.471845e+01 1.250435e+01
      vertex -7.588842e+00 -1.475691e+01 1.188506e+01
      vertex -7.898595e+00 -1.471845e+01 1.253872e+01
    endloop
  endfacet
  facet normal -2.622095e-02 -9.985819e-01 4.633112e-02
    outer loop
      vertex -7.898595e+00 -1.471845e+01 1.253872e+01
      vertex -7.588842e+00 -1.475691e+01 1.188506e+01
      vertex -7.558452e+00 -1.475691e+01 1.190226e+01
    endloop
  endfacet
  facet normal -2.395054e-02 -9.985819e-01 4.754450e-02
    outer loop
      vertex -7.898595e+00 -1.471845e+01 1.253872e+01
      vertex -7.558452e+00 -1.475691e+01 1.190226e+01
      vertex -7.836261e+00 -1.471845e+01 1.257012e+01
    endloop
  endfacet
  facet normal -2.394954e-02 -9.985819e-01 4.754490e-02
    outer loop
      vertex -7.836261e+00 -1.471845e+01 1.257012e+01
      vertex -7.558452e+00 -1.475691e+01 1.190226e+01
      vertex -7.527264e+00 -1.475691e+01 1.191797e+01
    endloop
  endfacet
  facet normal -2.162607e-02 -9.985819e-01 4.864580e-02
    outer loop
      vertex -7.836261e+00 -1.471845e+01 1.257012e+01
      vertex -7.527264e+00 -1.475691e+01 1.191797e+01
      vertex -7.772484e+00 -1.471845e+01 1.259848e+01
    endloop
  endfacet
  facet normal -2.162565e-02 -9.985819e-01 4.864595e-02
    outer loop
      vertex -7.772484e+00 -1.471845e+01 1.259848e+01
      vertex -7.527264e+00 -1.475691e+01 1.191797e+01
      vertex -7.495356e+00 -1.475691e+01 1.193216e+01
    endloop
  endfacet
  facet normal -1.925007e-02 -9.985819e-01 4.963398e-02
    outer loop
      vertex -7.772484e+00 -1.471845e+01 1.259848e+01
      vertex -7.495356e+00 -1.475691e+01 1.193216e+01
      vertex -7.707411e+00 -1.471845e+01 1.262371e+01
    endloop
  endfacet
  facet normal -1.925087e-02 -9.985819e-01 4.963373e-02
    outer loop
      vertex -7.707411e+00 -1.471845e+01 1.262371e+01
      vertex -7.495356e+00 -1.475691e+01 1.193216e+01
      vertex -7.462800e+00 -1.475691e+01 1.194478e+01
    endloop
  endfacet
  facet normal -1.682942e-02 -9.985819e-01 5.050616e-02
    outer loop
      vertex -7.707411e+00 -1.471845e+01 1.262371e+01
      vertex -7.462800e+00 -1.475691e+01 1.194478e+01
      vertex -7.641195e+00 -1.471845e+01 1.264578e+01
    endloop
  endfacet
  facet normal -1.682929e-02 -9.985819e-01 5.050619e-02
    outer loop
      vertex -7.641195e+00 -1.471845e+01 1.264578e+01
      vertex -7.462800e+00 -1.475691e+01 1.194478e+01
      vertex -7.429671e+00 -1.475691e+01 1.195582e+01
    endloop
  endfacet
  facet normal -1.436970e-02 -9.985819e-01 5.126026e-02
    outer loop
      vertex -7.641195e+00 -1.471845e+01 1.264578e+01
      vertex -7.429671e+00 -1.475691e+01 1.195582e+01
      vertex -7.573992e+00 -1.471845e+01 1.266462e+01
    endloop
  endfacet
  facet normal -1.436939e-02 -9.985819e-01 5.126030e-02
    outer loop
      vertex -7.573992e+00 -1.471845e+01 1.266462e+01
      vertex -7.429671e+00 -1.475691e+01 1.195582e+01
      vertex -7.396047e+00 -1.475691e+01 1.196525e+01
    endloop
  endfacet
  facet normal -1.187663e-02 -9.985819e-01 5.189457e-02
    outer loop
      vertex -7.573992e+00 -1.471845e+01 1.266462e+01
      vertex -7.396047e+00 -1.475691e+01 1.196525e+01
      vertex -7.505955e+00 -1.471845e+01 1.268019e+01
    endloop
  endfacet
  facet normal -1.187623e-02 -9.985819e-01 5.189462e-02
    outer loop
      vertex -7.505955e+00 -1.471845e+01 1.268019e+01
      vertex -7.396047e+00 -1.475691e+01 1.196525e+01
      vertex -7.362009e+00 -1.475691e+01 1.197304e+01
    endloop
  endfacet
  facet normal -9.354914e-03 -9.985819e-01 5.240786e-02
    outer loop
      vertex -7.505955e+00 -1.471845e+01 1.268019e+01
      vertex -7.362009e+00 -1.475691e+01 1.197304e+01
      vertex -7.437246e+00 -1.471845e+01 1.269245e+01
    endloop
  endfacet
  facet normal -9.355024e-03 -9.985819e-01 5.240784e-02
    outer loop
      vertex -7.437246e+00 -1.471845e+01 1.269245e+01
      vertex -7.362009e+00 -1.475691e+01 1.197304e+01
      vertex -7.327632e+00 -1.475691e+01 1.197918e+01
    endloop
  endfacet
  facet normal -6.812963e-03 -9.985819e-01 5.279850e-02
    outer loop
      vertex -7.437246e+00 -1.471845e+01 1.269245e+01
      vertex -7.327632e+00 -1.475691e+01 1.197918e+01
      vertex -7.368027e+00 -1.471845e+01 1.270139e+01
    endloop
  endfacet
  facet normal -6.813103e-03 -9.985819e-01 5.279849e-02
    outer loop
      vertex -7.368027e+00 -1.471845e+01 1.270139e+01
      vertex -7.327632e+00 -1.475691e+01 1.197918e+01
      vertex -7.293000e+00 -1.475691e+01 1.198364e+01
    endloop
  endfacet
  facet normal -4.253629e-03 -9.985819e-01 5.306605e-02
    outer loop
      vertex -7.368027e+00 -1.471845e+01 1.270139e+01
      vertex -7.293000e+00 -1.475691e+01 1.198364e+01
      vertex -7.298454e+00 -1.471845e+01 1.270696e+01
    endloop
  endfacet
  facet normal -4.253518e-03 -9.985819e-01 5.306605e-02
    outer loop
      vertex -7.298454e+00 -1.471845e+01 1.270696e+01
      vertex -7.293000e+00 -1.475691e+01 1.198364e+01
      vertex -7.258191e+00 -1.475691e+01 1.198643e+01
    endloop
  endfacet
  facet normal -1.684690e-03 -9.985819e-01 5.320959e-02
    outer loop
      vertex -7.298454e+00 -1.471845e+01 1.270696e+01
      vertex -7.258191e+00 -1.475691e+01 1.198643e+01
      vertex -7.228692e+00 -1.471845e+01 1.270917e+01
    endloop
  endfacet
  facet normal -1.685400e-03 -9.985819e-01 5.320962e-02
    outer loop
      vertex -7.228692e+00 -1.471845e+01 1.270917e+01
      vertex -7.258191e+00 -1.475691e+01 1.198643e+01
      vertex -7.223288e+00 -1.475691e+01 1.198754e+01
    endloop
  endfacet
  facet normal 8.877371e-04 -9.985819e-01 5.322888e-02
    outer loop
      vertex -7.228692e+00 -1.471845e+01 1.270917e+01
      vertex -7.223288e+00 -1.475691e+01 1.198754e+01
      vertex -7.158909e+00 -1.471845e+01 1.270801e+01
    endloop
  endfacet
  facet normal 8.880490e-04 -9.985819e-01 5.322886e-02
    outer loop
      vertex -7.158909e+00 -1.471845e+01 1.270801e+01
      vertex -7.223288e+00 -1.475691e+01 1.198754e+01
      vertex -7.188375e+00 -1.475691e+01 1.198696e+01
    endloop
  endfacet
  facet normal 3.458429e-03 -9.985819e-01 5.312381e-02
    outer loop
      vertex -7.158909e+00 -1.471845e+01 1.270801e+01
      vertex -7.188375e+00 -1.475691e+01 1.198696e+01
      vertex -7.089261e+00 -1.471845e+01 1.270347e+01
    endloop
  endfacet
  facet normal 3.457963e-03 -9.985819e-01 5.312388e-02
    outer loop
      vertex -7.089261e+00 -1.471845e+01 1.270347e+01
      vertex -7.188375e+00 -1.475691e+01 1.198696e+01
      vertex -7.153530e+00 -1.475691e+01 1.198469e+01
    endloop
  endfacet
  facet normal 6.021264e-03 -9.985819e-01 5.289468e-02
    outer loop
      vertex -7.089261e+00 -1.471845e+01 1.270347e+01
      vertex -7.153530e+00 -1.475691e+01 1.198469e+01
      vertex -7.019913e+00 -1.471845e+01 1.269558e+01
    endloop
  endfacet
  facet normal 6.021034e-03 -9.985819e-01 5.289473e-02
    outer loop
      vertex -7.019913e+00 -1.471845e+01 1.269558e+01
      vertex -7.153530e+00 -1.475691e+01 1.198469e+01
      vertex -7.118835e+00 -1.475691e+01 1.198074e+01
    endloop
  endfacet
  facet normal 8.569269e-03 -9.985819e-01 5.254209e-02
    outer loop
      vertex -7.019913e+00 -1.471845e+01 1.269558e+01
      vertex -7.118835e+00 -1.475691e+01 1.198074e+01
      vertex -6.951027e+00 -1.471845e+01 1.268435e+01
    endloop
  endfacet
  facet normal 8.569875e-03 -9.985819e-01 5.254195e-02
    outer loop
      vertex -6.951027e+00 -1.471845e+01 1.268435e+01
      vertex -7.118835e+00 -1.475691e+01 1.198074e+01
      vertex -7.084368e+00 -1.475691e+01 1.197512e+01
    endloop
  endfacet
  facet normal 1.109803e-02 -9.985819e-01 5.206662e-02
    outer loop
      vertex -6.951027e+00 -1.471845e+01 1.268435e+01
      vertex -7.084368e+00 -1.475691e+01 1.197512e+01
      vertex -6.882765e+00 -1.471845e+01 1.266980e+01
    endloop
  endfacet
  facet normal 1.109794e-02 -9.985819e-01 5.206666e-02
    outer loop
      vertex -6.882765e+00 -1.471845e+01 1.266980e+01
      vertex -7.084368e+00 -1.475691e+01 1.197512e+01
      vertex -7.050215e+00 -1.475691e+01 1.196784e+01
    endloop
  endfacet
  facet normal 1.360064e-02 -9.985819e-01 5.146964e-02
    outer loop
      vertex -6.882765e+00 -1.471845e+01 1.266980e+01
      vertex -7.050215e+00 -1.475691e+01 1.196784e+01
      vertex -6.815286e+00 -1.471845e+01 1.265196e+01
    endloop
  endfacet
  facet normal 1.360002e-02 -9.985819e-01 5.146985e-02
    outer loop
      vertex -6.815286e+00 -1.471845e+01 1.265196e+01
      vertex -7.050215e+00 -1.475691e+01 1.196784e+01
      vertex -7.016457e+00 -1.475691e+01 1.195892e+01
    endloop
  endfacet
  facet normal 1.607177e-02 -9.985819e-01 5.075239e-02
    outer loop
      vertex -6.815286e+00 -1.471845e+01 1.265196e+01
      vertex -7.016457e+00 -1.475691e+01 1.195892e+01
      vertex -6.748749e+00 -1.471845e+01 1.263089e+01
    endloop
  endfacet
  facet normal 1.607211e-02 -9.985819e-01 5.075224e-02
    outer loop
      vertex -6.748749e+00 -1.471845e+01 1.263089e+01
      vertex -7.016457e+00 -1.475691e+01 1.195892e+01
      vertex -6.983166e+00 -1.475691e+01 1.194838e+01
    endloop
  endfacet
  facet normal 1.850460e-02 -9.985819e-01 4.991677e-02
    outer loop
      vertex -6.748749e+00 -1.471845e+01 1.263089e+01
      vertex -6.983166e+00 -1.475691e+01 1.194838e+01
      vertex -6.683307e+00 -1.471845e+01 1.260663e+01
    endloop
  endfacet
  facet normal 1.850434e-02 -9.985819e-01 4.991690e-02
    outer loop
      vertex -6.683307e+00 -1.471845e+01 1.260663e+01
      vertex -6.983166e+00 -1.475691e+01 1.194838e+01
      vertex -6.950424e+00 -1.475691e+01 1.193624e+01
    endloop
  endfacet
  facet normal 2.089462e-02 -9.985819e-01 4.896449e-02
    outer loop
      vertex -6.683307e+00 -1.471845e+01 1.260663e+01
      vertex -6.950424e+00 -1.475691e+01 1.193624e+01
      vertex -6.619110e+00 -1.471845e+01 1.257924e+01
    endloop
  endfacet
  facet normal 2.089467e-02 -9.985819e-01 4.896446e-02
    outer loop
      vertex -6.619110e+00 -1.471845e+01 1.257924e+01
      vertex -6.950424e+00 -1.475691e+01 1.193624e+01
      vertex -6.918306e+00 -1.475691e+01 1.192253e+01
    endloop
  endfacet
  facet normal 2.323576e-02 -9.985819e-01 4.789785e-02
    outer loop
      vertex -6.619110e+00 -1.471845e+01 1.257924e+01
      vertex -6.918306e+00 -1.475691e+01 1.192253e+01
      vertex -6.556314e+00 -1.471845e+01 1.254878e+01
    endloop
  endfacet
  facet normal 2.323578e-02 -9.985819e-01 4.789785e-02
    outer loop
      vertex -6.556314e+00 -1.471845e+01 1.254878e+01
      vertex -6.918306e+00 -1.475691e+01 1.192253e+01
      vertex -6.886890e+00 -1.475691e+01 1.190729e+01
    endloop
  endfacet
  facet normal 2.552271e-02 -9.985819e-01 4.671934e-02
    outer loop
      vertex -6.556314e+00 -1.471845e+01 1.254878e+01
      vertex -6.886890e+00 -1.475691e+01 1.190729e+01
      vertex -6.495063e+00 -1.471845e+01 1.251531e+01
    endloop
  endfacet
  facet normal 2.552298e-02 -9.985819e-01 4.671915e-02
    outer loop
      vertex -6.495063e+00 -1.471845e+01 1.251531e+01
      vertex -6.886890e+00 -1.475691e+01 1.190729e+01
      vertex -6.856245e+00 -1.475691e+01 1.189055e+01
    endloop
  endfacet
  facet normal 2.775021e-02 -9.985819e-01 4.543158e-02
    outer loop
      vertex -6.495063e+00 -1.471845e+01 1.251531e+01
      vertex -6.856245e+00 -1.475691e+01 1.189055e+01
      vertex -6.435501e+00 -1.471845e+01 1.247893e+01
    endloop
  endfacet
  facet normal 2.774988e-02 -9.985819e-01 4.543182e-02
    outer loop
      vertex -6.435501e+00 -1.471845e+01 1.247893e+01
      vertex -6.856245e+00 -1.475691e+01 1.189055e+01
      vertex -6.826443e+00 -1.475691e+01 1.187235e+01
    endloop
  endfacet
  facet normal 2.991262e-02 -9.985819e-01 4.403793e-02
    outer loop
      vertex -6.435501e+00 -1.471845e+01 1.247893e+01
      vertex -6.826443e+00 -1.475691e+01 1.187235e+01
      vertex -6.377766e+00 -1.471845e+01 1.243972e+01
    endloop
  endfacet
  facet normal 2.991278e-02 -9.985819e-01 4.403782e-02
    outer loop
      vertex -6.377766e+00 -1.471845e+01 1.243972e+01
      vertex -6.826443e+00 -1.475691e+01 1.187235e+01
      vertex -6.797559e+00 -1.475691e+01 1.185273e+01
    endloop
  endfacet
  facet normal 3.200563e-02 -9.985819e-01 4.254107e-02
    outer loop
      vertex -6.377766e+00 -1.471845e+01 1.243972e+01
      vertex -6.797559e+00 -1.475691e+01 1.185273e+01
      vertex -6.321993e+00 -1.471845e+01 1.239776e+01
    endloop
  endfacet
  facet normal 3.200619e-02 -9.985819e-01 4.254058e-02
    outer loop
      vertex -6.321993e+00 -1.471845e+01 1.239776e+01
      vertex -6.797559e+00 -1.475691e+01 1.185273e+01
      vertex -6.769653e+00 -1.475691e+01 1.183173e+01
    endloop
  endfacet
  facet normal 3.402321e-02 -9.985819e-01 4.094534e-02
    outer loop
      vertex -6.321993e+00 -1.471845e+01 1.239776e+01
      vertex -6.769653e+00 -1.475691e+01 1.183173e+01
      vertex -6.268311e+00 -1.471845e+01 1.235315e+01
    endloop
  endfacet
  facet normal 3.402324e-02 -9.985819e-01 4.094532e-02
    outer loop
      vertex -6.268311e+00 -1.471845e+01 1.235315e+01
      vertex -6.769653e+00 -1.475691e+01 1.183173e+01
      vertex -6.742797e+00 -1.475691e+01 1.180942e+01
    endloop
  endfacet
  facet normal 3.596164e-02 -9.985819e-01 3.925376e-02
    outer loop
      vertex -6.268311e+00 -1.471845e+01 1.235315e+01
      vertex -6.742797e+00 -1.475691e+01 1.180942e+01
      vertex -6.216849e+00 -1.471845e+01 1.230600e+01
    endloop
  endfacet
  facet normal 3.596159e-02 -9.985819e-01 3.925382e-02
    outer loop
      vertex -6.216849e+00 -1.471845e+01 1.230600e+01
      vertex -6.742797e+00 -1.475691e+01 1.180942e+01
      vertex -6.717048e+00 -1.475691e+01 1.178583e+01
    endloop
  endfacet
  facet normal 3.781659e-02 -9.985819e-01 3.747005e-02
    outer loop
      vertex -6.216849e+00 -1.471845e+01 1.230600e+01
      vertex -6.717048e+00 -1.475691e+01 1.178583e+01
      vertex -6.167724e+00 -1.471845e+01 1.225642e+01
    endloop
  endfacet
  facet normal 3.781649e-02 -9.985819e-01 3.747017e-02
    outer loop
      vertex -6.167724e+00 -1.471845e+01 1.225642e+01
      vertex -6.717048e+00 -1.475691e+01 1.178583e+01
      vertex -6.692469e+00 -1.475691e+01 1.176102e+01
    endloop
  endfacet
  facet normal 3.958231e-02 -9.985819e-01 3.559973e-02
    outer loop
      vertex -6.167724e+00 -1.471845e+01 1.225642e+01
      vertex -6.692469e+00 -1.475691e+01 1.176102e+01
      vertex -6.121050e+00 -1.471845e+01 1.220453e+01
    endloop
  endfacet
  facet normal 3.958220e-02 -9.985819e-01 3.559989e-02
    outer loop
      vertex -6.121050e+00 -1.471845e+01 1.220453e+01
      vertex -6.692469e+00 -1.475691e+01 1.176102e+01
      vertex -6.669120e+00 -1.475691e+01 1.173506e+01
    endloop
  endfacet
  facet normal 4.125612e-02 -9.985819e-01 3.364570e-02
    outer loop
      vertex -6.121050e+00 -1.471845e+01 1.220453e+01
      vertex -6.669120e+00 -1.475691e+01 1.173506e+01
      vertex -6.076938e+00 -1.471845e+01 1.215044e+01
    endloop
  endfacet
  facet normal 4.125644e-02 -9.985819e-01 3.364526e-02
    outer loop
      vertex -6.076938e+00 -1.471845e+01 1.215044e+01
      vertex -6.669120e+00 -1.475691e+01 1.173506e+01
      vertex -6.647049e+00 -1.475691e+01 1.170800e+01
    endloop
  endfacet
  facet normal 4.283358e-02 -9.985819e-01 3.161301e-02
    outer loop
      vertex -6.076938e+00 -1.471845e+01 1.215044e+01
      vertex -6.647049e+00 -1.475691e+01 1.170800e+01
      vertex -6.035493e+00 -1.471845e+01 1.209428e+01
    endloop
  endfacet
  facet normal 4.283317e-02 -9.985819e-01 3.161366e-02
    outer loop
      vertex -6.035493e+00 -1.471845e+01 1.209428e+01
      vertex -6.647049e+00 -1.475691e+01 1.170800e+01
      vertex -6.626313e+00 -1.475691e+01 1.167990e+01
    endloop
  endfacet
  facet normal 4.431099e-02 -9.985819e-01 2.950662e-02
    outer loop
      vertex -6.035493e+00 -1.471845e+01 1.209428e+01
      vertex -6.626313e+00 -1.475691e+01 1.167990e+01
      vertex -5.996808e+00 -1.471845e+01 1.203619e+01
    endloop
  endfacet
  facet normal 4.431097e-02 -9.985819e-01 2.950663e-02
    outer loop
      vertex -5.996808e+00 -1.471845e+01 1.203619e+01
      vertex -6.626313e+00 -1.475691e+01 1.167990e+01
      vertex -6.606959e+00 -1.475691e+01 1.165084e+01
    endloop
  endfacet
  facet normal 4.568460e-02 -9.985819e-01 2.733167e-02
    outer loop
      vertex -5.996808e+00 -1.471845e+01 1.203619e+01
      vertex -6.606959e+00 -1.475691e+01 1.165084e+01
      vertex -5.960976e+00 -1.471845e+01 1.197629e+01
    endloop
  endfacet
  facet normal 4.568505e-02 -9.985819e-01 2.733077e-02
    outer loop
      vertex -5.960976e+00 -1.471845e+01 1.197629e+01
      vertex -6.606959e+00 -1.475691e+01 1.165084e+01
      vertex -6.589032e+00 -1.475691e+01 1.162087e+01
    endloop
  endfacet
  facet normal 4.695193e-02 -9.985819e-01 2.509212e-02
    outer loop
      vertex -5.960976e+00 -1.471845e+01 1.197629e+01
      vertex -6.589032e+00 -1.475691e+01 1.162087e+01
      vertex -5.928078e+00 -1.471845e+01 1.191474e+01
    endloop
  endfacet
  facet normal 4.695150e-02 -9.985819e-01 2.509308e-02
    outer loop
      vertex -5.928078e+00 -1.471845e+01 1.191474e+01
      vertex -6.589032e+00 -1.475691e+01 1.162087e+01
      vertex -6.572571e+00 -1.475691e+01 1.159007e+01
    endloop
  endfacet
  facet normal 4.810916e-02 -9.985819e-01 2.279499e-02
    outer loop
      vertex -5.928078e+00 -1.471845e+01 1.191474e+01
      vertex -6.572571e+00 -1.475691e+01 1.159007e+01
      vertex -5.898192e+00 -1.471845e+01 1.185167e+01
    endloop
  endfacet
  facet normal 4.810921e-02 -9.985819e-01 2.279490e-02
    outer loop
      vertex -5.898192e+00 -1.471845e+01 1.185167e+01
      vertex -6.572571e+00 -1.475691e+01 1.159007e+01
      vertex -6.557619e+00 -1.475691e+01 1.155852e+01
    endloop
  endfacet
  facet normal 4.915446e-02 -9.985819e-01 2.044363e-02
    outer loop
      vertex -5.898192e+00 -1.471845e+01 1.185167e+01
      vertex -6.557619e+00 -1.475691e+01 1.155852e+01
      vertex -5.871390e+00 -1.471845e+01 1.178722e+01
    endloop
  endfacet
  facet normal 4.915458e-02 -9.985819e-01 2.044327e-02
    outer loop
      vertex -5.871390e+00 -1.471845e+01 1.178722e+01
      vertex -6.557619e+00 -1.475691e+01 1.155852e+01
      vertex -6.544212e+00 -1.475691e+01 1.152628e+01
    endloop
  endfacet
  facet normal 5.008467e-02 -9.985819e-01 1.804513e-02
    outer loop
      vertex -5.871390e+00 -1.471845e+01 1.178722e+01
      vertex -6.544212e+00 -1.475691e+01 1.152628e+01
      vertex -5.847732e+00 -1.471845e+01 1.172156e+01
    endloop
  endfacet
  facet normal 5.008464e-02 -9.985819e-01 1.804526e-02
    outer loop
      vertex -5.847732e+00 -1.471845e+01 1.172156e+01
      vertex -6.544212e+00 -1.475691e+01 1.152628e+01
      vertex -6.532374e+00 -1.475691e+01 1.149342e+01
    endloop
  endfacet
  facet normal 5.089797e-02 -9.985819e-01 1.560441e-02
    outer loop
      vertex -5.847732e+00 -1.471845e+01 1.172156e+01
      vertex -6.532374e+00 -1.475691e+01 1.149342e+01
      vertex -5.827275e+00 -1.471845e+01 1.165483e+01
    endloop
  endfacet
  facet normal 5.089814e-02 -9.985819e-01 1.560372e-02
    outer loop
      vertex -5.827275e+00 -1.471845e+01 1.165483e+01
      vertex -6.532374e+00 -1.475691e+01 1.149342e+01
      vertex -6.522138e+00 -1.475691e+01 1.146004e+01
    endloop
  endfacet
  facet normal 5.159242e-02 -9.985819e-01 1.312702e-02
    outer loop
      vertex -5.827275e+00 -1.471845e+01 1.165483e+01
      vertex -6.522138e+00 -1.475691e+01 1.146004e+01
      vertex -5.810064e+00 -1.471845e+01 1.158719e+01
    endloop
  endfacet
  facet normal 5.159241e-02 -9.985819e-01 1.312709e-02
    outer loop
      vertex -5.810064e+00 -1.471845e+01 1.158719e+01
      vertex -6.522138e+00 -1.475691e+01 1.146004e+01
      vertex -6.513528e+00 -1.475691e+01 1.142620e+01
    endloop
  endfacet
  facet normal 5.216644e-02 -9.985819e-01 1.061887e-02
    outer loop
      vertex -5.810064e+00 -1.471845e+01 1.158719e+01
      vertex -6.513528e+00 -1.475691e+01 1.142620e+01
      vertex -5.796144e+00 -1.471845e+01 1.151880e+01
    endloop
  endfacet
  facet normal 5.216641e-02 -9.985819e-01 1.061909e-02
    outer loop
      vertex -5.796144e+00 -1.471845e+01 1.151880e+01
      vertex -6.513528e+00 -1.475691e+01 1.142620e+01
      vertex -6.506562e+00 -1.475691e+01 1.139198e+01
    endloop
  endfacet
  facet normal 5.261853e-02 -9.985819e-01 8.086429e-03
    outer loop
      vertex -5.796144e+00 -1.471845e+01 1.151880e+01
      vertex -6.506562e+00 -1.475691e+01 1.139198e+01
      vertex -5.785541e+00 -1.471845e+01 1.144981e+01
    endloop
  endfacet
  facet normal 5.261851e-02 -9.985819e-01 8.086700e-03
    outer loop
      vertex -5.785541e+00 -1.471845e+01 1.144981e+01
      vertex -6.506562e+00 -1.475691e+01 1.139198e+01
      vertex -6.501258e+00 -1.475691e+01 1.135746e+01
    endloop
  endfacet
  facet normal 5.294779e-02 -9.985819e-01 5.534654e-03
    outer loop
      vertex -5.785541e+00 -1.471845e+01 1.144981e+01
      vertex -6.501258e+00 -1.475691e+01 1.135746e+01
      vertex -5.778285e+00 -1.471845e+01 1.138040e+01
    endloop
  endfacet
  facet normal 5.294780e-02 -9.985819e-01 5.534152e-03
    outer loop
      vertex -5.778285e+00 -1.471845e+01 1.138040e+01
      vertex -6.501258e+00 -1.475691e+01 1.135746e+01
      vertex -6.497628e+00 -1.475691e+01 1.132273e+01
    endloop
  endfacet
  facet normal 5.315334e-02 -9.985819e-01 2.970034e-03
    outer loop
      vertex -5.778285e+00 -1.471845e+01 1.138040e+01
      vertex -6.497628e+00 -1.475691e+01 1.132273e+01
      vertex -5.774391e+00 -1.471845e+01 1.131071e+01
    endloop
  endfacet
  facet normal 5.315334e-02 -9.985819e-01 2.970411e-03
    outer loop
      vertex -5.774391e+00 -1.471845e+01 1.131071e+01
      vertex -6.497628e+00 -1.475691e+01 1.132273e+01
      vertex -6.495681e+00 -1.475691e+01 1.128787e+01
    endloop
  endfacet
  facet normal 5.323478e-02 -9.985819e-01 3.984797e-04
    outer loop
      vertex -5.774391e+00 -1.471845e+01 1.131071e+01
      vertex -6.495681e+00 -1.475691e+01 1.128787e+01
      vertex -5.773869e+00 -1.471845e+01 1.124092e+01
    endloop
  endfacet
  facet normal 5.323480e-02 -9.985819e-01 3.986547e-04
    outer loop
      vertex -5.773869e+00 -1.471845e+01 1.124092e+01
      vertex -6.495681e+00 -1.475691e+01 1.128787e+01
      vertex -6.495420e+00 -1.475691e+01 1.125295e+01
    endloop
  endfacet
  facet normal 5.319188e-02 -9.985819e-01 -2.173520e-03
    outer loop
      vertex -5.773869e+00 -1.471845e+01 1.124092e+01
      vertex -6.495420e+00 -1.475691e+01 1.125295e+01
      vertex -5.776719e+00 -1.471845e+01 1.117118e+01
    endloop
  endfacet
  facet normal 5.319184e-02 -9.985819e-01 -2.173944e-03
    outer loop
      vertex -5.776719e+00 -1.471845e+01 1.117118e+01
      vertex -6.495420e+00 -1.475691e+01 1.125295e+01
      vertex -6.496845e+00 -1.475691e+01 1.121806e+01
    endloop
  endfacet
  facet normal 5.302471e-02 -9.985819e-01 -4.741115e-03
    outer loop
      vertex -5.776719e+00 -1.471845e+01 1.117118e+01
      vertex -6.496845e+00 -1.475691e+01 1.121806e+01
      vertex -5.782935e+00 -1.471845e+01 1.110166e+01
    endloop
  endfacet
  facet normal 5.302471e-02 -9.985819e-01 -4.741204e-03
    outer loop
      vertex -5.782935e+00 -1.471845e+01 1.110166e+01
      vertex -6.496845e+00 -1.475691e+01 1.121806e+01
      vertex -6.499956e+00 -1.475691e+01 1.118328e+01
    endloop
  endfacet
  facet normal 5.273373e-02 -9.985819e-01 -7.297456e-03
    outer loop
      vertex -5.782935e+00 -1.471845e+01 1.110166e+01
      vertex -6.499956e+00 -1.475691e+01 1.118328e+01
      vertex -5.792502e+00 -1.471845e+01 1.103252e+01
    endloop
  endfacet
  facet normal 5.273377e-02 -9.985819e-01 -7.297237e-03
    outer loop
      vertex -5.792502e+00 -1.471845e+01 1.103252e+01
      vertex -6.499956e+00 -1.475691e+01 1.118328e+01
      vertex -6.504741e+00 -1.475691e+01 1.114869e+01
    endloop
  endfacet
  facet normal 5.231959e-02 -9.985819e-01 -9.836654e-03
    outer loop
      vertex -5.792502e+00 -1.471845e+01 1.103252e+01
      vertex -6.504741e+00 -1.475691e+01 1.114869e+01
      vertex -5.805399e+00 -1.471845e+01 1.096393e+01
    endloop
  endfacet
  facet normal 5.231963e-02 -9.985819e-01 -9.836536e-03
    outer loop
      vertex -5.805399e+00 -1.471845e+01 1.096393e+01
      vertex -6.504741e+00 -1.475691e+01 1.114869e+01
      vertex -6.511194e+00 -1.475691e+01 1.111437e+01
    endloop
  endfacet
  facet normal 5.178325e-02 -9.985819e-01 -1.235289e-02
    outer loop
      vertex -5.805399e+00 -1.471845e+01 1.096393e+01
      vertex -6.511194e+00 -1.475691e+01 1.111437e+01
      vertex -5.821593e+00 -1.471845e+01 1.089604e+01
    endloop
  endfacet
  facet normal 5.178309e-02 -9.985819e-01 -1.235344e-02
    outer loop
      vertex -5.821593e+00 -1.471845e+01 1.089604e+01
      vertex -6.511194e+00 -1.475691e+01 1.111437e+01
      vertex -6.519297e+00 -1.475691e+01 1.108040e+01
    endloop
  endfacet
  facet normal 5.112597e-02 -9.985819e-01 -1.484023e-02
    outer loop
      vertex -5.821593e+00 -1.471845e+01 1.089604e+01
      vertex -6.519297e+00 -1.475691e+01 1.108040e+01
      vertex -5.841048e+00 -1.471845e+01 1.082901e+01
    endloop
  endfacet
  facet normal 5.112626e-02 -9.985819e-01 -1.483942e-02
    outer loop
      vertex -5.841048e+00 -1.471845e+01 1.082901e+01
      vertex -6.519297e+00 -1.475691e+01 1.108040e+01
      vertex -6.529029e+00 -1.475691e+01 1.104687e+01
    endloop
  endfacet
  facet normal 5.034935e-02 -9.985819e-01 -1.729288e-02
    outer loop
      vertex -5.841048e+00 -1.471845e+01 1.082901e+01
      vertex -6.529029e+00 -1.475691e+01 1.104687e+01
      vertex -5.863722e+00 -1.471845e+01 1.076300e+01
    endloop
  endfacet
  facet normal 5.034926e-02 -9.985819e-01 -1.729310e-02
    outer loop
      vertex -5.863722e+00 -1.471845e+01 1.076300e+01
      vertex -6.529029e+00 -1.475691e+01 1.104687e+01
      vertex -6.540372e+00 -1.475691e+01 1.101384e+01
    endloop
  endfacet
  facet normal 4.945489e-02 -9.985819e-01 -1.970567e-02
    outer loop
      vertex -5.863722e+00 -1.471845e+01 1.076300e+01
      vertex -6.540372e+00 -1.475691e+01 1.101384e+01
      vertex -5.889555e+00 -1.471845e+01 1.069816e+01
    endloop
  endfacet
  facet normal 4.945474e-02 -9.985819e-01 -1.970600e-02
    outer loop
      vertex -5.889555e+00 -1.471845e+01 1.069816e+01
      vertex -6.540372e+00 -1.475691e+01 1.101384e+01
      vertex -6.553299e+00 -1.475691e+01 1.098140e+01
    endloop
  endfacet
  facet normal 4.844518e-02 -9.985819e-01 -2.207176e-02
    outer loop
      vertex -5.889555e+00 -1.471845e+01 1.069816e+01
      vertex -6.553299e+00 -1.475691e+01 1.098140e+01
      vertex -5.918493e+00 -1.471845e+01 1.063465e+01
    endloop
  endfacet
  facet normal 4.844571e-02 -9.985819e-01 -2.207082e-02
    outer loop
      vertex -5.918493e+00 -1.471845e+01 1.063465e+01
      vertex -6.553299e+00 -1.475691e+01 1.098140e+01
      vertex -6.567777e+00 -1.475691e+01 1.094962e+01
    endloop
  endfacet
  facet normal 6.155372e-02 -9.980912e-01 5.009670e-03
    outer loop
      vertex -5.918493e+00 -1.471845e+01 1.063465e+01
      vertex -6.567777e+00 -1.475691e+01 1.094962e+01
      vertex -6.077025e+00 -1.472819e+01 1.064175e+01
    endloop
  endfacet
  facet normal 7.533652e-02 -9.967898e-01 2.710060e-02
    outer loop
      vertex -6.077025e+00 -1.472819e+01 1.064175e+01
      vertex -6.567777e+00 -1.475691e+01 1.094962e+01
      vertex -6.457023e+00 -1.475127e+01 1.084934e+01
    endloop
  endfacet
  facet normal 0.000000e+00 0.000000e+00 1.000000e+00
    outer loop
      vertex -1.218000e+01 1.218000e+01 4.785000e+00
      vertex -1.218000e+01 -1.218000e+01 4.785000e+00
      vertex 1.218000e+01 1.218000e+01 4.785000e+00
    endloop
  endfacet
  facet normal 0.000000e+00 0.000000e+00 1.000000e+00
    outer loop
      vertex 1.218000e+01 1.218000e+01 4.785000e+00
      vertex -1.218000e+01 -1.218000e+01 4.785000e+00
      vertex 1.218000e+01 -1.218000e+01 4.785000e+00
    endloop
  endfacet
  facet normal 0.000000e+00 0.000000e+00 -1.000000e+00
    outer loop
      vertex -1.218000e+01 1.218000e+01 2.878500e+01
      vertex 1.218000e+01 1.218000e+01 2.878500e+01
      vertex -1.218000e+01 -1.218000e+01 2.878500e+01
    endloop
  endfacet
  facet normal 0.000000e+00 0.000000e+00 -1.000000e+00
    outer loop
      vertex -1.218000e+01 -1.218000e+01 2.878500e+01
      vertex 1.218000e+01 1.218000e+01 2.878500e+01
      vertex 1.218000e+01 -1.218000e+01 2.878500e+01
    endloop
  endfacet
  facet normal -1.000000e+00 0.000000e+00 0.000000e+00
    outer loop
      vertex 1.218000e+01 -1.218000e+01 4.785000e+00
      vertex 1.218000e+01 -1.218000e+01 2.878500e+01
      vertex 1.218000e+01 1.218000e+01 4.785000e+00
    endloop
  endfacet
  facet normal -1.000000e+00 0.000000e+00 0.000000e+00
    outer loop
      vertex 1.218000e+01 1.218000e+01 4.785000e+00
      vertex 1.218000e+01 -1.218000e+01 2.878500e+01
      vertex 1.218000e+01 1.218000e+01 2.878500e+01
    endloop
  endfacet
  facet normal 0.000000e+00 -1.000000e+00 0.000000e+00
    outer loop
      vertex 1.218000e+01 1.218000e+01 4.785000e+00
      vertex 1.218000e+01 1.218000e+01 2.878500e+01
      vertex -1.218000e+01 1.218000e+01 4.785000e+00
    endloop
  endfacet
  facet normal 0.000000e+00 -1.000000e+00 0.000000e+00
    outer loop
      vertex -1.218000e+01 1.218000e+01 4.785000e+00
      vertex 1.218000e+01 1.218000e+01 2.878500e+01
      vertex -1.218000e+01 1.218000e+01 2.878500e+01
    endloop
  endfacet
  facet normal 1.000000e+00 0.000000e+00 0.000000e+00
    outer loop
      vertex -1.218000e+01 1.218000e+01 4.785000e+00
      vertex -1.218000e+01 1.218000e+01 2.878500e+01
      vertex -1.218000e+01 -1.218000e+01 4.785000e+00
    endloop
  endfacet
  facet normal 1.000000e+00 0.000000e+00 0.000000e+00
    outer loop
      vertex -1.218000e+01 -1.218000e+01 4.785000e+00
      vertex -1.218000e+01 1.218000e+01 2.878500e+01
      vertex -1.218000e+01 -1.218000e+01 2.878500e+01
    endloop
  endfacet
  facet normal 0.000000e+00 1.000000e+00 0.000000e+00
    outer loop
      vertex -1.218000e+01 -1.218000e+01 4.785000e+00
      vertex -1.218000e+01 -1.218000e+01 2.878500e+01
      vertex 1.218000e+01 -1.218000e+01 4.785000e+00
    endloop
  endfacet
  facet normal 0.000000e+00 1.000000e+00 0.000000e+00
    outer loop
      vertex 1.218000e+01 -1.218000e+01 4.785000e+00
      vertex -1.218000e+01 -1.218000e+01 2.878500e+01
      vertex 1.218000e+01 -1.218000e+01 2.878500e+01
    endloop
  endfacet
  facet normal -1.000000e+00 0.000000e+00 0.000000e+00
    outer loop
      vertex 1.245000e+01 -1.500000e+01 3.000000e-01
      vertex 1.245000e+01 -1.500000e+01 2.265000e+00
      vertex 1.245000e+01 -1.476000e+01 2.265000e+00
    endloop
  endfacet
  facet normal -1.000000e+00 0.000000e+00 0.000000e+00
    outer loop
      vertex 1.245000e+01 -1.500000e+01 3.000000e-01
      vertex 1.245000e+01 -1.476000e+01 2.265000e+00
      vertex 1.245000e+01 -1.302000e+01 2.265000e+00
    endloop
  endfacet
  facet normal -1.000000e+00 0.000000e+00 0.000000e+00
    outer loop
      vertex 1.245000e+01 -1.500000e+01 3.000000e-01
      vertex 1.245000e+01 -1.302000e+01 2.265000e+00
      vertex 1.245000e+01 -1.245000e+01 2.265000e+00
    endloop
  endfacet
  facet normal -1.000000e+00 0.000000e+00 0.000000e+00
    outer loop
      vertex 1.245000e+01 -1.500000e+01 3.000000e-01
      vertex 1.245000e+01 -1.245000e+01 2.265000e+00
      vertex 1.245000e+01 -1.245000e+01 3.000000e-01
    endloop
  endfacet
  facet normal 1.000000e+00 0.000000e+00 0.000000e+00
    outer loop
      vertex -1.245000e+01 -1.500000e+01 3.000000e-01
      vertex -1.245000e+01 -1.245000e+01 3.000000e-01
      vertex -1.245000e+01 -1.245000e+01 2.265000e+00
    endloop
  endfacet
  facet normal 1.000000e+00 0.000000e+00 0.000000e+00
    outer loop
      vertex -1.245000e+01 -1.500000e+01 3.000000e-01
      vertex -1.245000e+01 -1.245000e+01 2.265000e+00
      vertex -1.245000e+01 -1.302000e+01 2.265000e+00
    endloop
  endfacet
  facet normal 1.000000e+00 0.000000e+00 0.000000e+00
    outer loop
      vertex -1.245000e+01 -1.500000e+01 3.000000e-01
      vertex -1.245000e+01 -1.302000e+01 2.265000e+00
      vertex -1.245000e+01 -1.476000e+01 2.265000e+00
    endloop
  endfacet
  facet normal 1.000000e+00 0.000000e+00 0.000000e+00
    outer loop
      vertex -1.245000e+01 -1.500000e+01 3.000000e-01
      vertex -1.245000e+01 -1.476000e+01 2.265000e+00
      vertex -1.245000e+01 -1.500000e+01 2.265000e+00
    endloop
  endfacet
  facet normal 1.000000e+00 0.000000e+00 0.000000e+00
    outer loop
      vertex -1.245000e+01 1.302000e+01 2.265000e+00
      vertex -1.245000e+01 1.245000e+01 2.265000e+00
      vertex -1.245000e+01 1.245000e+01 3.000000e-01
    endloop
  endfacet
  facet normal 1.000000e+00 0.000000e+00 0.000000e+00
    outer loop
      vertex -1.245000e+01 1.500000e+01 3.000000e-01
      vertex -1.245000e+01 1.500000e+01 2.265000e+00
      vertex -1.245000e+01 1.245000e+01 3.000000e-01
    endloop
  endfacet
  facet normal 1.000000e+00 0.000000e+00 0.000000e+00
    outer loop
      vertex -1.245000e+01 1.245000e+01 3.000000e-01
      vertex -1.245000e+01 1.500000e+01 2.265000e+00
      vertex -1.245000e+01 1.476000e+01 2.265000e+00
    endloop
  endfacet
  facet normal 1.000000e+00 0.000000e+00 0.000000e+00
    outer loop
      vertex -1.245000e+01 1.245000e+01 3.000000e-01
      vertex -1.245000e+01 1.476000e+01 2.265000e+00
      vertex -1.245000e+01 1.302000e+01 2.265000e+00
    endloop
  endfacet
  facet normal -1.000000e+00 0.000000e+00 0.000000e+00
    outer loop
      vertex 1.245000e+01 1.245000e+01 3.000000e-01
      vertex 1.245000e+01 1.245000e+01 2.265000e+00
      vertex 1.245000e+01 1.302000e+01 2.265000e+00
    endloop
  endfacet
  facet normal -1.000000e+00 0.000000e+00 0.000000e+00
    outer loop
      vertex 1.245000e+01 1.245000e+01 3.000000e-01
      vertex 1.245000e+01 1.302000e+01 2.265000e+00
      vertex 1.245000e+01 1.476000e+01 2.265000e+00
    endloop
  endfacet
  facet normal -1.000000e+00 0.000000e+00 0.000000e+00
    outer loop
      vertex 1.245000e+01 1.245000e+01 3.000000e-01
      vertex 1.245000e+01 1.476000e+01 2.265000e+00
      vertex 1.245000e+01 1.500000e+01 2.265000e+00
    endloop
  endfacet
  facet normal -1.000000e+00 0.000000e+00 0.000000e+00
    outer loop
      vertex 1.245000e+01 1.245000e+01 3.000000e-01
      vertex 1.245000e+01 1.500000e+01 2.265000e+00
      vertex 1.245000e+01 1.500000e+01 3.000000e-01
    endloop
  endfacet
  facet normal 0.000000e+00 -1.000000e+00 0.000000e+00
    outer loop
      vertex 7.170305e+00 -1.518000e+01 3.895230e+00
      vertex 1.245000e+01 -1.518000e+01 2.265000e+00
      vertex 1.202347e+01 -1.518000e+01 8.748387e+00
    endloop
  endfacet
  facet normal 0.000000e+00 -1.000000e+00 0.000000e+00
    outer loop
      vertex -1.245000e+01 -1.518000e+01 3.178500e+01
      vertex -1.245000e+01 -1.518000e+01 2.265000e+00
      vertex -1.202346e+01 -1.518000e+01 8.748387e+00
    endloop
  endfacet
  facet normal 0.000000e+00 -1.000000e+00 0.000000e+00
    outer loop
      vertex -1.245000e+01 -1.518000e+01 3.178500e+01
      vertex -1.202346e+01 -1.518000e+01 8.748387e+00
      vertex -1.202346e+01 -1.518000e+01 1.653407e+01
    endloop
  endfacet
  facet normal 0.000000e+00 -1.000000e+00 0.000000e+00
    outer loop
      vertex -1.245000e+01 -1.518000e+01 3.178500e+01
      vertex -1.202346e+01 -1.518000e+01 1.653407e+01
      vertex -1.202346e+01 -1.518000e+01 1.751593e+01
    endloop
  endfacet
  facet normal 0.000000e+00 -1.000000e+00 0.000000e+00
    outer loop
      vertex -1.245000e+01 -1.518000e+01 3.178500e+01
      vertex -1.202346e+01 -1.518000e+01 1.751593e+01
      vertex -1.202346e+01 -1.518000e+01 2.530161e+01
    endloop
  endfacet
  facet normal 0.000000e+00 -1.000000e+00 0.000000e+00
    outer loop
      vertex -1.245000e+01 -1.518000e+01 3.178500e+01
      vertex -1.202346e+01 -1.518000e+01 2.530161e+01
      vertex -7.170309e+00 -1.518000e+01 3.015477e+01
    endloop
  endfacet
  facet normal 0.000000e+00 -1.000000e+00 0.000000e+00
    outer loop
      vertex -1.245000e+01 -1.518000e+01 3.178500e+01
      vertex -7.170309e+00 -1.518000e+01 3.015477e+01
      vertex 7.170305e+00 -1.518000e+01 3.015477e+01
    endloop
  endfacet
  facet normal 0.000000e+00 -1.000000e+00 0.000000e+00
    outer loop
      vertex -1.245000e+01 -1.518000e+01 3.178500e+01
      vertex 7.170305e+00 -1.518000e+01 3.015477e+01
      vertex 1.245000e+01 -1.518000e+01 3.178500e+01
    endloop
  endfacet
  facet normal 0.000000e+00 -1.000000e+00 0.000000e+00
    outer loop
      vertex 1.245000e+01 -1.518000e+01 3.178500e+01
      vertex 7.170305e+00 -1.518000e+01 3.015477e+01
      vertex 1.202347e+01 -1.518000e+01 2.530161e+01
    endloop
  endfacet
  facet normal 0.000000e+00 -1.000000e+00 0.000000e+00
    outer loop
      vertex 1.245000e+01 -1.518000e+01 3.178500e+01
      vertex 1.202347e+01 -1.518000e+01 2.530161e+01
      vertex 1.202347e+01 -1.518000e+01 1.751593e+01
    endloop
  endfacet
  facet normal 0.000000e+00 -1.000000e+00 0.000000e+00
    outer loop
      vertex 1.245000e+01 -1.518000e+01 3.178500e+01
      vertex 1.202347e+01 -1.518000e+01 1.751593e+01
      vertex 1.202347e+01 -1.518000e+01 1.653407e+01
    endloop
  endfacet
  facet normal 0.000000e+00 -1.000000e+00 0.000000e+00
    outer loop
      vertex 1.245000e+01 -1.518000e+01 3.178500e+01
      vertex 1.202347e+01 -1.518000e+01 1.653407e+01
      vertex 1.202347e+01 -1.518000e+01 8.748387e+00
    endloop
  endfacet
  facet normal 0.000000e+00 -1.000000e+00 0.000000e+00
    outer loop
      vertex 1.245000e+01 -1.518000e+01 3.178500e+01
      vertex 1.202347e+01 -1.518000e+01 8.748387e+00
      vertex 1.245000e+01 -1.518000e+01 2.265000e+00
    endloop
  endfacet
  facet normal 0.000000e+00 -1.000000e+00 0.000000e+00
    outer loop
      vertex 1.245000e+01 -1.518000e+01 2.265000e+00
      vertex 7.170305e+00 -1.518000e+01 3.895230e+00
      vertex -1.245000e+01 -1.518000e+01 2.265000e+00
    endloop
  endfacet
  facet normal 0.000000e+00 -1.000000e+00 0.000000e+00
    outer loop
      vertex -1.245000e+01 -1.518000e+01 2.265000e+00
      vertex 7.170305e+00 -1.518000e+01 3.895230e+00
      vertex -7.170309e+00 -1.518000e+01 3.895230e+00
    endloop
  endfacet
  facet normal 0.000000e+00 -1.000000e+00 0.000000e+00
    outer loop
      vertex -1.245000e+01 -1.518000e+01 2.265000e+00
      vertex -7.170309e+00 -1.518000e+01 3.895230e+00
      vertex -1.202346e+01 -1.518000e+01 8.748387e+00
    endloop
  endfacet
  facet normal 0.000000e+00 -1.000000e+00 0.000000e+00
    outer loop
      vertex -1.202346e+01 -1.518000e+01 1.751593e+01
      vertex -1.202346e+01 -1.518000e+01 1.653407e+01
      vertex 1.202347e+01 -1.518000e+01 1.751593e+01
    endloop
  endfacet
  facet normal 0.000000e+00 -1.000000e+00 0.000000e+00
    outer loop
      vertex 1.202347e+01 -1.518000e+01 1.751593e+01
      vertex -1.202346e+01 -1.518000e+01 1.653407e+01
      vertex 1.202347e+01 -1.518000e+01 1.653407e+01
    endloop
  endfacet
  facet normal 0.000000e+00 1.000000e+00 0.000000e+00
    outer loop
      vertex -7.170309e+00 1.518000e+01 3.895230e+00
      vertex -1.245000e+01 1.518000e+01 2.265000e+00
      vertex -1.202346e+01 1.518000e+01 8.748387e+00
    endloop
  endfacet
  facet normal 0.000000e+00 1.000000e+00 0.000000e+00
    outer loop
      vertex 1.245000e+01 1.518000e+01 3.178500e+01
      vertex 1.245000e+01 1.518000e+01 2.265000e+00
      vertex 1.202347e+01 1.518000e+01 8.748387e+00
    endloop
  endfacet
  facet normal 0.000000e+00 1.000000e+00 0.000000e+00
    outer loop
      vertex 1.245000e+01 1.518000e+01 3.178500e+01
      vertex 1.202347e+01 1.518000e+01 8.748387e+00
      vertex 1.202347e+01 1.518000e+01 1.653407e+01
    endloop
  endfacet
  facet normal 0.000000e+00 1.000000e+00 0.000000e+00
    outer loop
      vertex 1.245000e+01 1.518000e+01 3.178500e+01
      vertex 1.202347e+01 1.518000e+01 1.653407e+01
      vertex 1.202347e+01 1.518000e+01 1.751593e+01
    endloop
  endfacet
  facet normal 0.000000e+00 1.000000e+00 0.000000e+00
    outer loop
      vertex 1.245000e+01 1.518000e+01 3.178500e+01
      vertex 1.202347e+01 1.518000e+01 1.751593e+01
      vertex 1.202347e+01 1.518000e+01 2.530161e+01
    endloop
  endfacet
  facet normal 0.000000e+00 1.000000e+00 0.000000e+00
    outer loop
      vertex 1.245000e+01 1.518000e+01 3.178500e+01
      vertex 1.202347e+01 1.518000e+01 2.530161e+01
      vertex 7.170305e+00 1.518000e+01 3.015477e+01
    endloop
  endfacet
  facet normal 0.000000e+00 1.000000e+00 0.000000e+00
    outer loop
      vertex 1.245000e+01 1.518000e+01 3.178500e+01
      vertex 7.170305e+00 1.518000e+01 3.015477e+01
      vertex -7.170309e+00 1.518000e+01 3.015477e+01
    endloop
  endfacet
  facet normal 0.000000e+00 9.999999e-01 0.000000e+00
    outer loop
      vertex 1.245000e+01 1.518000e+01 3.178500e+01
      vertex -7.170309e+00 1.518000e+01 3.015477e+01
      vertex -1.245000e+01 1.518000e+01 3.178500e+01
    endloop
  endfacet
  facet normal 0.000000e+00 1.000000e+00 0.000000e+00
    outer loop
      vertex -1.245000e+01 1.518000e+01 3.178500e+01
      vertex -7.170309e+00 1.518000e+01 3.015477e+01
      vertex -1.202346e+01 1.518000e+01 2.530161e+01
    endloop
  endfacet
  facet normal 0.000000e+00 1.000000e+00 0.000000e+00
    outer loop
      vertex -1.245000e+01 1.518000e+01 3.178500e+01
      vertex -1.202346e+01 1.518000e+01 2.530161e+01
      vertex -1.202346e+01 1.518000e+01 1.751593e+01
    endloop
  endfacet
  facet normal 0.000000e+00 1.000000e+00 0.000000e+00
    outer loop
      vertex -1.245000e+01 1.518000e+01 3.178500e+01
      vertex -1.202346e+01 1.518000e+01 1.751593e+01
      vertex -1.202346e+01 1.518000e+01 1.653407e+01
    endloop
  endfacet
  facet normal 0.000000e+00 1.000000e+00 0.000000e+00
    outer loop
      vertex -1.245000e+01 1.518000e+01 3.178500e+01
      vertex -1.202346e+01 1.518000e+01 1.653407e+01
      vertex -1.202346e+01 1.518000e+01 8.748387e+00
    endloop
  endfacet
  facet normal 0.000000e+00 1.000000e+00 0.000000e+00
    outer loop
      vertex -1.245000e+01 1.518000e+01 3.178500e+01
      vertex -1.202346e+01 1.518000e+01 8.748387e+00
      vertex -1.245000e+01 1.518000e+01 2.265000e+00
    endloop
  endfacet
  facet normal 0.000000e+00 1.000000e+00 0.000000e+00
    outer loop
      vertex -1.245000e+01 1.518000e+01 2.265000e+00
      vertex -7.170309e+00 1.518000e+01 3.895230e+00
      vertex 1.245000e+01 1.518000e+01 2.265000e+00
    endloop
  endfacet
  facet normal 0.000000e+00 1.000000e+00 0.000000e+00
    outer loop
      vertex 1.245000e+01 1.518000e+01 2.265000e+00
      vertex -7.170309e+00 1.518000e+01 3.895230e+00
      vertex 7.170305e+00 1.518000e+01 3.895230e+00
    endloop
  endfacet
  facet normal 0.000000e+00 1.000000e+00 0.000000e+00
    outer loop
      vertex 1.245000e+01 1.518000e+01 2.265000e+00
      vertex 7.170305e+00 1.518000e+01 3.895230e+00
      vertex 1.202347e+01 1.518000e+01 8.748387e+00
    endloop
  endfacet
  facet normal 0.000000e+00 1.000000e+00 0.000000e+00
    outer loop
      vertex 1.202347e+01 1.518000e+01 1.751593e+01
      vertex 1.202347e+01 1.518000e+01 1.653407e+01
      vertex -1.202346e+01 1.518000e+01 1.751593e+01
    endloop
  endfacet
  facet normal 0.000000e+00 1.000000e+00 0.000000e+00
    outer loop
      vertex -1.202346e+01 1.518000e+01 1.751593e+01
      vertex 1.202347e+01 1.518000e+01 1.653407e+01
      vertex -1.202346e+01 1.518000e+01 1.653407e+01
    endloop
  endfacet
  facet normal 9.999999e-01 0.000000e+00 0.000000e+00
    outer loop
      vertex 1.245000e+01 1.518000e+01 2.265000e+00
      vertex 1.245000e+01 1.518000e+01 3.178500e+01
      vertex 1.245000e+01 1.500000e+01 2.265000e+00
    endloop
  endfacet
  facet normal 9.999999e-01 0.000000e+00 0.000000e+00
    outer loop
      vertex 1.245000e+01 1.500000e+01 2.265000e+00
      vertex 1.245000e+01 1.518000e+01 3.178500e+01
      vertex 1.245000e+01 1.500000e+01 3.178500e+01
    endloop
  endfacet
  facet normal -9.999999e-01 0.000000e+00 0.000000e+00
    outer loop
      vertex -1.245000e+01 1.518000e+01 2.265000e+00
      vertex -1.245000e+01 1.500000e+01 2.265000e+00
      vertex -1.245000e+01 1.500000e+01 8.108133e+00
    endloop
  endfacet
  facet normal -1.000000e+00 0.000000e+00 0.000000e+00
    outer loop
      vertex -1.245000e+01 1.518000e+01 2.265000e+00
      vertex -1.245000e+01 1.500000e+01 8.108133e+00
      vertex -1.245000e+01 1.500000e+01 1.173559e+01
    endloop
  endfacet
  facet normal -1.000000e+00 0.000000e+00 0.000000e+00
    outer loop
      vertex -1.245000e+01 1.518000e+01 2.265000e+00
      vertex -1.245000e+01 1.500000e+01 1.173559e+01
      vertex -1.245000e+01 1.500000e+01 3.178500e+01
    endloop
  endfacet
  facet normal -9.999999e-01 0.000000e+00 0.000000e+00
    outer loop
      vertex -1.245000e+01 1.518000e+01 2.265000e+00
      vertex -1.245000e+01 1.500000e+01 3.178500e+01
      vertex -1.245000e+01 1.518000e+01 3.178500e+01
    endloop
  endfacet
  facet normal -1.000000e+00 0.000000e+00 0.000000e+00
    outer loop
      vertex -1.245000e+01 -1.518000e+01 2.265000e+00
      vertex -1.245000e+01 -1.518000e+01 3.178500e+01
      vertex -1.245000e+01 -1.500000e+01 2.265000e+00
    endloop
  endfacet
  facet normal -1.000000e+00 0.000000e+00 0.000000e+00
    outer loop
      vertex -1.245000e+01 -1.500000e+01 2.265000e+00
      vertex -1.245000e+01 -1.518000e+01 3.178500e+01
      vertex -1.245000e+01 -1.500000e+01 3.178500e+01
    endloop
  endfacet
  facet normal 1.000000e+00 0.000000e+00 0.000000e+00
    outer loop
      vertex 1.245000e+01 -1.518000e+01 2.265000e+00
      vertex 1.245000e+01 -1.500000e+01 2.265000e+00
      vertex 1.245000e+01 -1.500000e+01 8.108133e+00
    endloop
  endfacet
  facet normal 1.000000e+00 0.000000e+00 0.000000e+00
    outer loop
      vertex 1.245000e+01 -1.518000e+01 2.265000e+00
      vertex 1.245000e+01 -1.500000e+01 8.108133e+00
      vertex 1.245000e+01 -1.500000e+01 1.173559e+01
    endloop
  endfacet
  facet normal 1.000000e+00 0.000000e+00 0.000000e+00
    outer loop
      vertex 1.245000e+01 -1.518000e+01 2.265000e+00
      vertex 1.245000e+01 -1.500000e+01 1.173559e+01
      vertex 1.245000e+01 -1.500000e+01 3.178500e+01
    endloop
  endfacet
  facet normal 1.000000e+00 0.000000e+00 0.000000e+00
    outer loop
      vertex 1.245000e+01 -1.518000e+01 2.265000e+00
      vertex 1.245000e+01 -1.500000e+01 3.178500e+01
      vertex 1.245000e+01 -1.518000e+01 3.178500e+01
    endloop
  endfacet
  facet normal 3.032305e-17 7.071068e-01 -7.071068e-01
    outer loop
      vertex -1.470000e+01 1.500000e+01 3.000000e-01
      vertex -1.245000e+01 1.500000e+01 3.000000e-01
      vertex -1.485000e+01 1.485000e+01 1.500000e-01
    endloop
  endfacet
  facet normal 0.000000e+00 7.071068e-01 -7.071068e-01
    outer loop
      vertex -1.485000e+01 1.485000e+01 1.500000e-01
      vertex -1.245000e+01 1.500000e+01 3.000000e-01
      vertex -1.275000e+01 1.470000e+01 1.060318e-13
    endloop
  endfacet
  facet normal 3.844312e-14 7.071068e-01 -7.071068e-01
    outer loop
      vertex -1.485000e+01 1.485000e+01 1.500000e-01
      vertex -1.275000e+01 1.470000e+01 1.060318e-13
      vertex -1.470000e+01 1.470000e+01 0.000000e+00
    endloop
  endfacet
  facet normal 0.000000e+00 -7.071068e-01 -7.071068e-01
    outer loop
      vertex -1.245000e+01 -1.500000e+01 3.000000e-01
      vertex -1.470000e+01 -1.500000e+01 3.000000e-01
      vertex -1.275000e+01 -1.470000e+01 0.000000e+00
    endloop
  endfacet
  facet normal 0.000000e+00 -7.071068e-01 -7.071068e-01
    outer loop
      vertex -1.275000e+01 -1.470000e+01 0.000000e+00
      vertex -1.470000e+01 -1.500000e+01 3.000000e-01
      vertex -1.485000e+01 -1.485000e+01 1.500000e-01
    endloop
  endfacet
  facet normal 0.000000e+00 -7.071068e-01 -7.071068e-01
    outer loop
      vertex -1.275000e+01 -1.470000e+01 0.000000e+00
      vertex -1.485000e+01 -1.485000e+01 1.500000e-01
      vertex -1.470000e+01 -1.470000e+01 0.000000e+00
    endloop
  endfacet
  facet normal 0.000000e+00 -7.071068e-01 -7.071068e-01
    outer loop
      vertex 1.470000e+01 -1.500000e+01 3.000000e-01
      vertex 1.245000e+01 -1.500000e+01 3.000000e-01
      vertex 1.485000e+01 -1.485000e+01 1.500000e-01
    endloop
  endfacet
  facet normal 0.000000e+00 -7.071068e-01 -7.071068e-01
    outer loop
      vertex 1.485000e+01 -1.485000e+01 1.500000e-01
      vertex 1.245000e+01 -1.500000e+01 3.000000e-01
      vertex 1.275000e+01 -1.470000e+01 1.060318e-13
    endloop
  endfacet
  facet normal -3.844312e-14 -7.071068e-01 -7.071068e-01
    outer loop
      vertex 1.485000e+01 -1.485000e+01 1.500000e-01
      vertex 1.275000e+01 -1.470000e+01 1.060318e-13
      vertex 1.470000e+01 -1.470000e+01 0.000000e+00
    endloop
  endfacet
  facet normal 0.000000e+00 7.071068e-01 -7.071068e-01
    outer loop
      vertex 1.245000e+01 1.500000e+01 3.000000e-01
      vertex 1.470000e+01 1.500000e+01 3.000000e-01
      vertex 1.275000e+01 1.470000e+01 0.000000e+00
    endloop
  endfacet
  facet normal 0.000000e+00 7.071068e-01 -7.071068e-01
    outer loop
      vertex 1.275000e+01 1.470000e+01 0.000000e+00
      vertex 1.470000e+01 1.500000e+01 3.000000e-01
      vertex 1.485000e+01 1.485000e+01 1.500000e-01
    endloop
  endfacet
  facet normal 0.000000e+00 7.071068e-01 -7.071068e-01
    outer loop
      vertex 1.275000e+01 1.470000e+01 0.000000e+00
      vertex 1.485000e+01 1.485000e+01 1.500000e-01
      vertex 1.470000e+01 1.470000e+01 0.000000e+00
    endloop
  endfacet
  facet normal 0.000000e+00 -7.071068e-01 -7.071068e-01
    outer loop
      vertex 1.500000e+01 1.245000e+01 3.000000e-01
      vertex 1.245000e+01 1.245000e+01 3.000000e-01
      vertex 1.470000e+01 1.275000e+01 0.000000e+00
    endloop
  endfacet
  facet normal -0.000000e+00 -7.071068e-01 -7.071068e-01
    outer loop
      vertex 1.470000e+01 1.275000e+01 0.000000e+00
      vertex 1.245000e+01 1.245000e+01 3.000000e-01
      vertex 1.275000e+01 1.275000e+01 0.000000e+00
    endloop
  endfacet
  facet normal -7.071068e-01 0.000000e+00 -7.071068e-01
    outer loop
      vertex 1.275000e+01 1.470000e+01 0.000000e+00
      vertex 1.275000e+01 1.275000e+01 0.000000e+00
      vertex 1.245000e+01 1.500000e+01 3.000000e-01
    endloop
  endfacet
  facet normal -7.071068e-01 -0.000000e+00 -7.071068e-01
    outer loop
      vertex 1.245000e+01 1.500000e+01 3.000000e-01
      vertex 1.275000e+01 1.275000e+01 0.000000e+00
      vertex 1.245000e+01 1.245000e+01 3.000000e-01
    endloop
  endfacet
  facet normal 7.071068e-01 0.000000e+00 -7.071068e-01
    outer loop
      vertex -1.245000e+01 1.500000e+01 3.000000e-01
      vertex -1.245000e+01 1.245000e+01 3.000000e-01
      vertex -1.275000e+01 1.470000e+01 1.060318e-13
    endloop
  endfacet
  facet normal 7.071068e-01 3.844312e-14 -7.071068e-01
    outer loop
      vertex -1.275000e+01 1.470000e+01 1.060318e-13
      vertex -1.245000e+01 1.245000e+01 3.000000e-01
      vertex -1.275000e+01 1.275000e+01 0.000000e+00
    endloop
  endfacet
  facet normal 0.000000e+00 -7.071068e-01 -7.071068e-01
    outer loop
      vertex -1.245000e+01 1.245000e+01 3.000000e-01
      vertex -1.500000e+01 1.245000e+01 3.000000e-01
      vertex -1.275000e+01 1.275000e+01 0.000000e+00
    endloop
  endfacet
  facet normal -0.000000e+00 -7.071068e-01 -7.071068e-01
    outer loop
      vertex -1.275000e+01 1.275000e+01 0.000000e+00
      vertex -1.500000e+01 1.245000e+01 3.000000e-01
      vertex -1.470000e+01 1.275000e+01 0.000000e+00
    endloop
  endfacet
  facet normal 0.000000e+00 7.071068e-01 -7.071068e-01
    outer loop
      vertex -1.500000e+01 -1.245000e+01 3.000000e-01
      vertex -1.245000e+01 -1.245000e+01 3.000000e-01
      vertex -1.470000e+01 -1.275000e+01 0.000000e+00
    endloop
  endfacet
  facet normal 0.000000e+00 7.071068e-01 -7.071068e-01
    outer loop
      vertex -1.470000e+01 -1.275000e+01 0.000000e+00
      vertex -1.245000e+01 -1.245000e+01 3.000000e-01
      vertex -1.275000e+01 -1.275000e+01 0.000000e+00
    endloop
  endfacet
  facet normal 7.071068e-01 0.000000e+00 -7.071068e-01
    outer loop
      vertex -1.275000e+01 -1.470000e+01 0.000000e+00
      vertex -1.275000e+01 -1.275000e+01 0.000000e+00
      vertex -1.245000e+01 -1.500000e+01 3.000000e-01
    endloop
  endfacet
  facet normal 7.071068e-01 0.000000e+00 -7.071068e-01
    outer loop
      vertex -1.245000e+01 -1.500000e+01 3.000000e-01
      vertex -1.275000e+01 -1.275000e+01 0.000000e+00
      vertex -1.245000e+01 -1.245000e+01 3.000000e-01
    endloop
  endfacet
  facet normal -7.071068e-01 -0.000000e+00 -7.071068e-01
    outer loop
      vertex 1.245000e+01 -1.500000e+01 3.000000e-01
      vertex 1.245000e+01 -1.245000e+01 3.000000e-01
      vertex 1.275000e+01 -1.470000e+01 1.060318e-13
    endloop
  endfacet
  facet normal -7.071068e-01 0.000000e+00 -7.071068e-01
    outer loop
      vertex 1.275000e+01 -1.470000e+01 1.060318e-13
      vertex 1.245000e+01 -1.245000e+01 3.000000e-01
      vertex 1.275000e+01 -1.275000e+01 1.060318e-13
    endloop
  endfacet
  facet normal 0.000000e+00 7.071068e-01 -7.071068e-01
    outer loop
      vertex 1.245000e+01 -1.245000e+01 3.000000e-01
      vertex 1.500000e+01 -1.245000e+01 3.000000e-01
      vertex 1.275000e+01 -1.275000e+01 1.060318e-13
    endloop
  endfacet
  facet normal -3.844312e-14 7.071068e-01 -7.071068e-01
    outer loop
      vertex 1.275000e+01 -1.275000e+01 1.060318e-13
      vertex 1.500000e+01 -1.245000e+01 3.000000e-01
      vertex 1.470000e+01 -1.275000e+01 0.000000e+00
    endloop
  endfacet
  facet normal 0.000000e+00 1.000000e+00 0.000000e+00
    outer loop
      vertex 1.470000e+01 1.500000e+01 3.000000e-01
      vertex 1.245000e+01 1.500000e+01 3.000000e-01
      vertex 1.245000e+01 1.500000e+01 2.265000e+00
    endloop
  endfacet
  facet normal 0.000000e+00 1.000000e+00 0.000000e+00
    outer loop
      vertex 1.470000e+01 1.500000e+01 3.000000e-01
      vertex 1.245000e+01 1.500000e+01 2.265000e+00
      vertex 1.245000e+01 1.500000e+01 3.178500e+01
    endloop
  endfacet
  facet normal 0.000000e+00 1.000000e+00 0.000000e+00
    outer loop
      vertex 1.470000e+01 1.500000e+01 3.000000e-01
      vertex 1.245000e+01 1.500000e+01 3.178500e+01
      vertex 1.245000e+01 1.500000e+01 3.375000e+01
    endloop
  endfacet
  facet normal 0.000000e+00 1.000000e+00 0.000000e+00
    outer loop
      vertex 1.470000e+01 1.500000e+01 3.000000e-01
      vertex 1.245000e+01 1.500000e+01 3.375000e+01
      vertex 1.470000e+01 1.500000e+01 3.375000e+01
    endloop
  endfacet
  facet normal 4.288327e-17 1.000000e+00 0.000000e+00
    outer loop
      vertex -1.470000e+01 1.500000e+01 3.000000e-01
      vertex -1.470000e+01 1.500000e+01 3.375000e+01
      vertex -1.245000e+01 1.500000e+01 3.375000e+01
    endloop
  endfacet
  facet normal -6.162094e-15 1.000000e+00 4.173752e-16
    outer loop
      vertex -1.470000e+01 1.500000e+01 3.000000e-01
      vertex -1.245000e+01 1.500000e+01 3.375000e+01
      vertex -1.245000e+01 1.500000e+01 3.178500e+01
    endloop
  endfacet
  facet normal -3.216245e-16 9.999999e-01 0.000000e+00
    outer loop
      vertex -1.470000e+01 1.500000e+01 3.000000e-01
      vertex -1.245000e+01 1.500000e+01 3.178500e+01
      vertex -1.245000e+01 1.500000e+01 1.173559e+01
    endloop
  endfacet
  facet normal -3.216245e-16 1.000000e+00 0.000000e+00
    outer loop
      vertex -1.470000e+01 1.500000e+01 3.000000e-01
      vertex -1.245000e+01 1.500000e+01 1.173559e+01
      vertex -1.245000e+01 1.500000e+01 8.108133e+00
    endloop
  endfacet
  facet normal -3.216246e-16 1.000000e+00 0.000000e+00
    outer loop
      vertex -1.470000e+01 1.500000e+01 3.000000e-01
      vertex -1.245000e+01 1.500000e+01 8.108133e+00
      vertex -1.245000e+01 1.500000e+01 2.265000e+00
    endloop
  endfacet
  facet normal 4.288327e-17 1.000000e+00 -4.173754e-16
    outer loop
      vertex -1.470000e+01 1.500000e+01 3.000000e-01
      vertex -1.245000e+01 1.500000e+01 2.265000e+00
      vertex -1.245000e+01 1.500000e+01 3.000000e-01
    endloop
  endfacet
  facet normal 0.000000e+00 -1.000000e+00 0.000000e+00
    outer loop
      vertex -1.470000e+01 -1.500000e+01 3.000000e-01
      vertex -1.245000e+01 -1.500000e+01 3.000000e-01
      vertex -1.245000e+01 -1.500000e+01 2.265000e+00
    endloop
  endfacet
  facet normal 0.000000e+00 -1.000000e+00 0.000000e+00
    outer loop
      vertex -1.470000e+01 -1.500000e+01 3.000000e-01
      vertex -1.245000e+01 -1.500000e+01 2.265000e+00
      vertex -1.245000e+01 -1.500000e+01 3.178500e+01
    endloop
  endfacet
  facet normal 0.000000e+00 -1.000000e+00 0.000000e+00
    outer loop
      vertex -1.470000e+01 -1.500000e+01 3.000000e-01
      vertex -1.245000e+01 -1.500000e+01 3.178500e+01
      vertex -1.245000e+01 -1.500000e+01 3.375000e+01
    endloop
  endfacet
  facet normal 0.000000e+00 -1.000000e+00 0.000000e+00
    outer loop
      vertex -1.470000e+01 -1.500000e+01 3.000000e-01
      vertex -1.245000e+01 -1.500000e+01 3.375000e+01
      vertex -1.470000e+01 -1.500000e+01 3.375000e+01
    endloop
  endfacet
  facet normal -0.000000e+00 -1.000000e+00 -0.000000e+00
    outer loop
      vertex 1.470000e+01 -1.500000e+01 3.000000e-01
      vertex 1.470000e+01 -1.500000e+01 3.375000e+01
      vertex 1.245000e+01 -1.500000e+01 3.375000e+01
    endloop
  endfacet
  facet normal 0.000000e+00 -1.000000e+00 0.000000e+00
    outer loop
      vertex 1.470000e+01 -1.500000e+01 3.000000e-01
      vertex 1.245000e+01 -1.500000e+01 3.375000e+01
      vertex 1.245000e+01 -1.500000e+01 3.178500e+01
    endloop
  endfacet
  facet normal 0.000000e+00 -9.999999e-01 0.000000e+00
    outer loop
      vertex 1.470000e+01 -1.500000e+01 3.000000e-01
      vertex 1.245000e+01 -1.500000e+01 3.178500e+01
      vertex 1.245000e+01 -1.500000e+01 1.173559e+01
    endloop
  endfacet
  facet normal 0.000000e+00 -1.000000e+00 0.000000e+00
    outer loop
      vertex 1.470000e+01 -1.500000e+01 3.000000e-01
      vertex 1.245000e+01 -1.500000e+01 1.173559e+01
      vertex 1.245000e+01 -1.500000e+01 8.108133e+00
    endloop
  endfacet
  facet normal -1.359347e-06 -1.000000e+00 -3.917108e-07
    outer loop
      vertex 1.470000e+01 -1.500000e+01 3.000000e-01
      vertex 1.245000e+01 -1.500000e+01 8.108133e+00
      vertex 1.245000e+01 -1.500000e+01 2.265000e+00
    endloop
  endfacet
  facet normal 0.000000e+00 -1.000000e+00 1.164793e-06
    outer loop
      vertex 1.470000e+01 -1.500000e+01 3.000000e-01
      vertex 1.245000e+01 -1.500000e+01 2.265000e+00
      vertex 1.245000e+01 -1.500000e+01 3.000000e-01
    endloop
  endfacet
  facet normal 0.000000e+00 -1.000000e+00 0.000000e+00
    outer loop
      vertex 1.500000e+01 1.245000e+01 3.000000e-01
      vertex 1.500000e+01 1.245000e+01 2.265000e+00
      vertex 1.245000e+01 1.245000e+01 3.000000e-01
    endloop
  endfacet
  facet normal 0.000000e+00 -1.000000e+00 0.000000e+00
    outer loop
      vertex 1.245000e+01 1.245000e+01 3.000000e-01
      vertex 1.500000e+01 1.245000e+01 2.265000e+00
      vertex 1.476000e+01 1.245000e+01 2.265000e+00
    endloop
  endfacet
  facet normal 0.000000e+00 -1.000000e+00 0.000000e+00
    outer loop
      vertex 1.245000e+01 1.245000e+01 3.000000e-01
      vertex 1.476000e+01 1.245000e+01 2.265000e+00
      vertex 1.245000e+01 1.245000e+01 2.265000e+00
    endloop
  endfacet
  facet normal 0.000000e+00 -1.000000e+00 0.000000e+00
    outer loop
      vertex -1.245000e+01 1.245000e+01 3.000000e-01
      vertex -1.245000e+01 1.245000e+01 2.265000e+00
      vertex -1.500000e+01 1.245000e+01 3.000000e-01
    endloop
  endfacet
  facet normal 0.000000e+00 -1.000000e+00 0.000000e+00
    outer loop
      vertex -1.500000e+01 1.245000e+01 3.000000e-01
      vertex -1.245000e+01 1.245000e+01 2.265000e+00
      vertex -1.476000e+01 1.245000e+01 2.265000e+00
    endloop
  endfacet
  facet normal 0.000000e+00 -1.000000e+00 0.000000e+00
    outer loop
      vertex -1.500000e+01 1.245000e+01 3.000000e-01
      vertex -1.476000e+01 1.245000e+01 2.265000e+00
      vertex -1.500000e+01 1.245000e+01 2.265000e+00
    endloop
  endfacet
  facet normal 0.000000e+00 1.000000e+00 0.000000e+00
    outer loop
      vertex -1.500000e+01 -1.245000e+01 3.000000e-01
      vertex -1.500000e+01 -1.245000e+01 2.265000e+00
      vertex -1.245000e+01 -1.245000e+01 3.000000e-01
    endloop
  endfacet
  facet normal 0.000000e+00 1.000000e+00 0.000000e+00
    outer loop
      vertex -1.245000e+01 -1.245000e+01 3.000000e-01
      vertex -1.500000e+01 -1.245000e+01 2.265000e+00
      vertex -1.476000e+01 -1.245000e+01 2.265000e+00
    endloop
  endfacet
  facet normal 0.000000e+00 1.000000e+00 0.000000e+00
    outer loop
      vertex -1.245000e+01 -1.245000e+01 3.000000e-01
      vertex -1.476000e+01 -1.245000e+01 2.265000e+00
      vertex -1.245000e+01 -1.245000e+01 2.265000e+00
    endloop
  endfacet
  facet normal 0.000000e+00 1.000000e+00 0.000000e+00
    outer loop
      vertex 1.245000e+01 -1.245000e+01 3.000000e-01
      vertex 1.245000e+01 -1.245000e+01 2.265000e+00
      vertex 1.500000e+01 -1.245000e+01 3.000000e-01
    endloop
  endfacet
  facet normal 0.000000e+00 1.000000e+00 0.000000e+00
    outer loop
      vertex 1.500000e+01 -1.245000e+01 3.000000e-01
      vertex 1.245000e+01 -1.245000e+01 2.265000e+00
      vertex 1.476000e+01 -1.245000e+01 2.265000e+00
    endloop
  endfacet
  facet normal 0.000000e+00 1.000000e+00 0.000000e+00
    outer loop
      vertex 1.500000e+01 -1.245000e+01 3.000000e-01
      vertex 1.476000e+01 -1.245000e+01 2.265000e+00
      vertex 1.500000e+01 -1.245000e+01 2.265000e+00
    endloop
  endfacet
  facet normal -1.000000e+00 -0.000000e+00 -0.000000e+00
    outer loop
      vertex 1.245000e+01 -1.500000e+01 3.375000e+01
      vertex 1.245000e+01 -1.245000e+01 3.375000e+01
      vertex 1.245000e+01 -1.245000e+01 3.178500e+01
    endloop
  endfacet
  facet normal -1.000000e+00 0.000000e+00 0.000000e+00
    outer loop
      vertex 1.245000e+01 -1.500000e+01 3.375000e+01
      vertex 1.245000e+01 -1.245000e+01 3.178500e+01
      vertex 1.245000e+01 -1.302000e+01 3.178500e+01
    endloop
  endfacet
  facet normal -1.000000e+00 0.000000e+00 0.000000e+00
    outer loop
      vertex 1.245000e+01 -1.500000e+01 3.375000e+01
      vertex 1.245000e+01 -1.302000e+01 3.178500e+01
      vertex 1.245000e+01 -1.476000e+01 3.178500e+01
    endloop
  endfacet
  facet normal -1.000000e+00 0.000000e+00 0.000000e+00
    outer loop
      vertex 1.245000e+01 -1.500000e+01 3.375000e+01
      vertex 1.245000e+01 -1.476000e+01 3.178500e+01
      vertex 1.245000e+01 -1.500000e+01 3.178500e+01
    endloop
  endfacet
  facet normal 1.000000e+00 0.000000e+00 0.000000e+00
    outer loop
      vertex -1.245000e+01 -1.500000e+01 3.375000e+01
      vertex -1.245000e+01 -1.500000e+01 3.178500e+01
      vertex -1.245000e+01 -1.476000e+01 3.178500e+01
    endloop
  endfacet
  facet normal 1.000000e+00 0.000000e+00 0.000000e+00
    outer loop
      vertex -1.245000e+01 -1.500000e+01 3.375000e+01
      vertex -1.245000e+01 -1.476000e+01 3.178500e+01
      vertex -1.245000e+01 -1.302000e+01 3.178500e+01
    endloop
  endfacet
  facet normal 1.000000e+00 0.000000e+00 0.000000e+00
    outer loop
      vertex -1.245000e+01 -1.500000e+01 3.375000e+01
      vertex -1.245000e+01 -1.302000e+01 3.178500e+01
      vertex -1.245000e+01 -1.245000e+01 3.178500e+01
    endloop
  endfacet
  facet normal 1.000000e+00 0.000000e+00 0.000000e+00
    outer loop
      vertex -1.245000e+01 -1.500000e+01 3.375000e+01
      vertex -1.245000e+01 -1.245000e+01 3.178500e+01
      vertex -1.245000e+01 -1.245000e+01 3.375000e+01
    endloop
  endfacet
  facet normal 1.000000e+00 0.000000e+00 0.000000e+00
    outer loop
      vertex -1.245000e+01 1.245000e+01 3.375000e+01
      vertex -1.245000e+01 1.245000e+01 3.178500e+01
      vertex -1.245000e+01 1.302000e+01 3.178500e+01
    endloop
  endfacet
  facet normal 1.000000e+00 0.000000e+00 0.000000e+00
    outer loop
      vertex -1.245000e+01 1.245000e+01 3.375000e+01
      vertex -1.245000e+01 1.302000e+01 3.178500e+01
      vertex -1.245000e+01 1.476000e+01 3.178500e+01
    endloop
  endfacet
  facet normal 1.000000e+00 0.000000e+00 0.000000e+00
    outer loop
      vertex -1.245000e+01 1.245000e+01 3.375000e+01
      vertex -1.245000e+01 1.476000e+01 3.178500e+01
      vertex -1.245000e+01 1.500000e+01 3.178500e+01
    endloop
  endfacet
  facet normal 1.000000e+00 0.000000e+00 0.000000e+00
    outer loop
      vertex -1.245000e+01 1.245000e+01 3.375000e+01
      vertex -1.245000e+01 1.500000e+01 3.178500e+01
      vertex -1.245000e+01 1.500000e+01 3.375000e+01
    endloop
  endfacet
  facet normal -1.000000e+00 0.000000e+00 0.000000e+00
    outer loop
      vertex 1.245000e+01 1.302000e+01 3.178500e+01
      vertex 1.245000e+01 1.245000e+01 3.178500e+01
      vertex 1.245000e+01 1.245000e+01 3.375000e+01
    endloop
  endfacet
  facet normal -1.000000e+00 0.000000e+00 0.000000e+00
    outer loop
      vertex 1.245000e+01 1.500000e+01 3.375000e+01
      vertex 1.245000e+01 1.500000e+01 3.178500e+01
      vertex 1.245000e+01 1.245000e+01 3.375000e+01
    endloop
  endfacet
  facet normal -1.000000e+00 0.000000e+00 0.000000e+00
    outer loop
      vertex 1.245000e+01 1.245000e+01 3.375000e+01
      vertex 1.245000e+01 1.500000e+01 3.178500e+01
      vertex 1.245000e+01 1.476000e+01 3.178500e+01
    endloop
  endfacet
  facet normal -1.000000e+00 0.000000e+00 0.000000e+00
    outer loop
      vertex 1.245000e+01 1.245000e+01 3.375000e+01
      vertex 1.245000e+01 1.476000e+01 3.178500e+01
      vertex 1.245000e+01 1.302000e+01 3.178500e+01
    endloop
  endfacet
  facet normal 0.000000e+00 7.071068e-01 7.071068e-01
    outer loop
      vertex -1.470000e+01 1.470000e+01 3.405000e+01
      vertex -1.275000e+01 1.470000e+01 3.405000e+01
      vertex -1.485000e+01 1.485000e+01 3.390000e+01
    endloop
  endfacet
  facet normal 0.000000e+00 7.071068e-01 7.071068e-01
    outer loop
      vertex -1.485000e+01 1.485000e+01 3.390000e+01
      vertex -1.275000e+01 1.470000e+01 3.405000e+01
      vertex -1.245000e+01 1.500000e+01 3.375000e+01
    endloop
  endfacet
  facet normal 3.032305e-17 7.071068e-01 7.071068e-01
    outer loop
      vertex -1.485000e+01 1.485000e+01 3.390000e+01
      vertex -1.245000e+01 1.500000e+01 3.375000e+01
      vertex -1.470000e+01 1.500000e+01 3.375000e+01
    endloop
  endfacet
  facet normal 0.000000e+00 -7.071068e-01 7.071068e-01
    outer loop
      vertex -1.275000e+01 -1.470000e+01 3.405000e+01
      vertex -1.470000e+01 -1.470000e+01 3.405000e+01
      vertex -1.245000e+01 -1.500000e+01 3.375000e+01
    endloop
  endfacet
  facet normal 0.000000e+00 -7.071068e-01 7.071068e-01
    outer loop
      vertex -1.245000e+01 -1.500000e+01 3.375000e+01
      vertex -1.470000e+01 -1.470000e+01 3.405000e+01
      vertex -1.485000e+01 -1.485000e+01 3.390000e+01
    endloop
  endfacet
  facet normal 0.000000e+00 -7.071068e-01 7.071068e-01
    outer loop
      vertex -1.245000e+01 -1.500000e+01 3.375000e+01
      vertex -1.485000e+01 -1.485000e+01 3.390000e+01
      vertex -1.470000e+01 -1.500000e+01 3.375000e+01
    endloop
  endfacet
  facet normal 0.000000e+00 -7.071068e-01 7.071068e-01
    outer loop
      vertex 1.470000e+01 -1.470000e+01 3.405000e+01
      vertex 1.275000e+01 -1.470000e+01 3.405000e+01
      vertex 1.485000e+01 -1.485000e+01 3.390000e+01
    endloop
  endfacet
  facet normal 0.000000e+00 -7.071068e-01 7.071068e-01
    outer loop
      vertex 1.485000e+01 -1.485000e+01 3.390000e+01
      vertex 1.275000e+01 -1.470000e+01 3.405000e+01
      vertex 1.245000e+01 -1.500000e+01 3.375000e+01
    endloop
  endfacet
  facet normal 0.000000e+00 -7.071068e-01 7.071068e-01
    outer loop
      vertex 1.485000e+01 -1.485000e+01 3.390000e+01
      vertex 1.245000e+01 -1.500000e+01 3.375000e+01
      vertex 1.470000e+01 -1.500000e+01 3.375000e+01
    endloop
  endfacet
  facet normal 0.000000e+00 7.071068e-01 7.071068e-01
    outer loop
      vertex 1.275000e+01 1.470000e+01 3.405000e+01
      vertex 1.470000e+01 1.470000e+01 3.405000e+01
      vertex 1.245000e+01 1.500000e+01 3.375000e+01
    endloop
  endfacet
  facet normal 0.000000e+00 7.071068e-01 7.071068e-01
    outer loop
      vertex 1.245000e+01 1.500000e+01 3.375000e+01
      vertex 1.470000e+01 1.470000e+01 3.405000e+01
      vertex 1.485000e+01 1.485000e+01 3.390000e+01
    endloop
  endfacet
  facet normal 0.000000e+00 7.071068e-01 7.071068e-01
    outer loop
      vertex 1.245000e+01 1.500000e+01 3.375000e+01
      vertex 1.485000e+01 1.485000e+01 3.390000e+01
      vertex 1.470000e+01 1.500000e+01 3.375000e+01
    endloop
  endfacet
  facet normal 0.000000e+00 -7.071068e-01 7.071068e-01
    outer loop
      vertex 1.470000e+01 1.275000e+01 3.405000e+01
      vertex 1.275000e+01 1.275000e+01 3.405000e+01
      vertex 1.500000e+01 1.245000e+01 3.375000e+01
    endloop
  endfacet
  facet normal 0.000000e+00 -7.071068e-01 7.071068e-01
    outer loop
      vertex 1.500000e+01 1.245000e+01 3.375000e+01
      vertex 1.275000e+01 1.275000e+01 3.405000e+01
      vertex 1.245000e+01 1.245000e+01 3.375000e+01
    endloop
  endfacet
  facet normal -7.071068e-01 0.000000e+00 7.071068e-01
    outer loop
      vertex 1.245000e+01 1.500000e+01 3.375000e+01
      vertex 1.245000e+01 1.245000e+01 3.375000e+01
      vertex 1.275000e+01 1.470000e+01 3.405000e+01
    endloop
  endfacet
  facet normal -7.071068e-01 0.000000e+00 7.071068e-01
    outer loop
      vertex 1.275000e+01 1.470000e+01 3.405000e+01
      vertex 1.245000e+01 1.245000e+01 3.375000e+01
      vertex 1.275000e+01 1.275000e+01 3.405000e+01
    endloop
  endfacet
  facet normal 7.071068e-01 0.000000e+00 7.071068e-01
    outer loop
      vertex -1.275000e+01 1.470000e+01 3.405000e+01
      vertex -1.275000e+01 1.275000e+01 3.405000e+01
      vertex -1.245000e+01 1.500000e+01 3.375000e+01
    endloop
  endfacet
  facet normal 7.071068e-01 0.000000e+00 7.071068e-01
    outer loop
      vertex -1.245000e+01 1.500000e+01 3.375000e+01
      vertex -1.275000e+01 1.275000e+01 3.405000e+01
      vertex -1.245000e+01 1.245000e+01 3.375000e+01
    endloop
  endfacet
  facet normal 0.000000e+00 -7.071068e-01 7.071068e-01
    outer loop
      vertex -1.275000e+01 1.275000e+01 3.405000e+01
      vertex -1.470000e+01 1.275000e+01 3.405000e+01
      vertex -1.245000e+01 1.245000e+01 3.375000e+01
    endloop
  endfacet
  facet normal 0.000000e+00 -7.071068e-01 7.071068e-01
    outer loop
      vertex -1.245000e+01 1.245000e+01 3.375000e+01
      vertex -1.470000e+01 1.275000e+01 3.405000e+01
      vertex -1.500000e+01 1.245000e+01 3.375000e+01
    endloop
  endfacet
  facet normal 0.000000e+00 7.071068e-01 7.071068e-01
    outer loop
      vertex -1.470000e+01 -1.275000e+01 3.405000e+01
      vertex -1.275000e+01 -1.275000e+01 3.405000e+01
      vertex -1.500000e+01 -1.245000e+01 3.375000e+01
    endloop
  endfacet
  facet normal 0.000000e+00 7.071068e-01 7.071068e-01
    outer loop
      vertex -1.500000e+01 -1.245000e+01 3.375000e+01
      vertex -1.275000e+01 -1.275000e+01 3.405000e+01
      vertex -1.245000e+01 -1.245000e+01 3.375000e+01
    endloop
  endfacet
  facet normal 7.071068e-01 0.000000e+00 7.071068e-01
    outer loop
      vertex -1.245000e+01 -1.500000e+01 3.375000e+01
      vertex -1.245000e+01 -1.245000e+01 3.375000e+01
      vertex -1.275000e+01 -1.470000e+01 3.405000e+01
    endloop
  endfacet
  facet normal 7.071068e-01 0.000000e+00 7.071068e-01
    outer loop
      vertex -1.275000e+01 -1.470000e+01 3.405000e+01
      vertex -1.245000e+01 -1.245000e+01 3.375000e+01
      vertex -1.275000e+01 -1.275000e+01 3.405000e+01
    endloop
  endfacet
  facet normal -7.071068e-01 0.000000e+00 7.071068e-01
    outer loop
      vertex 1.275000e+01 -1.470000e+01 3.405000e+01
      vertex 1.275000e+01 -1.275000e+01 3.405000e+01
      vertex 1.245000e+01 -1.500000e+01 3.375000e+01
    endloop
  endfacet
  facet normal -7.071068e-01 0.000000e+00 7.071068e-01
    outer loop
      vertex 1.245000e+01 -1.500000e+01 3.375000e+01
      vertex 1.275000e+01 -1.275000e+01 3.405000e+01
      vertex 1.245000e+01 -1.245000e+01 3.375000e+01
    endloop
  endfacet
  facet normal 0.000000e+00 7.071068e-01 7.071068e-01
    outer loop
      vertex 1.275000e+01 -1.275000e+01 3.405000e+01
      vertex 1.470000e+01 -1.275000e+01 3.405000e+01
      vertex 1.245000e+01 -1.245000e+01 3.375000e+01
    endloop
  endfacet
  facet normal 0.000000e+00 7.071068e-01 7.071068e-01
    outer loop
      vertex 1.245000e+01 -1.245000e+01 3.375000e+01
      vertex 1.470000e+01 -1.275000e+01 3.405000e+01
      vertex 1.500000e+01 -1.245000e+01 3.375000e+01
    endloop
  endfacet
  facet normal 0.000000e+00 -1.000000e+00 0.000000e+00
    outer loop
      vertex 1.245000e+01 1.245000e+01 3.375000e+01
      vertex 1.245000e+01 1.245000e+01 3.178500e+01
      vertex 1.500000e+01 1.245000e+01 3.375000e+01
    endloop
  endfacet
  facet normal 0.000000e+00 -1.000000e+00 0.000000e+00
    outer loop
      vertex 1.500000e+01 1.245000e+01 3.375000e+01
      vertex 1.245000e+01 1.245000e+01 3.178500e+01
      vertex 1.476000e+01 1.245000e+01 3.178500e+01
    endloop
  endfacet
  facet normal 0.000000e+00 -1.000000e+00 0.000000e+00
    outer loop
      vertex 1.500000e+01 1.245000e+01 3.375000e+01
      vertex 1.476000e+01 1.245000e+01 3.178500e+01
      vertex 1.500000e+01 1.245000e+01 3.178500e+01
    endloop
  endfacet
  facet normal 0.000000e+00 -1.000000e+00 0.000000e+00
    outer loop
      vertex -1.500000e+01 1.245000e+01 3.375000e+01
      vertex -1.500000e+01 1.245000e+01 3.178500e+01
      vertex -1.245000e+01 1.245000e+01 3.375000e+01
    endloop
  endfacet
  facet normal 0.000000e+00 -1.000000e+00 0.000000e+00
    outer loop
      vertex -1.245000e+01 1.245000e+01 3.375000e+01
      vertex -1.500000e+01 1.245000e+01 3.178500e+01
      vertex -1.476000e+01 1.245000e+01 3.178500e+01
    endloop
  endfacet
  facet normal 0.000000e+00 -1.000000e+00 0.000000e+00
    outer loop
      vertex -1.245000e+01 1.245000e+01 3.375000e+01
      vertex -1.476000e+01 1.245000e+01 3.178500e+01
      vertex -1.245000e+01 1.245000e+01 3.178500e+01
    endloop
  endfacet
  facet normal 0.000000e+00 1.000000e+00 0.000000e+00
    outer loop
      vertex -1.245000e+01 -1.245000e+01 3.375000e+01
      vertex -1.245000e+01 -1.245000e+01 3.178500e+01
      vertex -1.500000e+01 -1.245000e+01 3.375000e+01
    endloop
  endfacet
  facet normal 0.000000e+00 1.000000e+00 0.000000e+00
    outer loop
      vertex -1.500000e+01 -1.245000e+01 3.375000e+01
      vertex -1.245000e+01 -1.245000e+01 3.178500e+01
      vertex -1.476000e+01 -1.245000e+01 3.178500e+01
    endloop
  endfacet
  facet normal 0.000000e+00 1.000000e+00 0.000000e+00
    outer loop
      vertex -1.500000e+01 -1.245000e+01 3.375000e+01
      vertex -1.476000e+01 -1.245000e+01 3.178500e+01
      vertex -1.500000e+01 -1.245000e+01 3.178500e+01
    endloop
  endfacet
  facet normal 0.000000e+00 1.000000e+00 0.000000e+00
    outer loop
      vertex 1.500000e+01 -1.245000e+01 3.375000e+01
      vertex 1.500000e+01 -1.245000e+01 3.178500e+01
      vertex 1.245000e+01 -1.245000e+01 3.375000e+01
    endloop
  endfacet
  facet normal 0.000000e+00 1.000000e+00 0.000000e+00
    outer loop
      vertex 1.245000e+01 -1.245000e+01 3.375000e+01
      vertex 1.500000e+01 -1.245000e+01 3.178500e+01
      vertex 1.476000e+01 -1.245000e+01 3.178500e+01
    endloop
  endfacet
  facet normal 0.000000e+00 1.000000e+00 0.000000e+00
    outer loop
      vertex 1.245000e+01 -1.245000e+01 3.375000e+01
      vertex 1.476000e+01 -1.245000e+01 3.178500e+01
      vertex 1.245000e+01 -1.245000e+01 3.178500e+01
    endloop
  endfacet
  facet normal -1.000000e+00 0.000000e+00 0.000000e+00
    outer loop
      vertex -1.518000e+01 -7.170305e+00 3.895230e+00
      vertex -1.518000e+01 -1.245000e+01 2.265000e+00
      vertex -1.518000e+01 -1.202347e+01 8.748387e+00
    endloop
  endfacet
  facet normal -1.000000e+00 0.000000e+00 0.000000e+00
    outer loop
      vertex -1.518000e+01 1.245000e+01 3.178500e+01
      vertex -1.518000e+01 1.245000e+01 2.265000e+00
      vertex -1.518000e+01 1.202346e+01 8.748387e+00
    endloop
  endfacet
  facet normal -1.000000e+00 0.000000e+00 0.000000e+00
    outer loop
      vertex -1.518000e+01 1.245000e+01 3.178500e+01
      vertex -1.518000e+01 1.202346e+01 8.748387e+00
      vertex -1.518000e+01 1.202346e+01 1.653407e+01
    endloop
  endfacet
  facet normal -1.000000e+00 0.000000e+00 0.000000e+00
    outer loop
      vertex -1.518000e+01 1.245000e+01 3.178500e+01
      vertex -1.518000e+01 1.202346e+01 1.653407e+01
      vertex -1.518000e+01 1.202346e+01 1.751593e+01
    endloop
  endfacet
  facet normal -1.000000e+00 0.000000e+00 0.000000e+00
    outer loop
      vertex -1.518000e+01 1.245000e+01 3.178500e+01
      vertex -1.518000e+01 1.202346e+01 1.751593e+01
      vertex -1.518000e+01 1.202346e+01 2.530161e+01
    endloop
  endfacet
  facet normal -1.000000e+00 0.000000e+00 0.000000e+00
    outer loop
      vertex -1.518000e+01 1.245000e+01 3.178500e+01
      vertex -1.518000e+01 1.202346e+01 2.530161e+01
      vertex -1.518000e+01 7.170309e+00 3.015477e+01
    endloop
  endfacet
  facet normal -1.000000e+00 0.000000e+00 0.000000e+00
    outer loop
      vertex -1.518000e+01 1.245000e+01 3.178500e+01
      vertex -1.518000e+01 7.170309e+00 3.015477e+01
      vertex -1.518000e+01 -7.170305e+00 3.015477e+01
    endloop
  endfacet
  facet normal -1.000000e+00 0.000000e+00 0.000000e+00
    outer loop
      vertex -1.518000e+01 1.245000e+01 3.178500e+01
      vertex -1.518000e+01 -7.170305e+00 3.015477e+01
      vertex -1.518000e+01 -1.245000e+01 3.178500e+01
    endloop
  endfacet
  facet normal -1.000000e+00 0.000000e+00 0.000000e+00
    outer loop
      vertex -1.518000e+01 -1.245000e+01 3.178500e+01
      vertex -1.518000e+01 -7.170305e+00 3.015477e+01
      vertex -1.518000e+01 -1.202347e+01 2.530161e+01
    endloop
  endfacet
  facet normal -1.000000e+00 -0.000000e+00 -0.000000e+00
    outer loop
      vertex -1.518000e+01 -1.245000e+01 3.178500e+01
      vertex -1.518000e+01 -1.202347e+01 2.530161e+01
      vertex -1.518000e+01 -1.202347e+01 1.751593e+01
    endloop
  endfacet
  facet normal -1.000000e+00 -0.000000e+00 -0.000000e+00
    outer loop
      vertex -1.518000e+01 -1.245000e+01 3.178500e+01
      vertex -1.518000e+01 -1.202347e+01 1.751593e+01
      vertex -1.518000e+01 -1.202347e+01 1.653407e+01
    endloop
  endfacet
  facet normal -1.000000e+00 -0.000000e+00 -0.000000e+00
    outer loop
      vertex -1.518000e+01 -1.245000e+01 3.178500e+01
      vertex -1.518000e+01 -1.202347e+01 1.653407e+01
      vertex -1.518000e+01 -1.202347e+01 8.748387e+00
    endloop
  endfacet
  facet normal -1.000000e+00 0.000000e+00 0.000000e+00
    outer loop
      vertex -1.518000e+01 -1.245000e+01 3.178500e+01
      vertex -1.518000e+01 -1.202347e+01 8.748387e+00
      vertex -1.518000e+01 -1.245000e+01 2.265000e+00
    endloop
  endfacet
  facet normal -1.000000e+00 0.000000e+00 0.000000e+00
    outer loop
      vertex -1.518000e+01 -1.245000e+01 2.265000e+00
      vertex -1.518000e+01 -7.170305e+00 3.895230e+00
      vertex -1.518000e+01 1.245000e+01 2.265000e+00
    endloop
  endfacet
  facet normal -1.000000e+00 0.000000e+00 0.000000e+00
    outer loop
      vertex -1.518000e+01 1.245000e+01 2.265000e+00
      vertex -1.518000e+01 -7.170305e+00 3.895230e+00
      vertex -1.518000e+01 7.170309e+00 3.895230e+00
    endloop
  endfacet
  facet normal -1.000000e+00 0.000000e+00 0.000000e+00
    outer loop
      vertex -1.518000e+01 1.245000e+01 2.265000e+00
      vertex -1.518000e+01 7.170309e+00 3.895230e+00
      vertex -1.518000e+01 1.202346e+01 8.748387e+00
    endloop
  endfacet
  facet normal -1.000000e+00 0.000000e+00 0.000000e+00
    outer loop
      vertex -1.518000e+01 1.202346e+01 1.751593e+01
      vertex -1.518000e+01 1.202346e+01 1.653407e+01
      vertex -1.518000e+01 -1.202347e+01 1.751593e+01
    endloop
  endfacet
  facet normal -1.000000e+00 0.000000e+00 0.000000e+00
    outer loop
      vertex -1.518000e+01 -1.202347e+01 1.751593e+01
      vertex -1.518000e+01 1.202346e+01 1.653407e+01
      vertex -1.518000e+01 -1.202347e+01 1.653407e+01
    endloop
  endfacet
  facet normal 0.000000e+00 0.000000e+00 -1.000000e+00
    outer loop
      vertex -1.202346e+01 -1.518000e+01 1.653407e+01
      vertex -1.202346e+01 -1.503000e+01 1.653407e+01
      vertex 1.202347e+01 -1.518000e+01 1.653407e+01
    endloop
  endfacet
  facet normal 0.000000e+00 0.000000e+00 -1.000000e+00
    outer loop
      vertex 1.202347e+01 -1.518000e+01 1.653407e+01
      vertex -1.202346e+01 -1.503000e+01 1.653407e+01
      vertex 1.202347e+01 -1.503000e+01 1.653407e+01
    endloop
  endfacet
  facet normal -1.000000e+00 0.000000e+00 0.000000e+00
    outer loop
      vertex 1.202347e+01 -1.503000e+01 1.653407e+01
      vertex 1.202347e+01 -1.503000e+01 8.748387e+00
      vertex 1.202347e+01 -1.518000e+01 1.653407e+01
    endloop
  endfacet
  facet normal -1.000000e+00 0.000000e+00 0.000000e+00
    outer loop
      vertex 1.202347e+01 -1.518000e+01 1.653407e+01
      vertex 1.202347e+01 -1.503000e+01 8.748387e+00
      vertex 1.202347e+01 -1.518000e+01 8.748387e+00
    endloop
  endfacet
  facet normal -7.071067e-01 0.000000e+00 7.071069e-01
    outer loop
      vertex 7.170305e+00 -1.503000e+01 3.895230e+00
      vertex 7.170305e+00 -1.518000e+01 3.895230e+00
      vertex 1.202347e+01 -1.503000e+01 8.748387e+00
    endloop
  endfacet
  facet normal -7.071067e-01 0.000000e+00 7.071069e-01
    outer loop
      vertex 1.202347e+01 -1.503000e+01 8.748387e+00
      vertex 7.170305e+00 -1.518000e+01 3.895230e+00
      vertex 1.202347e+01 -1.518000e+01 8.748387e+00
    endloop
  endfacet
  facet normal 1.000000e+00 0.000000e+00 0.000000e+00
    outer loop
      vertex -1.202346e+01 -1.503000e+01 1.653407e+01
      vertex -1.202346e+01 -1.518000e+01 1.653407e+01
      vertex -1.202346e+01 -1.503000e+01 8.748387e+00
    endloop
  endfacet
  facet normal 1.000000e+00 0.000000e+00 0.000000e+00
    outer loop
      vertex -1.202346e+01 -1.503000e+01 8.748387e+00
      vertex -1.202346e+01 -1.518000e+01 1.653407e+01
      vertex -1.202346e+01 -1.518000e+01 8.748387e+00
    endloop
  endfacet
  facet normal 0.000000e+00 0.000000e+00 1.000000e+00
    outer loop
      vertex -7.170309e+00 -1.503000e+01 3.895230e+00
      vertex -7.170309e+00 -1.518000e+01 3.895230e+00
      vertex 7.170305e+00 -1.503000e+01 3.895230e+00
    endloop
  endfacet
  facet normal 0.000000e+00 0.000000e+00 1.000000e+00
    outer loop
      vertex 7.170305e+00 -1.503000e+01 3.895230e+00
      vertex -7.170309e+00 -1.518000e+01 3.895230e+00
      vertex 7.170305e+00 -1.518000e+01 3.895230e+00
    endloop
  endfacet
  facet normal 7.071067e-01 0.000000e+00 7.071069e-01
    outer loop
      vertex -7.170309e+00 -1.503000e+01 3.895230e+00
      vertex -1.202346e+01 -1.503000e+01 8.748387e+00
      vertex -7.170309e+00 -1.518000e+01 3.895230e+00
    endloop
  endfacet
  facet normal 7.071067e-01 0.000000e+00 7.071069e-01
    outer loop
      vertex -7.170309e+00 -1.518000e+01 3.895230e+00
      vertex -1.202346e+01 -1.503000e+01 8.748387e+00
      vertex -1.202346e+01 -1.518000e+01 8.748387e+00
    endloop
  endfacet
  facet normal -1.000000e+00 0.000000e+00 0.000000e+00
    outer loop
      vertex 1.202347e+01 -1.503000e+01 2.530161e+01
      vertex 1.202347e+01 -1.503000e+01 1.751593e+01
      vertex 1.202347e+01 -1.518000e+01 2.530161e+01
    endloop
  endfacet
  facet normal -1.000000e+00 0.000000e+00 0.000000e+00
    outer loop
      vertex 1.202347e+01 -1.518000e+01 2.530161e+01
      vertex 1.202347e+01 -1.503000e+01 1.751593e+01
      vertex 1.202347e+01 -1.518000e+01 1.751593e+01
    endloop
  endfacet
  facet normal 0.000000e+00 0.000000e+00 1.000000e+00
    outer loop
      vertex -1.202346e+01 -1.518000e+01 1.751593e+01
      vertex 1.202347e+01 -1.518000e+01 1.751593e+01
      vertex -1.202346e+01 -1.503000e+01 1.751593e+01
    endloop
  endfacet
  facet normal 0.000000e+00 0.000000e+00 1.000000e+00
    outer loop
      vertex -1.202346e+01 -1.503000e+01 1.751593e+01
      vertex 1.202347e+01 -1.518000e+01 1.751593e+01
      vertex 1.202347e+01 -1.503000e+01 1.751593e+01
    endloop
  endfacet
  facet normal -7.071068e-01 0.000000e+00 -7.071068e-01
    outer loop
      vertex 7.170305e+00 -1.503000e+01 3.015477e+01
      vertex 1.202347e+01 -1.503000e+01 2.530161e+01
      vertex 7.170305e+00 -1.518000e+01 3.015477e+01
    endloop
  endfacet
  facet normal -7.071068e-01 0.000000e+00 -7.071068e-01
    outer loop
      vertex 7.170305e+00 -1.518000e+01 3.015477e+01
      vertex 1.202347e+01 -1.503000e+01 2.530161e+01
      vertex 1.202347e+01 -1.518000e+01 2.530161e+01
    endloop
  endfacet
  facet normal 1.000000e+00 0.000000e+00 0.000000e+00
    outer loop
      vertex -1.202346e+01 -1.503000e+01 2.530161e+01
      vertex -1.202346e+01 -1.518000e+01 2.530161e+01
      vertex -1.202346e+01 -1.503000e+01 1.751593e+01
    endloop
  endfacet
  facet normal 1.000000e+00 0.000000e+00 0.000000e+00
    outer loop
      vertex -1.202346e+01 -1.503000e+01 1.751593e+01
      vertex -1.202346e+01 -1.518000e+01 2.530161e+01
      vertex -1.202346e+01 -1.518000e+01 1.751593e+01
    endloop
  endfacet
  facet normal 0.000000e+00 0.000000e+00 -1.000000e+00
    outer loop
      vertex -7.170309e+00 -1.503000e+01 3.015477e+01
      vertex 7.170305e+00 -1.503000e+01 3.015477e+01
      vertex -7.170309e+00 -1.518000e+01 3.015477e+01
    endloop
  endfacet
  facet normal 0.000000e+00 0.000000e+00 -1.000000e+00
    outer loop
      vertex -7.170309e+00 -1.518000e+01 3.015477e+01
      vertex 7.170305e+00 -1.503000e+01 3.015477e+01
      vertex 7.170305e+00 -1.518000e+01 3.015477e+01
    endloop
  endfacet
  facet normal 7.071069e-01 0.000000e+00 -7.071067e-01
    outer loop
      vertex -7.170309e+00 -1.503000e+01 3.015477e+01
      vertex -7.170309e+00 -1.518000e+01 3.015477e+01
      vertex -1.202346e+01 -1.503000e+01 2.530161e+01
    endloop
  endfacet
  facet normal 7.071069e-01 0.000000e+00 -7.071067e-01
    outer loop
      vertex -1.202346e+01 -1.503000e+01 2.530161e+01
      vertex -7.170309e+00 -1.518000e+01 3.015477e+01
      vertex -1.202346e+01 -1.518000e+01 2.530161e+01
    endloop
  endfacet
  facet normal 0.000000e+00 0.000000e+00 -1.000000e+00
    outer loop
      vertex -1.518000e+01 -1.202347e+01 1.653407e+01
      vertex -1.518000e+01 1.202346e+01 1.653407e+01
      vertex -1.503000e+01 -1.202347e+01 1.653407e+01
    endloop
  endfacet
  facet normal 0.000000e+00 0.000000e+00 -1.000000e+00
    outer loop
      vertex -1.503000e+01 -1.202347e+01 1.653407e+01
      vertex -1.518000e+01 1.202346e+01 1.653407e+01
      vertex -1.503000e+01 1.202346e+01 1.653407e+01
    endloop
  endfacet
  facet normal 0.000000e+00 1.000000e+00 0.000000e+00
    outer loop
      vertex -1.503000e+01 -1.202347e+01 1.653407e+01
      vertex -1.503000e+01 -1.202347e+01 8.748387e+00
      vertex -1.518000e+01 -1.202347e+01 1.653407e+01
    endloop
  endfacet
  facet normal 0.000000e+00 1.000000e+00 0.000000e+00
    outer loop
      vertex -1.518000e+01 -1.202347e+01 1.653407e+01
      vertex -1.503000e+01 -1.202347e+01 8.748387e+00
      vertex -1.518000e+01 -1.202347e+01 8.748387e+00
    endloop
  endfacet
  facet normal 0.000000e+00 7.071067e-01 7.071069e-01
    outer loop
      vertex -1.503000e+01 -7.170305e+00 3.895230e+00
      vertex -1.518000e+01 -7.170305e+00 3.895230e+00
      vertex -1.503000e+01 -1.202347e+01 8.748387e+00
    endloop
  endfacet
  facet normal 0.000000e+00 7.071067e-01 7.071069e-01
    outer loop
      vertex -1.503000e+01 -1.202347e+01 8.748387e+00
      vertex -1.518000e+01 -7.170305e+00 3.895230e+00
      vertex -1.518000e+01 -1.202347e+01 8.748387e+00
    endloop
  endfacet
  facet normal 0.000000e+00 -1.000000e+00 0.000000e+00
    outer loop
      vertex -1.503000e+01 1.202346e+01 1.653407e+01
      vertex -1.518000e+01 1.202346e+01 1.653407e+01
      vertex -1.503000e+01 1.202346e+01 8.748387e+00
    endloop
  endfacet
  facet normal 0.000000e+00 -1.000000e+00 0.000000e+00
    outer loop
      vertex -1.503000e+01 1.202346e+01 8.748387e+00
      vertex -1.518000e+01 1.202346e+01 1.653407e+01
      vertex -1.518000e+01 1.202346e+01 8.748387e+00
    endloop
  endfacet
  facet normal 0.000000e+00 0.000000e+00 1.000000e+00
    outer loop
      vertex -1.518000e+01 7.170309e+00 3.895230e+00
      vertex -1.518000e+01 -7.170305e+00 3.895230e+00
      vertex -1.503000e+01 7.170309e+00 3.895230e+00
    endloop
  endfacet
  facet normal 0.000000e+00 0.000000e+00 1.000000e+00
    outer loop
      vertex -1.503000e+01 7.170309e+00 3.895230e+00
      vertex -1.518000e+01 -7.170305e+00 3.895230e+00
      vertex -1.503000e+01 -7.170305e+00 3.895230e+00
    endloop
  endfacet
  facet normal 0.000000e+00 -7.071067e-01 7.071069e-01
    outer loop
      vertex -1.503000e+01 7.170309e+00 3.895230e+00
      vertex -1.503000e+01 1.202346e+01 8.748387e+00
      vertex -1.518000e+01 7.170309e+00 3.895230e+00
    endloop
  endfacet
  facet normal 0.000000e+00 -7.071067e-01 7.071069e-01
    outer loop
      vertex -1.518000e+01 7.170309e+00 3.895230e+00
      vertex -1.503000e+01 1.202346e+01 8.748387e+00
      vertex -1.518000e+01 1.202346e+01 8.748387e+00
    endloop
  endfacet
  facet normal 0.000000e+00 1.000000e+00 0.000000e+00
    outer loop
      vertex -1.503000e+01 -1.202347e+01 2.530161e+01
      vertex -1.503000e+01 -1.202347e+01 1.751593e+01
      vertex -1.518000e+01 -1.202347e+01 2.530161e+01
    endloop
  endfacet
  facet normal 0.000000e+00 1.000000e+00 0.000000e+00
    outer loop
      vertex -1.518000e+01 -1.202347e+01 2.530161e+01
      vertex -1.503000e+01 -1.202347e+01 1.751593e+01
      vertex -1.518000e+01 -1.202347e+01 1.751593e+01
    endloop
  endfacet
  facet normal 0.000000e+00 0.000000e+00 1.000000e+00
    outer loop
      vertex -1.518000e+01 -1.202347e+01 1.751593e+01
      vertex -1.503000e+01 -1.202347e+01 1.751593e+01
      vertex -1.518000e+01 1.202346e+01 1.751593e+01
    endloop
  endfacet
  facet normal 0.000000e+00 0.000000e+00 1.000000e+00
    outer loop
      vertex -1.518000e+01 1.202346e+01 1.751593e+01
      vertex -1.503000e+01 -1.202347e+01 1.751593e+01
      vertex -1.503000e+01 1.202346e+01 1.751593e+01
    endloop
  endfacet
  facet normal 0.000000e+00 7.071068e-01 -7.071068e-01
    outer loop
      vertex -1.503000e+01 -7.170305e+00 3.015477e+01
      vertex -1.503000e+01 -1.202347e+01 2.530161e+01
      vertex -1.518000e+01 -7.170305e+00 3.015477e+01
    endloop
  endfacet
  facet normal 0.000000e+00 7.071068e-01 -7.071068e-01
    outer loop
      vertex -1.518000e+01 -7.170305e+00 3.015477e+01
      vertex -1.503000e+01 -1.202347e+01 2.530161e+01
      vertex -1.518000e+01 -1.202347e+01 2.530161e+01
    endloop
  endfacet
  facet normal 0.000000e+00 -1.000000e+00 0.000000e+00
    outer loop
      vertex -1.503000e+01 1.202346e+01 2.530161e+01
      vertex -1.518000e+01 1.202346e+01 2.530161e+01
      vertex -1.503000e+01 1.202346e+01 1.751593e+01
    endloop
  endfacet
  facet normal 0.000000e+00 -1.000000e+00 0.000000e+00
    outer loop
      vertex -1.503000e+01 1.202346e+01 1.751593e+01
      vertex -1.518000e+01 1.202346e+01 2.530161e+01
      vertex -1.518000e+01 1.202346e+01 1.751593e+01
    endloop
  endfacet
  facet normal 0.000000e+00 0.000000e+00 -1.000000e+00
    outer loop
      vertex -1.518000e+01 7.170309e+00 3.015477e+01
      vertex -1.503000e+01 7.170309e+00 3.015477e+01
      vertex -1.518000e+01 -7.170305e+00 3.015477e+01
    endloop
  endfacet
  facet normal 0.000000e+00 0.000000e+00 -1.000000e+00
    outer loop
      vertex -1.518000e+01 -7.170305e+00 3.015477e+01
      vertex -1.503000e+01 7.170309e+00 3.015477e+01
      vertex -1.503000e+01 -7.170305e+00 3.015477e+01
    endloop
  endfacet
  facet normal 0.000000e+00 -7.071069e-01 -7.071067e-01
    outer loop
      vertex -1.503000e+01 7.170309e+00 3.015477e+01
      vertex -1.518000e+01 7.170309e+00 3.015477e+01
      vertex -1.503000e+01 1.202346e+01 2.530161e+01
    endloop
  endfacet
  facet normal -0.000000e+00 -7.071069e-01 -7.071067e-01
    outer loop
      vertex -1.503000e+01 1.202346e+01 2.530161e+01
      vertex -1.518000e+01 7.170309e+00 3.015477e+01
      vertex -1.518000e+01 1.202346e+01 2.530161e+01
    endloop
  endfacet
  facet normal 0.000000e+00 0.000000e+00 -1.000000e+00
    outer loop
      vertex -1.202346e+01 1.503000e+01 1.653407e+01
      vertex -1.202346e+01 1.518000e+01 1.653407e+01
      vertex 1.202347e+01 1.503000e+01 1.653407e+01
    endloop
  endfacet
  facet normal 0.000000e+00 0.000000e+00 -1.000000e+00
    outer loop
      vertex 1.202347e+01 1.503000e+01 1.653407e+01
      vertex -1.202346e+01 1.518000e+01 1.653407e+01
      vertex 1.202347e+01 1.518000e+01 1.653407e+01
    endloop
  endfacet
  facet normal 1.000000e+00 0.000000e+00 0.000000e+00
    outer loop
      vertex -1.202346e+01 1.503000e+01 1.653407e+01
      vertex -1.202346e+01 1.503000e+01 8.748387e+00
      vertex -1.202346e+01 1.518000e+01 1.653407e+01
    endloop
  endfacet
  facet normal 1.000000e+00 0.000000e+00 0.000000e+00
    outer loop
      vertex -1.202346e+01 1.518000e+01 1.653407e+01
      vertex -1.202346e+01 1.503000e+01 8.748387e+00
      vertex -1.202346e+01 1.518000e+01 8.748387e+00
    endloop
  endfacet
  facet normal 7.071067e-01 0.000000e+00 7.071069e-01
    outer loop
      vertex -7.170309e+00 1.503000e+01 3.895230e+00
      vertex -7.170309e+00 1.518000e+01 3.895230e+00
      vertex -1.202346e+01 1.503000e+01 8.748387e+00
    endloop
  endfacet
  facet normal 7.071067e-01 0.000000e+00 7.071069e-01
    outer loop
      vertex -1.202346e+01 1.503000e+01 8.748387e+00
      vertex -7.170309e+00 1.518000e+01 3.895230e+00
      vertex -1.202346e+01 1.518000e+01 8.748387e+00
    endloop
  endfacet
  facet normal -1.000000e+00 0.000000e+00 0.000000e+00
    outer loop
      vertex 1.202347e+01 1.503000e+01 1.653407e+01
      vertex 1.202347e+01 1.518000e+01 1.653407e+01
      vertex 1.202347e+01 1.503000e+01 8.748387e+00
    endloop
  endfacet
  facet normal -1.000000e+00 0.000000e+00 0.000000e+00
    outer loop
      vertex 1.202347e+01 1.503000e+01 8.748387e+00
      vertex 1.202347e+01 1.518000e+01 1.653407e+01
      vertex 1.202347e+01 1.518000e+01 8.748387e+00
    endloop
  endfacet
  facet normal 0.000000e+00 0.000000e+00 1.000000e+00
    outer loop
      vertex -7.170309e+00 1.518000e+01 3.895230e+00
      vertex -7.170309e+00 1.503000e+01 3.895230e+00
      vertex 7.170305e+00 1.518000e+01 3.895230e+00
    endloop
  endfacet
  facet normal 0.000000e+00 0.000000e+00 1.000000e+00
    outer loop
      vertex 7.170305e+00 1.518000e+01 3.895230e+00
      vertex -7.170309e+00 1.503000e+01 3.895230e+00
      vertex 7.170305e+00 1.503000e+01 3.895230e+00
    endloop
  endfacet
  facet normal -7.071067e-01 0.000000e+00 7.071069e-01
    outer loop
      vertex 7.170305e+00 1.503000e+01 3.895230e+00
      vertex 1.202347e+01 1.503000e+01 8.748387e+00
      vertex 7.170305e+00 1.518000e+01 3.895230e+00
    endloop
  endfacet
  facet normal -7.071067e-01 0.000000e+00 7.071069e-01
    outer loop
      vertex 7.170305e+00 1.518000e+01 3.895230e+00
      vertex 1.202347e+01 1.503000e+01 8.748387e+00
      vertex 1.202347e+01 1.518000e+01 8.748387e+00
    endloop
  endfacet
  facet normal 1.000000e+00 0.000000e+00 0.000000e+00
    outer loop
      vertex -1.202346e+01 1.503000e+01 2.530161e+01
      vertex -1.202346e+01 1.503000e+01 1.751593e+01
      vertex -1.202346e+01 1.518000e+01 2.530161e+01
    endloop
  endfacet
  facet normal 1.000000e+00 0.000000e+00 0.000000e+00
    outer loop
      vertex -1.202346e+01 1.518000e+01 2.530161e+01
      vertex -1.202346e+01 1.503000e+01 1.751593e+01
      vertex -1.202346e+01 1.518000e+01 1.751593e+01
    endloop
  endfacet
  facet normal 0.000000e+00 0.000000e+00 1.000000e+00
    outer loop
      vertex -1.202346e+01 1.503000e+01 1.751593e+01
      vertex 1.202347e+01 1.503000e+01 1.751593e+01
      vertex -1.202346e+01 1.518000e+01 1.751593e+01
    endloop
  endfacet
  facet normal 0.000000e+00 0.000000e+00 1.000000e+00
    outer loop
      vertex -1.202346e+01 1.518000e+01 1.751593e+01
      vertex 1.202347e+01 1.503000e+01 1.751593e+01
      vertex 1.202347e+01 1.518000e+01 1.751593e+01
    endloop
  endfacet
  facet normal 7.071069e-01 0.000000e+00 -7.071067e-01
    outer loop
      vertex -7.170309e+00 1.503000e+01 3.015477e+01
      vertex -1.202346e+01 1.503000e+01 2.530161e+01
      vertex -7.170309e+00 1.518000e+01 3.015477e+01
    endloop
  endfacet
  facet normal 7.071069e-01 0.000000e+00 -7.071067e-01
    outer loop
      vertex -7.170309e+00 1.518000e+01 3.015477e+01
      vertex -1.202346e+01 1.503000e+01 2.530161e+01
      vertex -1.202346e+01 1.518000e+01 2.530161e+01
    endloop
  endfacet
  facet normal -1.000000e+00 0.000000e+00 0.000000e+00
    outer loop
      vertex 1.202347e+01 1.503000e+01 2.530161e+01
      vertex 1.202347e+01 1.518000e+01 2.530161e+01
      vertex 1.202347e+01 1.503000e+01 1.751593e+01
    endloop
  endfacet
  facet normal -1.000000e+00 0.000000e+00 0.000000e+00
    outer loop
      vertex 1.202347e+01 1.503000e+01 1.751593e+01
      vertex 1.202347e+01 1.518000e+01 2.530161e+01
      vertex 1.202347e+01 1.518000e+01 1.751593e+01
    endloop
  endfacet
  facet normal 0.000000e+00 0.000000e+00 -1.000000e+00
    outer loop
      vertex -7.170309e+00 1.518000e+01 3.015477e+01
      vertex 7.170305e+00 1.518000e+01 3.015477e+01
      vertex -7.170309e+00 1.503000e+01 3.015477e+01
    endloop
  endfacet
  facet normal 0.000000e+00 0.000000e+00 -1.000000e+00
    outer loop
      vertex -7.170309e+00 1.503000e+01 3.015477e+01
      vertex 7.170305e+00 1.518000e+01 3.015477e+01
      vertex 7.170305e+00 1.503000e+01 3.015477e+01
    endloop
  endfacet
  facet normal -7.071068e-01 -0.000000e+00 -7.071068e-01
    outer loop
      vertex 7.170305e+00 1.503000e+01 3.015477e+01
      vertex 7.170305e+00 1.518000e+01 3.015477e+01
      vertex 1.202347e+01 1.503000e+01 2.530161e+01
    endloop
  endfacet
  facet normal -7.071068e-01 0.000000e+00 -7.071068e-01
    outer loop
      vertex 1.202347e+01 1.503000e+01 2.530161e+01
      vertex 7.170305e+00 1.518000e+01 3.015477e+01
      vertex 1.202347e+01 1.518000e+01 2.530161e+01
    endloop
  endfacet
  facet normal 0.000000e+00 -1.000000e+00 0.000000e+00
    outer loop
      vertex 7.170305e+00 -1.503000e+01 3.015477e+01
      vertex -7.170309e+00 -1.503000e+01 3.015477e+01
      vertex 1.202347e+01 -1.503000e+01 2.530161e+01
    endloop
  endfacet
  facet normal 0.000000e+00 -1.000000e+00 0.000000e+00
    outer loop
      vertex 1.202347e+01 -1.503000e+01 2.530161e+01
      vertex -7.170309e+00 -1.503000e+01 3.015477e+01
      vertex -1.202346e+01 -1.503000e+01 2.530161e+01
    endloop
  endfacet
  facet normal 0.000000e+00 -1.000000e+00 0.000000e+00
    outer loop
      vertex 1.202347e+01 -1.503000e+01 2.530161e+01
      vertex -1.202346e+01 -1.503000e+01 2.530161e+01
      vertex 1.202347e+01 -1.503000e+01 1.751593e+01
    endloop
  endfacet
  facet normal 0.000000e+00 -1.000000e+00 0.000000e+00
    outer loop
      vertex 1.202347e+01 -1.503000e+01 1.751593e+01
      vertex -1.202346e+01 -1.503000e+01 2.530161e+01
      vertex -1.202346e+01 -1.503000e+01 1.751593e+01
    endloop
  endfacet
  facet normal -1.000000e+00 0.000000e+00 0.000000e+00
    outer loop
      vertex -1.503000e+01 -1.202347e+01 1.653407e+01
      vertex -1.503000e+01 1.202346e+01 1.653407e+01
      vertex -1.503000e+01 -1.202347e+01 8.748387e+00
    endloop
  endfacet
  facet normal -1.000000e+00 0.000000e+00 0.000000e+00
    outer loop
      vertex -1.503000e+01 -1.202347e+01 8.748387e+00
      vertex -1.503000e+01 1.202346e+01 1.653407e+01
      vertex -1.503000e+01 1.202346e+01 8.748387e+00
    endloop
  endfacet
  facet normal -9.999999e-01 0.000000e+00 0.000000e+00
    outer loop
      vertex -1.503000e+01 -1.202347e+01 8.748387e+00
      vertex -1.503000e+01 1.202346e+01 8.748387e+00
      vertex -1.503000e+01 -7.170305e+00 3.895230e+00
    endloop
  endfacet
  facet normal -1.000000e+00 0.000000e+00 0.000000e+00
    outer loop
      vertex -1.503000e+01 -7.170305e+00 3.895230e+00
      vertex -1.503000e+01 1.202346e+01 8.748387e+00
      vertex -1.503000e+01 7.170309e+00 3.895230e+00
    endloop
  endfacet
  facet normal -1.000000e+00 0.000000e+00 0.000000e+00
    outer loop
      vertex -1.503000e+01 -7.170305e+00 3.015477e+01
      vertex -1.503000e+01 7.170309e+00 3.015477e+01
      vertex -1.503000e+01 -1.202347e+01 2.530161e+01
    endloop
  endfacet
  facet normal -1.000000e+00 0.000000e+00 0.000000e+00
    outer loop
      vertex -1.503000e+01 -1.202347e+01 2.530161e+01
      vertex -1.503000e+01 7.170309e+00 3.015477e+01
      vertex -1.503000e+01 1.202346e+01 2.530161e+01
    endloop
  endfacet
  facet normal -1.000000e+00 0.000000e+00 0.000000e+00
    outer loop
      vertex -1.503000e+01 -1.202347e+01 2.530161e+01
      vertex -1.503000e+01 1.202346e+01 2.530161e+01
      vertex -1.503000e+01 -1.202347e+01 1.751593e+01
    endloop
  endfacet
  facet normal -1.000000e+00 0.000000e+00 0.000000e+00
    outer loop
      vertex -1.503000e+01 -1.202347e+01 1.751593e+01
      vertex -1.503000e+01 1.202346e+01 2.530161e+01
      vertex -1.503000e+01 1.202346e+01 1.751593e+01
    endloop
  endfacet
  facet normal 0.000000e+00 1.000000e+00 0.000000e+00
    outer loop
      vertex -1.202346e+01 1.503000e+01 1.653407e+01
      vertex 1.202347e+01 1.503000e+01 1.653407e+01
      vertex -1.202346e+01 1.503000e+01 8.748387e+00
    endloop
  endfacet
  facet normal 0.000000e+00 1.000000e+00 0.000000e+00
    outer loop
      vertex -1.202346e+01 1.503000e+01 8.748387e+00
      vertex 1.202347e+01 1.503000e+01 1.653407e+01
      vertex 1.202347e+01 1.503000e+01 8.748387e+00
    endloop
  endfacet
  facet normal 0.000000e+00 9.999999e-01 0.000000e+00
    outer loop
      vertex -1.202346e+01 1.503000e+01 8.748387e+00
      vertex 1.202347e+01 1.503000e+01 8.748387e+00
      vertex -7.170309e+00 1.503000e+01 3.895230e+00
    endloop
  endfacet
  facet normal 0.000000e+00 1.000000e+00 0.000000e+00
    outer loop
      vertex -7.170309e+00 1.503000e+01 3.895230e+00
      vertex 1.202347e+01 1.503000e+01 8.748387e+00
      vertex 7.170305e+00 1.503000e+01 3.895230e+00
    endloop
  endfacet
  facet normal 0.000000e+00 1.000000e+00 0.000000e+00
    outer loop
      vertex -7.170309e+00 1.503000e+01 3.015477e+01
      vertex 7.170305e+00 1.503000e+01 3.015477e+01
      vertex -1.202346e+01 1.503000e+01 2.530161e+01
    endloop
  endfacet
  facet normal 0.000000e+00 1.000000e+00 0.000000e+00
    outer loop
      vertex -1.202346e+01 1.503000e+01 2.530161e+01
      vertex 7.170305e+00 1.503000e+01 3.015477e+01
      vertex 1.202347e+01 1.503000e+01 2.530161e+01
    endloop
  endfacet
  facet normal 0.000000e+00 1.000000e+00 0.000000e+00
    outer loop
      vertex -1.202346e+01 1.503000e+01 2.530161e+01
      vertex 1.202347e+01 1.503000e+01 2.530161e+01
      vertex -1.202346e+01 1.503000e+01 1.751593e+01
    endloop
  endfacet
  facet normal 0.000000e+00 1.000000e+00 0.000000e+00
    outer loop
      vertex -1.202346e+01 1.503000e+01 1.751593e+01
      vertex 1.202347e+01 1.503000e+01 2.530161e+01
      vertex 1.202347e+01 1.503000e+01 1.751593e+01
    endloop
  endfacet
  facet normal 1.000000e+00 0.000000e+00 0.000000e+00
    outer loop
      vertex 1.518000e+01 7.170309e+00 3.895230e+00
      vertex 1.518000e+01 1.245000e+01 2.265000e+00
      vertex 1.518000e+01 1.202346e+01 8.748387e+00
    endloop
  endfacet
  facet normal 1.000000e+00 0.000000e+00 0.000000e+00
    outer loop
      vertex 1.518000e+01 -1.245000e+01 3.178500e+01
      vertex 1.518000e+01 -1.245000e+01 2.265000e+00
      vertex 1.518000e+01 -1.202347e+01 8.748387e+00
    endloop
  endfacet
  facet normal 1.000000e+00 0.000000e+00 0.000000e+00
    outer loop
      vertex 1.518000e+01 -1.245000e+01 3.178500e+01
      vertex 1.518000e+01 -1.202347e+01 8.748387e+00
      vertex 1.518000e+01 -1.202347e+01 1.653407e+01
    endloop
  endfacet
  facet normal 1.000000e+00 0.000000e+00 0.000000e+00
    outer loop
      vertex 1.518000e+01 -1.245000e+01 3.178500e+01
      vertex 1.518000e+01 -1.202347e+01 1.653407e+01
      vertex 1.518000e+01 -1.202347e+01 1.751593e+01
    endloop
  endfacet
  facet normal 1.000000e+00 0.000000e+00 0.000000e+00
    outer loop
      vertex 1.518000e+01 -1.245000e+01 3.178500e+01
      vertex 1.518000e+01 -1.202347e+01 1.751593e+01
      vertex 1.518000e+01 -1.202347e+01 2.530161e+01
    endloop
  endfacet
  facet normal 1.000000e+00 0.000000e+00 0.000000e+00
    outer loop
      vertex 1.518000e+01 -1.245000e+01 3.178500e+01
      vertex 1.518000e+01 -1.202347e+01 2.530161e+01
      vertex 1.518000e+01 -7.170305e+00 3.015477e+01
    endloop
  endfacet
  facet normal 1.000000e+00 0.000000e+00 0.000000e+00
    outer loop
      vertex 1.518000e+01 -1.245000e+01 3.178500e+01
      vertex 1.518000e+01 -7.170305e+00 3.015477e+01
      vertex 1.518000e+01 7.170309e+00 3.015477e+01
    endloop
  endfacet
  facet normal 9.999999e-01 0.000000e+00 0.000000e+00
    outer loop
      vertex 1.518000e+01 -1.245000e+01 3.178500e+01
      vertex 1.518000e+01 7.170309e+00 3.015477e+01
      vertex 1.518000e+01 1.245000e+01 3.178500e+01
    endloop
  endfacet
  facet normal 1.000000e+00 0.000000e+00 0.000000e+00
    outer loop
      vertex 1.518000e+01 1.245000e+01 3.178500e+01
      vertex 1.518000e+01 7.170309e+00 3.015477e+01
      vertex 1.518000e+01 1.202346e+01 2.530161e+01
    endloop
  endfacet
  facet normal 1.000000e+00 0.000000e+00 0.000000e+00
    outer loop
      vertex 1.518000e+01 1.245000e+01 3.178500e+01
      vertex 1.518000e+01 1.202346e+01 2.530161e+01
      vertex 1.518000e+01 1.202346e+01 1.751593e+01
    endloop
  endfacet
  facet normal 1.000000e+00 0.000000e+00 0.000000e+00
    outer loop
      vertex 1.518000e+01 1.245000e+01 3.178500e+01
      vertex 1.518000e+01 1.202346e+01 1.751593e+01
      vertex 1.518000e+01 1.202346e+01 1.653407e+01
    endloop
  endfacet
  facet normal 1.000000e+00 0.000000e+00 0.000000e+00
    outer loop
      vertex 1.518000e+01 1.245000e+01 3.178500e+01
      vertex 1.518000e+01 1.202346e+01 1.653407e+01
      vertex 1.518000e+01 1.202346e+01 8.748387e+00
    endloop
  endfacet
  facet normal 1.000000e+00 0.000000e+00 0.000000e+00
    outer loop
      vertex 1.518000e+01 1.245000e+01 3.178500e+01
      vertex 1.518000e+01 1.202346e+01 8.748387e+00
      vertex 1.518000e+01 1.245000e+01 2.265000e+00
    endloop
  endfacet
  facet normal 1.000000e+00 0.000000e+00 0.000000e+00
    outer loop
      vertex 1.518000e+01 1.245000e+01 2.265000e+00
      vertex 1.518000e+01 7.170309e+00 3.895230e+00
      vertex 1.518000e+01 -1.245000e+01 2.265000e+00
    endloop
  endfacet
  facet normal 1.000000e+00 0.000000e+00 0.000000e+00
    outer loop
      vertex 1.518000e+01 -1.245000e+01 2.265000e+00
      vertex 1.518000e+01 7.170309e+00 3.895230e+00
      vertex 1.518000e+01 -7.170305e+00 3.895230e+00
    endloop
  endfacet
  facet normal 1.000000e+00 0.000000e+00 0.000000e+00
    outer loop
      vertex 1.518000e+01 -1.245000e+01 2.265000e+00
      vertex 1.518000e+01 -7.170305e+00 3.895230e+00
      vertex 1.518000e+01 -1.202347e+01 8.748387e+00
    endloop
  endfacet
  facet normal 1.000000e+00 0.000000e+00 0.000000e+00
    outer loop
      vertex 1.518000e+01 -1.202347e+01 1.751593e+01
      vertex 1.518000e+01 -1.202347e+01 1.653407e+01
      vertex 1.518000e+01 1.202346e+01 1.751593e+01
    endloop
  endfacet
  facet normal 1.000000e+00 0.000000e+00 0.000000e+00
    outer loop
      vertex 1.518000e+01 1.202346e+01 1.751593e+01
      vertex 1.518000e+01 -1.202347e+01 1.653407e+01
      vertex 1.518000e+01 1.202346e+01 1.653407e+01
    endloop
  endfacet
  facet normal 0.000000e+00 1.000000e+00 0.000000e+00
    outer loop
      vertex 1.503000e+01 -1.202347e+01 1.653407e+01
      vertex 1.518000e+01 -1.202347e+01 1.653407e+01
      vertex 1.503000e+01 -1.202347e+01 8.748387e+00
    endloop
  endfacet
  facet normal 0.000000e+00 1.000000e+00 0.000000e+00
    outer loop
      vertex 1.503000e+01 -1.202347e+01 8.748387e+00
      vertex 1.518000e+01 -1.202347e+01 1.653407e+01
      vertex 1.518000e+01 -1.202347e+01 8.748387e+00
    endloop
  endfacet
  facet normal 0.000000e+00 0.000000e+00 -1.000000e+00
    outer loop
      vertex 1.503000e+01 -1.202347e+01 1.653407e+01
      vertex 1.503000e+01 1.202346e+01 1.653407e+01
      vertex 1.518000e+01 -1.202347e+01 1.653407e+01
    endloop
  endfacet
  facet normal 0.000000e+00 0.000000e+00 -1.000000e+00
    outer loop
      vertex 1.518000e+01 -1.202347e+01 1.653407e+01
      vertex 1.503000e+01 1.202346e+01 1.653407e+01
      vertex 1.518000e+01 1.202346e+01 1.653407e+01
    endloop
  endfacet
  facet normal 0.000000e+00 -1.000000e+00 0.000000e+00
    outer loop
      vertex 1.503000e+01 1.202346e+01 1.653407e+01
      vertex 1.503000e+01 1.202346e+01 8.748387e+00
      vertex 1.518000e+01 1.202346e+01 1.653407e+01
    endloop
  endfacet
  facet normal 0.000000e+00 -1.000000e+00 0.000000e+00
    outer loop
      vertex 1.518000e+01 1.202346e+01 1.653407e+01
      vertex 1.503000e+01 1.202346e+01 8.748387e+00
      vertex 1.518000e+01 1.202346e+01 8.748387e+00
    endloop
  endfacet
  facet normal 0.000000e+00 -7.071067e-01 7.071069e-01
    outer loop
      vertex 1.503000e+01 7.170309e+00 3.895230e+00
      vertex 1.518000e+01 7.170309e+00 3.895230e+00
      vertex 1.503000e+01 1.202346e+01 8.748387e+00
    endloop
  endfacet
  facet normal 0.000000e+00 -7.071067e-01 7.071069e-01
    outer loop
      vertex 1.503000e+01 1.202346e+01 8.748387e+00
      vertex 1.518000e+01 7.170309e+00 3.895230e+00
      vertex 1.518000e+01 1.202346e+01 8.748387e+00
    endloop
  endfacet
  facet normal 0.000000e+00 0.000000e+00 1.000000e+00
    outer loop
      vertex 1.503000e+01 7.170309e+00 3.895230e+00
      vertex 1.503000e+01 -7.170305e+00 3.895230e+00
      vertex 1.518000e+01 7.170309e+00 3.895230e+00
    endloop
  endfacet
  facet normal 0.000000e+00 0.000000e+00 1.000000e+00
    outer loop
      vertex 1.518000e+01 7.170309e+00 3.895230e+00
      vertex 1.503000e+01 -7.170305e+00 3.895230e+00
      vertex 1.518000e+01 -7.170305e+00 3.895230e+00
    endloop
  endfacet
  facet normal 0.000000e+00 7.071067e-01 7.071069e-01
    outer loop
      vertex 1.503000e+01 -7.170305e+00 3.895230e+00
      vertex 1.503000e+01 -1.202347e+01 8.748387e+00
      vertex 1.518000e+01 -7.170305e+00 3.895230e+00
    endloop
  endfacet
  facet normal 0.000000e+00 7.071067e-01 7.071069e-01
    outer loop
      vertex 1.518000e+01 -7.170305e+00 3.895230e+00
      vertex 1.503000e+01 -1.202347e+01 8.748387e+00
      vertex 1.518000e+01 -1.202347e+01 8.748387e+00
    endloop
  endfacet
  facet normal 0.000000e+00 0.000000e+00 -1.000000e+00
    outer loop
      vertex 1.503000e+01 7.170309e+00 3.015477e+01
      vertex 1.518000e+01 7.170309e+00 3.015477e+01
      vertex 1.503000e+01 -7.170305e+00 3.015477e+01
    endloop
  endfacet
  facet normal 0.000000e+00 0.000000e+00 -1.000000e+00
    outer loop
      vertex 1.503000e+01 -7.170305e+00 3.015477e+01
      vertex 1.518000e+01 7.170309e+00 3.015477e+01
      vertex 1.518000e+01 -7.170305e+00 3.015477e+01
    endloop
  endfacet
  facet normal 0.000000e+00 -7.071069e-01 -7.071067e-01
    outer loop
      vertex 1.503000e+01 7.170309e+00 3.015477e+01
      vertex 1.503000e+01 1.202346e+01 2.530161e+01
      vertex 1.518000e+01 7.170309e+00 3.015477e+01
    endloop
  endfacet
  facet normal 0.000000e+00 -7.071069e-01 -7.071067e-01
    outer loop
      vertex 1.518000e+01 7.170309e+00 3.015477e+01
      vertex 1.503000e+01 1.202346e+01 2.530161e+01
      vertex 1.518000e+01 1.202346e+01 2.530161e+01
    endloop
  endfacet
  facet normal 0.000000e+00 -1.000000e+00 0.000000e+00
    outer loop
      vertex 1.503000e+01 1.202346e+01 2.530161e+01
      vertex 1.503000e+01 1.202346e+01 1.751593e+01
      vertex 1.518000e+01 1.202346e+01 2.530161e+01
    endloop
  endfacet
  facet normal 0.000000e+00 -1.000000e+00 0.000000e+00
    outer loop
      vertex 1.518000e+01 1.202346e+01 2.530161e+01
      vertex 1.503000e+01 1.202346e+01 1.751593e+01
      vertex 1.518000e+01 1.202346e+01 1.751593e+01
    endloop
  endfacet
  facet normal 0.000000e+00 0.000000e+00 1.000000e+00
    outer loop
      vertex 1.503000e+01 -1.202347e+01 1.751593e+01
      vertex 1.518000e+01 -1.202347e+01 1.751593e+01
      vertex 1.503000e+01 1.202346e+01 1.751593e+01
    endloop
  endfacet
  facet normal 0.000000e+00 0.000000e+00 1.000000e+00
    outer loop
      vertex 1.503000e+01 1.202346e+01 1.751593e+01
      vertex 1.518000e+01 -1.202347e+01 1.751593e+01
      vertex 1.518000e+01 1.202346e+01 1.751593e+01
    endloop
  endfacet
  facet normal 0.000000e+00 1.000000e+00 0.000000e+00
    outer loop
      vertex 1.503000e+01 -1.202347e+01 2.530161e+01
      vertex 1.518000e+01 -1.202347e+01 2.530161e+01
      vertex 1.503000e+01 -1.202347e+01 1.751593e+01
    endloop
  endfacet
  facet normal 0.000000e+00 1.000000e+00 0.000000e+00
    outer loop
      vertex 1.503000e+01 -1.202347e+01 1.751593e+01
      vertex 1.518000e+01 -1.202347e+01 2.530161e+01
      vertex 1.518000e+01 -1.202347e+01 1.751593e+01
    endloop
  endfacet
  facet normal 0.000000e+00 7.071068e-01 -7.071068e-01
    outer loop
      vertex 1.503000e+01 -7.170305e+00 3.015477e+01
      vertex 1.518000e+01 -7.170305e+00 3.015477e+01
      vertex 1.503000e+01 -1.202347e+01 2.530161e+01
    endloop
  endfacet
  facet normal 0.000000e+00 7.071068e-01 -7.071068e-01
    outer loop
      vertex 1.503000e+01 -1.202347e+01 2.530161e+01
      vertex 1.518000e+01 -7.170305e+00 3.015477e+01
      vertex 1.518000e+01 -1.202347e+01 2.530161e+01
    endloop
  endfacet
  facet normal 1.000000e+00 0.000000e+00 0.000000e+00
    outer loop
      vertex 1.503000e+01 1.202346e+01 1.653407e+01
      vertex 1.503000e+01 -1.202347e+01 1.653407e+01
      vertex 1.503000e+01 1.202346e+01 8.748387e+00
    endloop
  endfacet
  facet normal 1.000000e+00 0.000000e+00 0.000000e+00
    outer loop
      vertex 1.503000e+01 1.202346e+01 8.748387e+00
      vertex 1.503000e+01 -1.202347e+01 1.653407e+01
      vertex 1.503000e+01 -1.202347e+01 8.748387e+00
    endloop
  endfacet
  facet normal 9.999999e-01 0.000000e+00 0.000000e+00
    outer loop
      vertex 1.503000e+01 1.202346e+01 8.748387e+00
      vertex 1.503000e+01 -1.202347e+01 8.748387e+00
      vertex 1.503000e+01 7.170309e+00 3.895230e+00
    endloop
  endfacet
  facet normal 1.000000e+00 0.000000e+00 0.000000e+00
    outer loop
      vertex 1.503000e+01 7.170309e+00 3.895230e+00
      vertex 1.503000e+01 -1.202347e+01 8.748387e+00
      vertex 1.503000e+01 -7.170305e+00 3.895230e+00
    endloop
  endfacet
  facet normal 1.000000e+00 0.000000e+00 0.000000e+00
    outer loop
      vertex 1.503000e+01 7.170309e+00 3.015477e+01
      vertex 1.503000e+01 -7.170305e+00 3.015477e+01
      vertex 1.503000e+01 1.202346e+01 2.530161e+01
    endloop
  endfacet
  facet normal 1.000000e+00 0.000000e+00 0.000000e+00
    outer loop
      vertex 1.503000e+01 1.202346e+01 2.530161e+01
      vertex 1.503000e+01 -7.170305e+00 3.015477e+01
      vertex 1.503000e+01 -1.202347e+01 2.530161e+01
    endloop
  endfacet
  facet normal 1.000000e+00 0.000000e+00 0.000000e+00
    outer loop
      vertex 1.503000e+01 1.202346e+01 2.530161e+01
      vertex 1.503000e+01 -1.202347e+01 2.530161e+01
      vertex 1.503000e+01 1.202346e+01 1.751593e+01
    endloop
  endfacet
  facet normal 1.000000e+00 0.000000e+00 0.000000e+00
    outer loop
      vertex 1.503000e+01 1.202346e+01 1.751593e+01
      vertex 1.503000e+01 -1.202347e+01 2.530161e+01
      vertex 1.503000e+01 -1.202347e+01 1.751593e+01
    endloop
  endfacet
  facet normal 0.000000e+00 -9.999999e-01 0.000000e+00
    outer loop
      vertex -1.500000e+01 -1.245000e+01 2.265000e+00
      vertex -1.500000e+01 -1.245000e+01 3.178500e+01
      vertex -1.518000e+01 -1.245000e+01 2.265000e+00
    endloop
  endfacet
  facet normal 0.000000e+00 -9.999999e-01 0.000000e+00
    outer loop
      vertex -1.518000e+01 -1.245000e+01 2.265000e+00
      vertex -1.500000e+01 -1.245000e+01 3.178500e+01
      vertex -1.518000e+01 -1.245000e+01 3.178500e+01
    endloop
  endfacet
  facet normal 0.000000e+00 9.999999e-01 0.000000e+00
    outer loop
      vertex -1.518000e+01 1.245000e+01 2.265000e+00
      vertex -1.518000e+01 1.245000e+01 3.178500e+01
      vertex -1.500000e+01 1.245000e+01 2.265000e+00
    endloop
  endfacet
  facet normal 0.000000e+00 9.999999e-01 0.000000e+00
    outer loop
      vertex -1.500000e+01 1.245000e+01 2.265000e+00
      vertex -1.518000e+01 1.245000e+01 3.178500e+01
      vertex -1.500000e+01 1.245000e+01 3.178500e+01
    endloop
  endfacet
  facet normal -1.000000e+00 -2.697082e-15 0.000000e+00
    outer loop
      vertex -1.500000e+01 1.470000e+01 3.375000e+01
      vertex -1.500000e+01 1.470000e+01 3.000000e-01
      vertex -1.500000e+01 1.245000e+01 3.000000e-01
    endloop
  endfacet
  facet normal -1.000000e+00 1.691045e-09 -1.137476e-10
    outer loop
      vertex -1.500000e+01 1.470000e+01 3.375000e+01
      vertex -1.500000e+01 1.245000e+01 3.000000e-01
      vertex -1.500000e+01 1.245000e+01 2.265000e+00
    endloop
  endfacet
  facet normal -1.000000e+00 9.933687e-11 0.000000e+00
    outer loop
      vertex -1.500000e+01 1.470000e+01 3.375000e+01
      vertex -1.500000e+01 1.245000e+01 2.265000e+00
      vertex -1.500000e+01 1.245000e+01 3.178500e+01
    endloop
  endfacet
  facet normal -1.000000e+00 -2.694141e-15 1.137475e-10
    outer loop
      vertex -1.500000e+01 1.470000e+01 3.375000e+01
      vertex -1.500000e+01 1.245000e+01 3.178500e+01
      vertex -1.500000e+01 1.245000e+01 3.375000e+01
    endloop
  endfacet
  facet normal -1.000000e+00 -8.728019e-11 -0.000000e+00
    outer loop
      vertex -1.500000e+01 -1.470000e+01 3.000000e-01
      vertex -1.500000e+01 -1.470000e+01 3.375000e+01
      vertex -1.500000e+01 -1.245000e+01 3.375000e+01
    endloop
  endfacet
  facet normal -1.000000e+00 -8.728019e-11 -0.000000e+00
    outer loop
      vertex -1.500000e+01 -1.470000e+01 3.000000e-01
      vertex -1.500000e+01 -1.245000e+01 3.375000e+01
      vertex -1.500000e+01 -1.245000e+01 3.178500e+01
    endloop
  endfacet
  facet normal -1.000000e+00 -8.728019e-11 -0.000000e+00
    outer loop
      vertex -1.500000e+01 -1.470000e+01 3.000000e-01
      vertex -1.500000e+01 -1.245000e+01 3.178500e+01
      vertex -1.500000e+01 -1.245000e+01 2.265000e+00
    endloop
  endfacet
  facet normal -1.000000e+00 -8.728019e-11 -0.000000e+00
    outer loop
      vertex -1.500000e+01 -1.470000e+01 3.000000e-01
      vertex -1.500000e+01 -1.245000e+01 2.265000e+00
      vertex -1.500000e+01 -1.245000e+01 3.000000e-01
    endloop
  endfacet
  facet normal 0.000000e+00 1.000000e+00 0.000000e+00
    outer loop
      vertex 1.500000e+01 1.245000e+01 2.265000e+00
      vertex 1.500000e+01 1.245000e+01 3.178500e+01
      vertex 1.518000e+01 1.245000e+01 2.265000e+00
    endloop
  endfacet
  facet normal 0.000000e+00 1.000000e+00 0.000000e+00
    outer loop
      vertex 1.518000e+01 1.245000e+01 2.265000e+00
      vertex 1.500000e+01 1.245000e+01 3.178500e+01
      vertex 1.518000e+01 1.245000e+01 3.178500e+01
    endloop
  endfacet
  facet normal 0.000000e+00 -1.000000e+00 0.000000e+00
    outer loop
      vertex 1.518000e+01 -1.245000e+01 2.265000e+00
      vertex 1.518000e+01 -1.245000e+01 3.178500e+01
      vertex 1.500000e+01 -1.245000e+01 2.265000e+00
    endloop
  endfacet
  facet normal 0.000000e+00 -1.000000e+00 0.000000e+00
    outer loop
      vertex 1.500000e+01 -1.245000e+01 2.265000e+00
      vertex 1.518000e+01 -1.245000e+01 3.178500e+01
      vertex 1.500000e+01 -1.245000e+01 3.178500e+01
    endloop
  endfacet
  facet normal 1.000000e+00 0.000000e+00 0.000000e+00
    outer loop
      vertex 1.500000e+01 1.470000e+01 3.000000e-01
      vertex 1.500000e+01 1.470000e+01 3.375000e+01
      vertex 1.500000e+01 1.245000e+01 3.375000e+01
    endloop
  endfacet
  facet normal 1.000000e+00 0.000000e+00 0.000000e+00
    outer loop
      vertex 1.500000e+01 1.470000e+01 3.000000e-01
      vertex 1.500000e+01 1.245000e+01 3.375000e+01
      vertex 1.500000e+01 1.245000e+01 3.178500e+01
    endloop
  endfacet
  facet normal 1.000000e+00 0.000000e+00 0.000000e+00
    outer loop
      vertex 1.500000e+01 1.470000e+01 3.000000e-01
      vertex 1.500000e+01 1.245000e+01 3.178500e+01
      vertex 1.500000e+01 1.245000e+01 2.265000e+00
    endloop
  endfacet
  facet normal 1.000000e+00 0.000000e+00 0.000000e+00
    outer loop
      vertex 1.500000e+01 1.470000e+01 3.000000e-01
      vertex 1.500000e+01 1.245000e+01 2.265000e+00
      vertex 1.500000e+01 1.245000e+01 3.000000e-01
    endloop
  endfacet
  facet normal 1.000000e+00 0.000000e+00 0.000000e+00
    outer loop
      vertex 1.500000e+01 -1.470000e+01 3.375000e+01
      vertex 1.500000e+01 -1.470000e+01 3.000000e-01
      vertex 1.500000e+01 -1.245000e+01 3.000000e-01
    endloop
  endfacet
  facet normal 1.000000e+00 0.000000e+00 0.000000e+00
    outer loop
      vertex 1.500000e+01 -1.470000e+01 3.375000e+01
      vertex 1.500000e+01 -1.245000e+01 3.000000e-01
      vertex 1.500000e+01 -1.245000e+01 2.265000e+00
    endloop
  endfacet
  facet normal 1.000000e+00 0.000000e+00 0.000000e+00
    outer loop
      vertex 1.500000e+01 -1.470000e+01 3.375000e+01
      vertex 1.500000e+01 -1.245000e+01 2.265000e+00
      vertex 1.500000e+01 -1.245000e+01 3.178500e+01
    endloop
  endfacet
  facet normal 1.000000e+00 0.000000e+00 0.000000e+00
    outer loop
      vertex 1.500000e+01 -1.470000e+01 3.375000e+01
      vertex 1.500000e+01 -1.245000e+01 3.178500e+01
      vertex 1.500000e+01 -1.245000e+01 3.375000e+01
    endloop
  endfacet
  facet normal -7.071068e-01 7.071068e-01 0.000000e+00
    outer loop
      vertex -1.500000e+01 1.470000e+01 3.000000e-01
      vertex -1.500000e+01 1.470000e+01 3.375000e+01
      vertex -1.485000e+01 1.485000e+01 1.500000e-01
    endloop
  endfacet
  facet normal -7.071068e-01 7.071068e-01 0.000000e+00
    outer loop
      vertex -1.485000e+01 1.485000e+01 1.500000e-01
      vertex -1.500000e+01 1.470000e+01 3.375000e+01
      vertex -1.485000e+01 1.485000e+01 3.390000e+01
    endloop
  endfacet
  facet normal -7.071068e-01 7.071068e-01 0.000000e+00
    outer loop
      vertex -1.485000e+01 1.485000e+01 1.500000e-01
      vertex -1.485000e+01 1.485000e+01 3.390000e+01
      vertex -1.470000e+01 1.500000e+01 3.000000e-01
    endloop
  endfacet
  facet normal -7.071068e-01 7.071068e-01 0.000000e+00
    outer loop
      vertex -1.470000e+01 1.500000e+01 3.000000e-01
      vertex -1.485000e+01 1.485000e+01 3.390000e+01
      vertex -1.470000e+01 1.500000e+01 3.375000e+01
    endloop
  endfacet
  facet normal 0.000000e+00 5.436677e-14 -1.000000e+00
    outer loop
      vertex -1.275000e+01 1.275000e+01 0.000000e+00
      vertex -1.470000e+01 1.275000e+01 0.000000e+00
      vertex -1.275000e+01 1.470000e+01 1.060318e-13
    endloop
  endfacet
  facet normal 5.436677e-14 0.000000e+00 -1.000000e+00
    outer loop
      vertex -1.275000e+01 1.470000e+01 1.060318e-13
      vertex -1.470000e+01 1.275000e+01 0.000000e+00
      vertex -1.470000e+01 1.470000e+01 0.000000e+00
    endloop
  endfacet
  facet normal -5.436677e-14 0.000000e+00 -1.000000e+00
    outer loop
      vertex 1.470000e+01 -1.470000e+01 0.000000e+00
      vertex 1.275000e+01 -1.470000e+01 1.060318e-13
      vertex 1.470000e+01 -1.275000e+01 0.000000e+00
    endloop
  endfacet
  facet normal -5.436677e-14 0.000000e+00 -1.000000e+00
    outer loop
      vertex 1.470000e+01 -1.275000e+01 0.000000e+00
      vertex 1.275000e+01 -1.470000e+01 1.060318e-13
      vertex 1.275000e+01 -1.275000e+01 1.060318e-13
    endloop
  endfacet
  facet normal -7.071068e-01 -1.907125e-15 -7.071068e-01
    outer loop
      vertex -1.500000e+01 1.245000e+01 3.000000e-01
      vertex -1.500000e+01 1.470000e+01 3.000000e-01
      vertex -1.470000e+01 1.275000e+01 0.000000e+00
    endloop
  endfacet
  facet normal -7.071068e-01 0.000000e+00 -7.071068e-01
    outer loop
      vertex -1.470000e+01 1.275000e+01 0.000000e+00
      vertex -1.500000e+01 1.470000e+01 3.000000e-01
      vertex -1.485000e+01 1.485000e+01 1.500000e-01
    endloop
  endfacet
  facet normal -7.071068e-01 0.000000e+00 -7.071068e-01
    outer loop
      vertex -1.470000e+01 1.275000e+01 0.000000e+00
      vertex -1.485000e+01 1.485000e+01 1.500000e-01
      vertex -1.470000e+01 1.470000e+01 0.000000e+00
    endloop
  endfacet
  facet normal 0.000000e+00 0.000000e+00 1.000000e+00
    outer loop
      vertex 1.470000e+01 1.470000e+01 3.405000e+01
      vertex 1.275000e+01 1.470000e+01 3.405000e+01
      vertex 1.470000e+01 1.275000e+01 3.405000e+01
    endloop
  endfacet
  facet normal 0.000000e+00 0.000000e+00 1.000000e+00
    outer loop
      vertex 1.470000e+01 1.275000e+01 3.405000e+01
      vertex 1.275000e+01 1.470000e+01 3.405000e+01
      vertex 1.275000e+01 1.275000e+01 3.405000e+01
    endloop
  endfacet
  facet normal 7.071068e-01 0.000000e+00 7.071068e-01
    outer loop
      vertex 1.500000e+01 1.245000e+01 3.375000e+01
      vertex 1.500000e+01 1.470000e+01 3.375000e+01
      vertex 1.470000e+01 1.275000e+01 3.405000e+01
    endloop
  endfacet
  facet normal 7.071068e-01 0.000000e+00 7.071068e-01
    outer loop
      vertex 1.470000e+01 1.275000e+01 3.405000e+01
      vertex 1.500000e+01 1.470000e+01 3.375000e+01
      vertex 1.485000e+01 1.485000e+01 3.390000e+01
    endloop
  endfacet
  facet normal 7.071068e-01 0.000000e+00 7.071068e-01
    outer loop
      vertex 1.470000e+01 1.275000e+01 3.405000e+01
      vertex 1.485000e+01 1.485000e+01 3.390000e+01
      vertex 1.470000e+01 1.470000e+01 3.405000e+01
    endloop
  endfacet
  facet normal 7.071068e-01 7.071068e-01 0.000000e+00
    outer loop
      vertex 1.470000e+01 1.500000e+01 3.000000e-01
      vertex 1.470000e+01 1.500000e+01 3.375000e+01
      vertex 1.485000e+01 1.485000e+01 1.500000e-01
    endloop
  endfacet
  facet normal 7.071068e-01 7.071068e-01 0.000000e+00
    outer loop
      vertex 1.485000e+01 1.485000e+01 1.500000e-01
      vertex 1.470000e+01 1.500000e+01 3.375000e+01
      vertex 1.485000e+01 1.485000e+01 3.390000e+01
    endloop
  endfacet
  facet normal 7.071068e-01 7.071068e-01 0.000000e+00
    outer loop
      vertex 1.485000e+01 1.485000e+01 1.500000e-01
      vertex 1.485000e+01 1.485000e+01 3.390000e+01
      vertex 1.500000e+01 1.470000e+01 3.000000e-01
    endloop
  endfacet
  facet normal 7.071068e-01 7.071068e-01 0.000000e+00
    outer loop
      vertex 1.500000e+01 1.470000e+01 3.000000e-01
      vertex 1.485000e+01 1.485000e+01 3.390000e+01
      vertex 1.500000e+01 1.470000e+01 3.375000e+01
    endloop
  endfacet
  facet normal 0.000000e+00 0.000000e+00 -1.000000e+00
    outer loop
      vertex 1.275000e+01 1.470000e+01 0.000000e+00
      vertex 1.470000e+01 1.470000e+01 0.000000e+00
      vertex 1.275000e+01 1.275000e+01 0.000000e+00
    endloop
  endfacet
  facet normal 0.000000e+00 0.000000e+00 -1.000000e+00
    outer loop
      vertex 1.275000e+01 1.275000e+01 0.000000e+00
      vertex 1.470000e+01 1.470000e+01 0.000000e+00
      vertex 1.470000e+01 1.275000e+01 0.000000e+00
    endloop
  endfacet
  facet normal 7.071068e-01 0.000000e+00 -7.071068e-01
    outer loop
      vertex 1.470000e+01 1.275000e+01 0.000000e+00
      vertex 1.470000e+01 1.470000e+01 0.000000e+00
      vertex 1.500000e+01 1.245000e+01 3.000000e-01
    endloop
  endfacet
  facet normal 7.071068e-01 0.000000e+00 -7.071068e-01
    outer loop
      vertex 1.500000e+01 1.245000e+01 3.000000e-01
      vertex 1.470000e+01 1.470000e+01 0.000000e+00
      vertex 1.485000e+01 1.485000e+01 1.500000e-01
    endloop
  endfacet
  facet normal 7.071068e-01 0.000000e+00 -7.071068e-01
    outer loop
      vertex 1.500000e+01 1.245000e+01 3.000000e-01
      vertex 1.485000e+01 1.485000e+01 1.500000e-01
      vertex 1.500000e+01 1.470000e+01 3.000000e-01
    endloop
  endfacet
  facet normal 0.000000e+00 0.000000e+00 1.000000e+00
    outer loop
      vertex -1.275000e+01 1.470000e+01 3.405000e+01
      vertex -1.470000e+01 1.470000e+01 3.405000e+01
      vertex -1.275000e+01 1.275000e+01 3.405000e+01
    endloop
  endfacet
  facet normal 0.000000e+00 0.000000e+00 1.000000e+00
    outer loop
      vertex -1.275000e+01 1.275000e+01 3.405000e+01
      vertex -1.470000e+01 1.470000e+01 3.405000e+01
      vertex -1.470000e+01 1.275000e+01 3.405000e+01
    endloop
  endfacet
  facet normal -7.071068e-01 0.000000e+00 7.071068e-01
    outer loop
      vertex -1.470000e+01 1.275000e+01 3.405000e+01
      vertex -1.470000e+01 1.470000e+01 3.405000e+01
      vertex -1.500000e+01 1.245000e+01 3.375000e+01
    endloop
  endfacet
  facet normal -7.071068e-01 0.000000e+00 7.071068e-01
    outer loop
      vertex -1.500000e+01 1.245000e+01 3.375000e+01
      vertex -1.470000e+01 1.470000e+01 3.405000e+01
      vertex -1.485000e+01 1.485000e+01 3.390000e+01
    endloop
  endfacet
  facet normal -7.071068e-01 0.000000e+00 7.071068e-01
    outer loop
      vertex -1.500000e+01 1.245000e+01 3.375000e+01
      vertex -1.485000e+01 1.485000e+01 3.390000e+01
      vertex -1.500000e+01 1.470000e+01 3.375000e+01
    endloop
  endfacet
  facet normal 7.071068e-01 0.000000e+00 7.071068e-01
    outer loop
      vertex 1.470000e+01 -1.275000e+01 3.405000e+01
      vertex 1.470000e+01 -1.470000e+01 3.405000e+01
      vertex 1.500000e+01 -1.245000e+01 3.375000e+01
    endloop
  endfacet
  facet normal 7.071068e-01 0.000000e+00 7.071068e-01
    outer loop
      vertex 1.500000e+01 -1.245000e+01 3.375000e+01
      vertex 1.470000e+01 -1.470000e+01 3.405000e+01
      vertex 1.485000e+01 -1.485000e+01 3.390000e+01
    endloop
  endfacet
  facet normal 7.071068e-01 0.000000e+00 7.071068e-01
    outer loop
      vertex 1.500000e+01 -1.245000e+01 3.375000e+01
      vertex 1.485000e+01 -1.485000e+01 3.390000e+01
      vertex 1.500000e+01 -1.470000e+01 3.375000e+01
    endloop
  endfacet
  facet normal 7.071068e-01 0.000000e+00 -7.071068e-01
    outer loop
      vertex 1.500000e+01 -1.245000e+01 3.000000e-01
      vertex 1.500000e+01 -1.470000e+01 3.000000e-01
      vertex 1.470000e+01 -1.275000e+01 0.000000e+00
    endloop
  endfacet
  facet normal 7.071068e-01 0.000000e+00 -7.071068e-01
    outer loop
      vertex 1.470000e+01 -1.275000e+01 0.000000e+00
      vertex 1.500000e+01 -1.470000e+01 3.000000e-01
      vertex 1.485000e+01 -1.485000e+01 1.500000e-01
    endloop
  endfacet
  facet normal 7.071068e-01 0.000000e+00 -7.071068e-01
    outer loop
      vertex 1.470000e+01 -1.275000e+01 0.000000e+00
      vertex 1.485000e+01 -1.485000e+01 1.500000e-01
      vertex 1.470000e+01 -1.470000e+01 0.000000e+00
    endloop
  endfacet
  facet normal 0.000000e+00 0.000000e+00 1.000000e+00
    outer loop
      vertex 1.275000e+01 -1.470000e+01 3.405000e+01
      vertex 1.470000e+01 -1.470000e+01 3.405000e+01
      vertex 1.275000e+01 -1.275000e+01 3.405000e+01
    endloop
  endfacet
  facet normal 0.000000e+00 0.000000e+00 1.000000e+00
    outer loop
      vertex 1.275000e+01 -1.275000e+01 3.405000e+01
      vertex 1.470000e+01 -1.470000e+01 3.405000e+01
      vertex 1.470000e+01 -1.275000e+01 3.405000e+01
    endloop
  endfacet
  facet normal 7.071068e-01 -7.071068e-01 0.000000e+00
    outer loop
      vertex 1.500000e+01 -1.470000e+01 3.000000e-01
      vertex 1.500000e+01 -1.470000e+01 3.375000e+01
      vertex 1.485000e+01 -1.485000e+01 1.500000e-01
    endloop
  endfacet
  facet normal 7.071068e-01 -7.071068e-01 0.000000e+00
    outer loop
      vertex 1.485000e+01 -1.485000e+01 1.500000e-01
      vertex 1.500000e+01 -1.470000e+01 3.375000e+01
      vertex 1.485000e+01 -1.485000e+01 3.390000e+01
    endloop
  endfacet
  facet normal 7.071068e-01 -7.071068e-01 0.000000e+00
    outer loop
      vertex 1.485000e+01 -1.485000e+01 1.500000e-01
      vertex 1.485000e+01 -1.485000e+01 3.390000e+01
      vertex 1.470000e+01 -1.500000e+01 3.000000e-01
    endloop
  endfacet
  facet normal 7.071068e-01 -7.071068e-01 0.000000e+00
    outer loop
      vertex 1.470000e+01 -1.500000e+01 3.000000e-01
      vertex 1.485000e+01 -1.485000e+01 3.390000e+01
      vertex 1.470000e+01 -1.500000e+01 3.375000e+01
    endloop
  endfacet
  facet normal 0.000000e+00 0.000000e+00 -1.000000e+00
    outer loop
      vertex -1.275000e+01 -1.470000e+01 0.000000e+00
      vertex -1.470000e+01 -1.470000e+01 0.000000e+00
      vertex -1.275000e+01 -1.275000e+01 0.000000e+00
    endloop
  endfacet
  facet normal 0.000000e+00 0.000000e+00 -1.000000e+00
    outer loop
      vertex -1.275000e+01 -1.275000e+01 0.000000e+00
      vertex -1.470000e+01 -1.470000e+01 0.000000e+00
      vertex -1.470000e+01 -1.275000e+01 0.000000e+00
    endloop
  endfacet
  facet normal -7.071068e-01 0.000000e+00 -7.071068e-01
    outer loop
      vertex -1.470000e+01 -1.275000e+01 0.000000e+00
      vertex -1.470000e+01 -1.470000e+01 0.000000e+00
      vertex -1.500000e+01 -1.245000e+01 3.000000e-01
    endloop
  endfacet
  facet normal -7.071068e-01 0.000000e+00 -7.071068e-01
    outer loop
      vertex -1.500000e+01 -1.245000e+01 3.000000e-01
      vertex -1.470000e+01 -1.470000e+01 0.000000e+00
      vertex -1.485000e+01 -1.485000e+01 1.500000e-01
    endloop
  endfacet
  facet normal -7.071068e-01 0.000000e+00 -7.071068e-01
    outer loop
      vertex -1.500000e+01 -1.245000e+01 3.000000e-01
      vertex -1.485000e+01 -1.485000e+01 1.500000e-01
      vertex -1.500000e+01 -1.470000e+01 3.000000e-01
    endloop
  endfacet
  facet normal 0.000000e+00 0.000000e+00 1.000000e+00
    outer loop
      vertex -1.470000e+01 -1.470000e+01 3.405000e+01
      vertex -1.275000e+01 -1.470000e+01 3.405000e+01
      vertex -1.470000e+01 -1.275000e+01 3.405000e+01
    endloop
  endfacet
  facet normal 0.000000e+00 0.000000e+00 1.000000e+00
    outer loop
      vertex -1.470000e+01 -1.275000e+01 3.405000e+01
      vertex -1.275000e+01 -1.470000e+01 3.405000e+01
      vertex -1.275000e+01 -1.275000e+01 3.405000e+01
    endloop
  endfacet
  facet normal -7.071068e-01 -6.171641e-11 7.071068e-01
    outer loop
      vertex -1.500000e+01 -1.245000e+01 3.375000e+01
      vertex -1.500000e+01 -1.470000e+01 3.375000e+01
      vertex -1.470000e+01 -1.275000e+01 3.405000e+01
    endloop
  endfacet
  facet normal -7.071068e-01 0.000000e+00 7.071068e-01
    outer loop
      vertex -1.470000e+01 -1.275000e+01 3.405000e+01
      vertex -1.500000e+01 -1.470000e+01 3.375000e+01
      vertex -1.485000e+01 -1.485000e+01 3.390000e+01
    endloop
  endfacet
  facet normal -7.071068e-01 0.000000e+00 7.071068e-01
    outer loop
      vertex -1.470000e+01 -1.275000e+01 3.405000e+01
      vertex -1.485000e+01 -1.485000e+01 3.390000e+01
      vertex -1.470000e+01 -1.470000e+01 3.405000e+01
    endloop
  endfacet
  facet normal -7.071068e-01 -7.071068e-01 -0.000000e+00
    outer loop
      vertex -1.470000e+01 -1.500000e+01 3.000000e-01
      vertex -1.470000e+01 -1.500000e+01 3.375000e+01
      vertex -1.485000e+01 -1.485000e+01 1.500000e-01
    endloop
  endfacet
  facet normal -7.071068e-01 -7.071068e-01 0.000000e+00
    outer loop
      vertex -1.485000e+01 -1.485000e+01 1.500000e-01
      vertex -1.470000e+01 -1.500000e+01 3.375000e+01
      vertex -1.485000e+01 -1.485000e+01 3.390000e+01
    endloop
  endfacet
  facet normal -7.071068e-01 -7.071068e-01 -0.000000e+00
    outer loop
      vertex -1.485000e+01 -1.485000e+01 1.500000e-01
      vertex -1.485000e+01 -1.485000e+01 3.390000e+01
      vertex -1.500000e+01 -1.470000e+01 3.000000e-01
    endloop
  endfacet
  facet normal -7.071068e-01 -7.071068e-01 0.000000e+00
    outer loop
      vertex -1.500000e+01 -1.470000e+01 3.000000e-01
      vertex -1.485000e+01 -1.485000e+01 3.390000e+01
      vertex -1.500000e+01 -1.470000e+01 3.375000e+01
    endloop
  endfacet
endsolid Default
